"Date","observed","fundamental","deviation"
1980-03-25,99.19,110.950655737705,-11.7606557377049
1980-03-26,98.68,110.798852459016,-12.1188524590164
1980-03-27,98.22,110.675245901639,-12.4552459016393
1980-03-28,100.68,110.600819672131,-9.92081967213115
1980-03-31,102.09,110.528196721311,-8.43819672131147
1980-04-01,102.18,110.452295081967,-8.2722950819672
1980-04-02,102.68,110.349508196721,-7.66950819672131
1980-04-03,102.15,110.236393442623,-8.08639344262295
1980-04-04,102.15,110.109508196721,-7.9595081967213
1980-04-07,100.19,109.95,-9.76
1980-04-08,101.2,109.799508196721,-8.5995081967213
1980-04-09,103.11,109.667868852459,-6.55786885245902
1980-04-10,104.08,109.553606557377,-5.47360655737705
1980-04-11,103.79,109.440327868852,-5.65032786885246
1980-04-14,102.84,109.305409836066,-6.46540983606558
1980-04-15,102.63,109.149836065574,-6.51983606557377
1980-04-16,101.54,108.986393442623,-7.44639344262295
1980-04-17,101.05,108.783278688525,-7.73327868852459
1980-04-18,100.55,108.567704918033,-8.01770491803279
1980-04-21,99.8,108.34131147541,-8.54131147540984
1980-04-22,103.43,108.154098360656,-4.72409836065573
1980-04-23,103.73,107.984590163934,-4.25459016393442
1980-04-24,104.4,107.807540983607,-3.40754098360655
1980-04-25,105.16,107.66,-2.5
1980-04-28,105.64,107.504590163934,-1.86459016393442
1980-04-29,105.86,107.365081967213,-1.50508196721312
1980-04-30,106.29,107.227868852459,-0.937868852459019
1980-05-01,105.46,107.059672131148,-1.59967213114754
1980-05-02,105.58,106.884262295082,-1.30426229508197
1980-05-05,106.38,106.694590163934,-0.314590163934426
1980-05-06,106.25,106.516393442623,-0.266393442622956
1980-05-07,107.18,106.340655737705,0.839344262295086
1980-05-08,106.13,106.138852459016,-0.00885245901639564
1980-05-09,104.72,105.942131147541,-1.22213114754099
1980-05-12,104.78,105.767868852459,-0.987868852459016
1980-05-13,106.3,105.618524590164,0.681475409836068
1980-05-14,106.85,105.491475409836,1.35852459016392
1980-05-15,106.99,105.33606557377,1.6539344262295
1980-05-16,107.35,105.20606557377,2.14393442622951
1980-05-19,107.67,105.085245901639,2.58475409836066
1980-05-20,107.62,104.991639344262,2.62836065573771
1980-05-21,107.72,104.889016393443,2.83098360655738
1980-05-22,109.01,104.833770491803,4.17622950819673
1980-05-23,110.62,104.805409836066,5.81459016393443
1980-05-26,110.62,104.755573770492,5.8644262295082
1980-05-27,111.4,104.737540983607,6.66245901639344
1980-05-28,112.06,104.725737704918,7.33426229508197
1980-05-29,110.27,104.711639344262,5.5583606557377
1980-05-30,111.24,104.754098360656,6.48590163934425
1980-06-02,110.76,104.81737704918,5.94262295081968
1980-06-03,110.51,104.882950819672,5.62704918032787
1980-06-04,112.61,104.962131147541,7.64786885245901
1980-06-05,112.78,105.059016393443,7.72098360655738
1980-06-06,113.2,105.183278688525,8.01672131147541
1980-06-09,113.71,105.319016393443,8.39098360655737
1980-06-10,114.66,105.522295081967,9.13770491803278
1980-06-11,116.02,105.717704918033,10.3022950819672
1980-06-12,115.52,105.901475409836,9.61852459016393
1980-06-13,115.81,106.109508196721,9.7004918032787
1980-06-16,116.09,106.335409836066,9.75459016393442
1980-06-17,116.03,106.61,9.42
1980-06-18,116.26,106.889836065574,9.37016393442623
1980-06-19,114.66,107.151803278689,7.50819672131148
1980-06-20,114.06,107.411475409836,6.64852459016393
1980-06-23,114.51,107.638196721311,6.87180327868853
1980-06-24,115.14,107.852131147541,7.28786885245901
1980-06-25,116.72,108.090491803279,8.6295081967213
1980-06-26,116.19,108.311967213115,7.87803278688524
1980-06-27,116,108.539016393443,7.46098360655738
1980-06-30,114.24,108.737213114754,5.5027868852459
1980-07-01,114.93,108.978852459016,5.95114754098361
1980-07-02,115.68,109.216229508197,6.46377049180329
1980-07-03,117.46,109.451475409836,8.00852459016393
1980-07-04,117.46,109.670819672131,7.78918032786885
1980-07-07,118.29,109.908524590164,8.38147540983607
1980-07-08,117.84,110.154426229508,7.6855737704918
1980-07-09,117.98,110.40606557377,7.57393442622951
1980-07-10,116.95,110.65868852459,6.29131147540984
1980-07-11,117.84,110.93393442623,6.90606557377049
1980-07-14,120.01,111.252950819672,8.75704918032787
1980-07-15,119.3,111.57262295082,7.72737704918032
1980-07-16,119.63,111.838196721311,7.79180327868852
1980-07-17,121.44,112.128524590164,9.31147540983606
1980-07-18,122.04,112.417704918033,9.62229508196722
1980-07-21,122.51,112.702131147541,9.80786885245902
1980-07-22,122.19,112.973442622951,9.21655737704917
1980-07-23,121.93,113.236885245902,8.69311475409836
1980-07-24,121.79,113.490983606557,8.29901639344263
1980-07-25,120.78,113.742131147541,7.03786885245901
1980-07-28,121.43,114.001967213115,7.42803278688525
1980-07-29,122.4,114.264590163934,8.13540983606558
1980-07-30,122.23,114.526557377049,7.70344262295082
1980-07-31,121.67,114.764098360656,6.90590163934426
1980-08-01,121.21,115.01131147541,6.19868852459015
1980-08-04,120.98,115.277868852459,5.70213114754098
1980-08-05,120.74,115.539508196721,5.20049180327868
1980-08-06,121.55,115.789508196721,5.76049180327868
1980-08-07,123.3,116.059180327869,7.24081967213114
1980-08-08,123.61,116.331639344262,7.2783606557377
1980-08-11,124.78,116.61737704918,8.16262295081967
1980-08-12,123.79,116.881639344262,6.90836065573771
1980-08-13,123.28,117.138360655738,6.1416393442623
1980-08-14,125.25,117.425737704918,7.82426229508197
1980-08-15,125.72,117.699672131148,8.02032786885246
1980-08-18,123.39,117.909016393443,5.48098360655737
1980-08-19,122.6,118.105409836066,4.49459016393442
1980-08-20,123.77,118.308196721311,5.46180327868852
1980-08-21,125.46,118.527868852459,6.93213114754097
1980-08-22,126.02,118.78606557377,7.23393442622951
1980-08-25,125.16,119.014262295082,6.14573770491803
1980-08-26,124.84,119.245081967213,5.59491803278689
1980-08-27,123.52,119.458360655738,4.06163934426229
1980-08-28,122.08,119.613606557377,2.46639344262294
1980-08-29,122.38,119.770983606557,2.60901639344262
1980-09-01,122.38,119.921475409836,2.45852459016393
1980-09-02,123.74,120.085901639344,3.65409836065574
1980-09-03,126.12,120.273770491803,5.84622950819673
1980-09-04,125.42,120.427868852459,4.99213114754099
1980-09-05,124.88,120.58131147541,4.29868852459016
1980-09-08,123.31,120.704262295082,2.60573770491804
1980-09-09,124.07,120.835081967213,3.23491803278688
1980-09-10,124.81,120.979016393443,3.83098360655738
1980-09-11,125.66,121.133114754098,4.52688524590164
1980-09-12,125.54,121.311475409836,4.22852459016394
1980-09-15,125.67,121.501803278689,4.16819672131147
1980-09-16,126.74,121.702295081967,5.03770491803279
1980-09-17,128.87,121.92737704918,6.94262295081968
1980-09-18,128.4,122.118852459016,6.28114754098361
1980-09-19,129.25,122.332950819672,6.91704918032787
1980-09-22,130.4,122.569016393443,7.83098360655738
1980-09-23,129.43,122.818032786885,6.61196721311477
1980-09-24,130.37,123.071147540984,7.2988524590164
1980-09-25,128.72,123.284918032787,5.43508196721311
1980-09-26,126.35,123.430655737705,2.91934426229507
1980-09-29,123.54,123.530327868852,0.00967213114755339
1980-09-30,125.46,123.647868852459,1.81213114754098
1980-10-01,127.13,123.800163934426,3.32983606557377
1980-10-02,128.09,123.965901639344,4.12409836065574
1980-10-03,129.33,124.168852459016,5.16114754098362
1980-10-06,131.73,124.396557377049,7.33344262295081
1980-10-07,131,124.576721311475,6.42327868852459
1980-10-08,131.65,124.779180327869,6.87081967213115
1980-10-09,131.04,124.966229508197,6.07377049180327
1980-10-10,130.29,125.11131147541,5.17868852459016
1980-10-13,132.03,125.275081967213,6.75491803278689
1980-10-14,132.02,125.430983606557,6.58901639344263
1980-10-15,133.7,125.619672131148,8.08032786885245
1980-10-16,132.22,125.788360655738,6.43163934426229
1980-10-17,131.52,125.947868852459,5.572131147541
1980-10-20,132.61,126.141803278689,6.46819672131149
1980-10-21,131.84,126.312459016393,5.52754098360656
1980-10-22,131.92,126.468524590164,5.45147540983605
1980-10-23,129.53,126.588196721311,2.94180327868852
1980-10-24,129.85,126.722295081967,3.12770491803278
1980-10-27,127.88,126.831639344262,1.0483606557377
1980-10-28,128.05,126.947540983607,1.10245901639345
1980-10-29,127.91,127.065081967213,0.844918032786879
1980-10-30,126.29,127.142786885246,-0.852786885245891
1980-10-31,127.47,127.211147540984,0.258852459016396
1980-11-03,129.04,127.300163934426,1.73983606557377
1980-11-04,129.04,127.37,1.66999999999999
1980-11-05,131.33,127.493606557377,3.83639344262296
1980-11-06,128.91,127.585901639344,1.32409836065574
1980-11-07,129.18,127.650327868852,1.52967213114755
1980-11-10,129.48,127.711967213115,1.76803278688524
1980-11-11,131.26,127.840983606557,3.41901639344262
1980-11-12,134.59,128.037540983607,6.55245901639344
1980-11-13,136.49,128.24606557377,8.24393442622952
1980-11-14,137.15,128.437704918033,8.71229508196723
1980-11-17,137.75,128.63,9.12
1980-11-18,139.7,128.868360655738,10.8316393442623
1980-11-19,139.06,129.101475409836,9.95852459016393
1980-11-20,140.4,129.378196721311,11.0218032786885
1980-11-21,139.11,129.65737704918,9.45262295081969
1980-11-24,138.31,129.918524590164,8.39147540983606
1980-11-25,139.33,130.196393442623,9.13360655737705
1980-11-26,140.17,130.465737704918,9.70426229508195
1980-11-27,140.17,130.69606557377,9.4739344262295
1980-11-28,140.52,130.943606557377,9.57639344262296
1980-12-01,137.21,131.145737704918,6.06426229508199
1980-12-02,136.97,131.369672131148,5.60032786885245
1980-12-03,136.71,131.576885245902,5.13311475409836
1980-12-04,136.48,131.768196721311,4.71180327868851
1980-12-05,134.03,131.905409836066,2.12459016393441
1980-12-08,130.61,131.988524590164,-1.37852459016392
1980-12-09,130.48,132.06737704918,-1.58737704918033
1980-12-10,128.26,132.092295081967,-3.83229508196723
1980-12-11,127.36,132.067540983607,-4.70754098360656
1980-12-12,129.23,132.081147540984,-2.85114754098362
1980-12-15,129.45,132.084426229508,-2.63442622950822
1980-12-16,130.6,132.087704918033,-1.48770491803279
1980-12-17,132.89,132.144426229508,0.745573770491802
1980-12-18,133,132.187540983607,0.812459016393433
1980-12-19,133.7,132.269180327869,1.43081967213115
1980-12-22,135.78,132.423770491803,3.35622950819672
1980-12-23,135.3,132.616557377049,2.68344262295082
1980-12-24,135.88,132.78737704918,3.09262295081967
1980-12-25,135.88,132.930819672131,2.94918032786885
1980-12-26,136.57,133.069836065574,3.50016393442621
1980-12-29,135.03,133.163278688525,1.8667213114754
1980-12-30,135.33,133.222295081967,2.10770491803279
1980-12-31,135.76,133.300327868852,2.45967213114753
1981-01-01,135.76,133.367704918033,2.39229508196721
1981-01-02,136.34,133.454590163934,2.88540983606558
1981-01-05,137.97,133.580491803279,4.38950819672132
1981-01-06,138.12,133.680327868852,4.43967213114755
1981-01-07,135.08,133.730491803279,1.34950819672133
1981-01-08,133.06,133.72,-0.659999999999997
1981-01-09,133.48,133.740655737705,-0.260655737704923
1981-01-12,133.52,133.773442622951,-0.253442622950814
1981-01-13,133.29,133.784590163934,-0.494590163934447
1981-01-14,133.47,133.81131147541,-0.341311475409839
1981-01-15,134.22,133.849016393443,0.370983606557388
1981-01-16,134.77,133.934918032787,0.835081967213114
1981-01-19,134.37,134.009016393443,0.360983606557369
1981-01-20,131.65,134.070819672131,-2.42081967213113
1981-01-21,131.36,134.125081967213,-2.76508196721309
1981-01-22,130.26,134.163606557377,-3.90360655737706
1981-01-23,130.23,134.228196721311,-3.99819672131147
1981-01-26,129.84,134.267049180328,-4.42704918032786
1981-01-27,131.12,134.301147540984,-3.1811475409836
1981-01-28,130.34,134.322459016393,-3.98245901639345
1981-01-29,130.24,134.304590163934,-4.06459016393441
1981-01-30,129.55,134.315081967213,-4.76508196721309
1981-02-02,126.91,134.277868852459,-7.36786885245903
1981-02-03,128.46,134.261147540984,-5.80114754098361
1981-02-04,128.59,134.21737704918,-5.62737704918032
1981-02-05,129.63,134.13606557377,-4.50606557377048
1981-02-06,130.6,134.039508196721,-3.43950819672131
1981-02-09,129.27,133.910327868852,-4.64032786885244
1981-02-10,129.24,133.770819672131,-4.53081967213114
1981-02-11,128.24,133.582950819672,-5.34295081967213
1981-02-12,127.48,133.393114754098,-5.91311475409834
1981-02-13,126.98,133.173114754098,-6.19311475409835
1981-02-16,126.98,132.974262295082,-5.99426229508195
1981-02-17,127.81,132.802131147541,-4.99213114754099
1981-02-18,128.48,132.624262295082,-4.14426229508197
1981-02-19,126.61,132.401967213115,-5.79196721311475
1981-02-20,126.58,132.179180327869,-5.59918032786886
1981-02-23,127.35,131.963278688525,-4.61327868852459
1981-02-24,127.39,131.802295081967,-4.4122950819672
1981-02-25,128.52,131.663770491803,-3.14377049180328
1981-02-26,130.1,131.555409836066,-1.45540983606557
1981-02-27,131.27,131.47,-0.199999999999989
1981-03-02,132.01,131.436885245902,0.573114754098356
1981-03-03,130.56,131.43606557377,-0.876065573770489
1981-03-04,130.86,131.442295081967,-0.582295081967203
1981-03-05,129.93,131.469672131148,-1.53967213114754
1981-03-06,129.85,131.510491803279,-1.66049180327869
1981-03-09,131.12,131.541475409836,-0.421475409836063
1981-03-10,130.46,131.558032786885,-1.09803278688523
1981-03-11,129.95,131.54737704918,-1.59737704918035
1981-03-12,133.19,131.552295081967,1.6377049180328
1981-03-13,133.11,131.554098360656,1.55590163934428
1981-03-16,134.68,131.570163934426,3.10983606557377
1981-03-17,133.92,131.539672131148,2.38032786885245
1981-03-18,134.22,131.521967213115,2.69803278688525
1981-03-19,133.46,131.482295081967,1.9777049180328
1981-03-20,134.08,131.452786885246,2.62721311475411
1981-03-23,135.69,131.438360655738,4.25163934426229
1981-03-24,134.67,131.432459016393,3.23754098360655
1981-03-25,137.11,131.461639344262,5.64836065573772
1981-03-26,136.27,131.47,4.80000000000001
1981-03-27,134.65,131.451803278689,3.19819672131149
1981-03-30,134.28,131.418032786885,2.86196721311475
1981-03-31,136,131.385737704918,4.61426229508197
1981-04-01,136.57,131.360327868852,5.20967213114753
1981-04-02,136.32,131.380655737705,4.93934426229507
1981-04-03,135.49,131.420491803279,4.06950819672133
1981-04-06,133.93,131.427868852459,2.50213114754098
1981-04-07,133.91,131.434262295082,2.47573770491803
1981-04-08,134.31,131.450983606557,2.85901639344263
1981-04-09,134.67,131.470655737705,3.19934426229506
1981-04-10,134.51,131.475409836066,3.03459016393441
1981-04-13,133.15,131.448852459016,1.70114754098361
1981-04-14,132.68,131.421147540984,1.2588524590164
1981-04-15,134.17,131.462459016393,2.70754098360655
1981-04-16,134.7,131.517213114754,3.18278688524589
1981-04-17,134.7,131.59,3.10999999999999
1981-04-20,135.45,131.675573770492,3.77442622950818
1981-04-21,134.23,131.747540983607,2.48245901639342
1981-04-22,134.14,131.797049180328,2.34295081967213
1981-04-23,133.94,131.85606557377,2.08393442622952
1981-04-24,135.14,131.936393442623,3.20360655737704
1981-04-27,135.48,132.033606557377,3.44639344262293
1981-04-28,134.33,132.155245901639,2.17475409836067
1981-04-29,133.05,132.230491803279,0.81950819672133
1981-04-30,132.81,132.299672131148,0.510327868852471
1981-05-01,132.72,132.350327868852,0.369672131147553
1981-05-04,130.67,132.351475409836,-1.68147540983608
1981-05-05,130.32,132.36868852459,-2.04868852459018
1981-05-06,130.78,132.39393442623,-1.61393442622952
1981-05-07,131.67,132.450163934426,-0.780163934426241
1981-05-08,131.66,132.51868852459,-0.858688524590178
1981-05-11,129.71,132.563442622951,-2.85344262295081
1981-05-12,130.72,132.624754098361,-1.90475409836066
1981-05-13,130.55,132.669672131148,-2.11967213114752
1981-05-14,131.28,132.715573770492,-1.4355737704918
1981-05-15,132.17,132.806721311475,-0.636721311475412
1981-05-18,132.54,132.904426229508,-0.364426229508211
1981-05-19,132.09,132.982131147541,-0.892131147540994
1981-05-20,132,133.057704918033,-1.05770491803278
1981-05-21,131.75,133.110655737705,-1.36065573770492
1981-05-22,131.33,133.130819672131,-1.80081967213113
1981-05-25,131.33,133.131803278689,-1.80180327868851
1981-05-26,132.77,133.144262295082,-0.374262295081962
1981-05-27,133.77,133.196885245902,0.573114754098384
1981-05-28,133.45,133.239344262295,0.210655737704911
1981-05-29,132.59,133.282950819672,-0.69295081967212
1981-06-01,132.41,133.324918032787,-0.914918032786886
1981-06-02,130.62,133.316721311475,-2.69672131147541
1981-06-03,130.71,133.320819672131,-2.61081967213113
1981-06-04,130.96,133.33737704918,-2.37737704918032
1981-06-05,132.22,133.321475409836,-1.10147540983607
1981-06-08,132.24,133.307213114754,-1.06721311475408
1981-06-09,131.97,133.262786885246,-1.2927868852459
1981-06-10,132.32,133.236557377049,-0.916557377049173
1981-06-11,133.75,133.228852459016,0.521147540983605
1981-06-12,133.49,133.229344262295,0.260655737704923
1981-06-15,133.61,133.221639344262,0.388360655737728
1981-06-16,132.15,133.163606557377,-1.01360655737705
1981-06-17,133.32,133.141475409836,0.178524590163931
1981-06-18,131.64,133.051803278689,-1.41180327868852
1981-06-19,132.27,132.986229508197,-0.716229508196705
1981-06-22,131.95,132.941967213115,-0.991967213114776
1981-06-23,133.35,132.926721311475,0.42327868852459
1981-06-24,132.66,132.871967213115,-0.211967213114747
1981-06-25,132.81,132.810327868852,-0.000327868852451729
1981-06-26,132.56,132.74868852459,-0.188688524590162
1981-06-29,131.89,132.689672131148,-0.79967213114756
1981-06-30,131.21,132.645081967213,-1.43508196721311
1981-07-01,129.77,132.577213114754,-2.80721311475409
1981-07-02,128.64,132.484262295082,-3.84426229508199
1981-07-03,128.64,132.385409836066,-3.74540983606559
1981-07-06,127.37,132.268360655738,-4.89836065573769
1981-07-07,128.24,132.187868852459,-3.94786885245901
1981-07-08,128.32,132.116393442623,-3.79639344262296
1981-07-09,129.3,132.036557377049,-2.73655737704917
1981-07-10,129.37,131.949180327869,-2.57918032786884
1981-07-13,129.64,131.866229508197,-2.22622950819672
1981-07-14,129.65,131.771147540984,-2.1211475409836
1981-07-15,130.23,131.705573770492,-1.47557377049182
1981-07-16,130.34,131.643278688525,-1.30327868852459
1981-07-17,130.76,131.591147540984,-0.831147540983608
1981-07-20,128.72,131.485901639344,-2.76590163934426
1981-07-21,128.34,131.368852459016,-3.02885245901638
1981-07-22,127.13,131.250819672131,-4.12081967213115
1981-07-23,127.4,131.158196721311,-3.75819672131146
1981-07-24,128.46,131.086885245902,-2.62688524590163
1981-07-27,129.9,131.040655737705,-1.14065573770492
1981-07-28,129.14,131.015573770492,-1.87557377049183
1981-07-29,129.16,130.996557377049,-1.83655737704919
1981-07-30,130.01,130.98393442623,-0.973934426229505
1981-07-31,130.92,130.971639344262,-0.0516393442622984
1981-08-03,130.48,130.952295081967,-0.472295081967218
1981-08-04,131.18,130.976393442623,0.203606557377043
1981-08-05,132.67,131.008360655738,1.66163934426228
1981-08-06,132.64,131.04262295082,1.59737704918032
1981-08-07,131.75,131.050327868852,0.699672131147537
1981-08-10,132.54,131.056393442623,1.48360655737704
1981-08-11,133.85,131.077868852459,2.77213114754099
1981-08-12,133.4,131.099344262295,2.30065573770491
1981-08-13,133.51,131.124098360656,2.38590163934424
1981-08-14,132.49,131.136229508197,1.35377049180329
1981-08-17,131.22,131.134426229508,0.0855737704918056
1981-08-18,130.11,131.114426229508,-1.00442622950817
1981-08-19,130.49,131.077049180328,-0.587049180327853
1981-08-20,130.69,131.026557377049,-0.336557377049189
1981-08-21,129.23,130.95737704918,-1.72737704918035
1981-08-24,125.5,130.841147540984,-5.3411475409836
1981-08-25,125.13,130.721803278689,-5.59180327868853
1981-08-26,124.96,130.629016393443,-5.66901639344262
1981-08-27,123.51,130.510983606557,-7.00098360655737
1981-08-28,124.08,130.398196721311,-6.31819672131148
1981-08-31,122.79,130.243606557377,-7.45360655737703
1981-09-01,123.02,130.092459016393,-7.07245901639344
1981-09-02,123.49,129.953442622951,-6.46344262295084
1981-09-03,121.24,129.771803278689,-8.53180327868854
1981-09-04,120.07,129.547540983607,-9.47754098360656
1981-09-07,120.07,129.327540983607,-9.25754098360656
1981-09-08,117.98,129.07131147541,-11.0913114754098
1981-09-09,118.4,128.845901639344,-10.4459016393442
1981-09-10,120.14,128.629836065574,-8.48983606557375
1981-09-11,121.61,128.465409836066,-6.85540983606556
1981-09-14,120.66,128.275081967213,-7.61508196721311
1981-09-15,119.77,128.075409836066,-8.30540983606558
1981-09-16,118.87,127.838032786885,-8.96803278688525
1981-09-17,117.15,127.583770491803,-10.4337704918033
1981-09-18,116.26,127.312459016393,-11.0524590163934
1981-09-21,117.24,127.06131147541,-9.82131147540984
1981-09-22,116.68,126.811967213115,-10.1319672131147
1981-09-23,115.65,126.556885245902,-10.9068852459016
1981-09-24,115.01,126.314918032787,-11.3049180327869
1981-09-25,112.77,126.054754098361,-13.2847540983607
1981-09-28,115.53,125.839836065574,-10.3098360655738
1981-09-29,115.94,125.652459016393,-9.71245901639344
1981-09-30,116.18,125.454754098361,-9.27475409836065
1981-10-01,117.08,125.270491803279,-8.19049180327869
1981-10-02,119.36,125.107540983607,-5.74754098360656
1981-10-05,119.51,124.945901639344,-5.43590163934425
1981-10-06,119.39,124.777868852459,-5.38786885245902
1981-10-07,121.31,124.641147540984,-3.33114754098361
1981-10-08,122.31,124.51131147541,-2.20131147540984
1981-10-09,121.45,124.365573770492,-2.9155737704918
1981-10-12,121.21,124.209016393443,-2.99901639344263
1981-10-13,120.78,124.078852459016,-3.29885245901639
1981-10-14,118.8,123.922459016393,-5.12245901639345
1981-10-15,119.71,123.800819672131,-4.09081967213116
1981-10-16,119.19,123.666229508197,-4.47622950819672
1981-10-19,118.98,123.510819672131,-4.53081967213114
1981-10-20,120.28,123.353114754098,-3.07311475409836
1981-10-21,120.1,123.204918032787,-3.10491803278688
1981-10-22,119.64,123.048852459016,-3.40885245901639
1981-10-23,118.6,122.861803278689,-4.26180327868853
1981-10-26,118.16,122.65262295082,-4.49262295081968
1981-10-27,119.29,122.469180327869,-3.17918032786885
1981-10-28,119.45,122.276885245902,-2.82688524590164
1981-10-29,119.06,122.053770491803,-2.99377049180328
1981-10-30,121.89,121.877540983607,0.0124590163934499
1981-11-02,124.2,121.753770491803,2.44622950819672
1981-11-03,124.8,121.626885245902,3.17311475409836
1981-11-04,124.74,121.477540983607,3.26245901639344
1981-11-05,123.54,121.315901639344,2.22409836065574
1981-11-06,122.67,121.138196721311,1.53180327868853
1981-11-09,123.29,120.98737704918,2.30262295081968
1981-11-10,122.7,120.847704918033,1.85229508196721
1981-11-11,122.92,120.729836065574,2.19016393442624
1981-11-12,123.19,120.610163934426,2.57983606557377
1981-11-13,121.67,120.462295081967,1.20770491803279
1981-11-16,120.24,120.314918032787,-0.074918032786897
1981-11-17,121.15,120.243606557377,0.906393442622957
1981-11-18,120.26,120.163770491803,0.0962295081967284
1981-11-19,120.71,120.094098360656,0.615901639344258
1981-11-20,121.71,120.064590163934,1.64540983606557
1981-11-23,121.6,120.02393442623,1.57606557377049
1981-11-24,123.51,120.035737704918,3.47426229508197
1981-11-25,124.05,120.05262295082,3.99737704918033
1981-11-26,124.05,120.061803278689,3.98819672131147
1981-11-27,125.09,120.124918032787,4.96508196721312
1981-11-30,126.35,120.227868852459,6.12213114754098
1981-12-01,126.1,120.326721311475,5.77327868852458
1981-12-02,124.69,120.436721311475,4.25327868852459
1981-12-03,125.12,120.546885245902,4.57311475409837
1981-12-04,126.26,120.647213114754,5.61278688524591
1981-12-07,125.19,120.705901639344,4.48409836065574
1981-12-08,124.82,120.774098360656,4.04590163934425
1981-12-09,125.48,120.867704918033,4.61229508196722
1981-12-10,125.71,120.979836065574,4.73016393442623
1981-12-11,124.93,121.10737704918,3.82262295081968
1981-12-14,122.78,121.214262295082,1.56573770491804
1981-12-15,122.99,121.308524590164,1.68147540983605
1981-12-16,122.42,121.40262295082,1.01737704918033
1981-12-17,123.12,121.525081967213,1.59491803278689
1981-12-18,124,121.672459016393,2.32754098360655
1981-12-21,123.34,121.845737704918,1.49426229508197
1981-12-22,122.88,121.966229508197,0.913770491803277
1981-12-23,122.31,122.070655737705,0.239344262295077
1981-12-24,122.54,122.174918032787,0.365081967213115
1981-12-25,122.54,122.264426229508,0.275573770491803
1981-12-28,122.27,122.312131147541,-0.0421311475409851
1981-12-29,121.67,122.347540983607,-0.677540983606562
1981-12-30,122.3,122.395245901639,-0.0952459016393448
1981-12-31,122.55,122.415573770492,0.134426229508193
1982-01-01,122.55,122.419508196721,0.130491803278687
1982-01-04,122.74,122.440655737705,0.29934426229508
1982-01-05,120.05,122.421639344262,-2.37163934426229
1982-01-06,119.18,122.395409836066,-3.21540983606556
1982-01-07,118.93,122.397540983607,-3.46754098360655
1982-01-08,119.55,122.394918032787,-2.84491803278689
1982-01-11,116.78,122.355409836066,-5.57540983606557
1982-01-12,116.3,122.311475409836,-6.01147540983607
1982-01-13,114.88,122.222950819672,-7.34295081967214
1982-01-14,115.54,122.148196721311,-6.60819672131147
1982-01-15,116.33,122.09393442623,-5.76393442622951
1982-01-18,117.22,122.07131147541,-4.85131147540984
1982-01-19,115.97,122.035409836066,-6.06540983606557
1982-01-20,115.27,121.969508196721,-6.69950819672131
1982-01-21,115.75,121.908852459016,-6.15885245901639
1982-01-22,115.38,121.848524590164,-6.46852459016394
1982-01-25,115.41,121.742295081967,-6.33229508196722
1982-01-26,115.19,121.594590163934,-6.40459016393443
1982-01-27,115.74,121.44606557377,-5.7060655737705
1982-01-28,118.92,121.350655737705,-2.43065573770491
1982-01-29,120.4,121.299180327869,-0.899180327868848
1982-02-01,117.78,121.219016393443,-3.43901639344263
1982-02-02,118.01,121.132459016393,-3.12245901639344
1982-02-03,116.48,121.030491803279,-4.55049180327869
1982-02-04,116.42,120.92393442623,-4.50393442622951
1982-02-05,117.26,120.826721311475,-3.5667213114754
1982-02-08,114.63,120.71131147541,-6.08131147540983
1982-02-09,113.68,120.603770491803,-6.92377049180327
1982-02-10,114.66,120.49737704918,-5.83737704918033
1982-02-11,114.43,120.401803278689,-5.97180327868851
1982-02-12,114.38,120.298032786885,-5.91803278688525
1982-02-15,114.38,120.177868852459,-5.79786885245902
1982-02-16,114.06,120.054262295082,-5.99426229508197
1982-02-17,113.69,119.893278688525,-6.20327868852459
1982-02-18,113.82,119.725573770492,-5.90557377049181
1982-02-19,113.22,119.548032786885,-6.32803278688525
1982-02-22,111.59,119.326721311475,-7.73672131147541
1982-02-23,111.51,119.083442622951,-7.57344262295082
1982-02-24,113.47,118.876393442623,-5.40639344262296
1982-02-25,113.21,118.688196721311,-5.47819672131148
1982-02-26,113.1,118.491147540984,-5.39114754098361
1982-03-01,113.31,118.278852459016,-4.96885245901639
1982-03-02,112.68,118.073770491803,-5.39377049180327
1982-03-03,110.92,117.845901639344,-6.92590163934426
1982-03-04,109.88,117.590163934426,-7.71016393442623
1982-03-05,109.34,117.321803278689,-7.98180327868852
1982-03-08,107.34,117.033442622951,-9.69344262295081
1982-03-09,108.83,116.804754098361,-7.97475409836066
1982-03-10,109.41,116.582131147541,-7.17213114754098
1982-03-11,109.36,116.368032786885,-7.00803278688525
1982-03-12,108.61,116.130163934426,-7.52016393442624
1982-03-15,109.45,115.891639344262,-6.4416393442623
1982-03-16,109.28,115.661147540984,-6.3811475409836
1982-03-17,109.08,115.434918032787,-6.35491803278688
1982-03-18,110.3,115.238032786885,-4.93803278688524
1982-03-19,110.61,115.042459016393,-4.43245901639344
1982-03-22,112.77,114.882295081967,-2.11229508196722
1982-03-23,113.55,114.739344262295,-1.18934426229508
1982-03-24,112.97,114.596721311475,-1.62672131147541
1982-03-25,113.21,114.447704918033,-1.23770491803279
1982-03-26,111.94,114.273770491803,-2.33377049180328
1982-03-29,112.3,114.105737704918,-1.80573770491803
1982-03-30,112.27,113.934098360656,-1.66409836065574
1982-03-31,111.96,113.801475409836,-1.84147540983606
1982-04-01,113.79,113.713114754098,0.07688524590165
1982-04-02,115.12,113.650655737705,1.46934426229508
1982-04-05,114.73,113.571639344262,1.15836065573771
1982-04-06,115.36,113.548360655738,1.81163934426229
1982-04-07,115.46,113.534590163934,1.92540983606557
1982-04-08,116.22,113.556557377049,2.66344262295083
1982-04-09,116.22,113.567704918033,2.65229508196721
1982-04-12,116,113.562295081967,2.43770491803279
1982-04-13,115.99,113.542131147541,2.44786885245901
1982-04-14,115.83,113.539836065574,2.29016393442623
1982-04-15,116.35,113.557540983607,2.79245901639344
1982-04-16,116.81,113.574918032787,3.23508196721312
1982-04-19,116.7,113.596557377049,3.10344262295082
1982-04-20,115.44,113.597049180328,1.84295081967213
1982-04-21,115.72,113.605737704918,2.11426229508197
1982-04-22,117.19,113.629508196721,3.56049180327868
1982-04-23,118.64,113.624918032787,5.01508196721312
1982-04-26,119.26,113.606229508197,5.65377049180329
1982-04-27,118,113.609836065574,4.39016393442623
1982-04-28,117.26,113.597540983607,3.66245901639344
1982-04-29,116.13,113.591803278689,2.53819672131146
1982-04-30,116.4,113.591475409836,2.80852459016394
1982-05-03,116.81,113.584098360656,3.22590163934427
1982-05-04,117.46,113.630491803279,3.82950819672131
1982-05-05,117.67,113.695901639344,3.97409836065574
1982-05-06,118.68,113.761803278689,4.91819672131149
1982-05-07,119.47,113.844426229508,5.6255737704918
1982-05-10,118.38,113.91,4.47
1982-05-11,119.42,113.99262295082,5.42737704918034
1982-05-12,119.17,114.076393442623,5.09360655737706
1982-05-13,118.22,114.150655737705,4.06934426229508
1982-05-14,118.01,114.219344262295,3.79065573770492
1982-05-17,116.71,114.276557377049,2.43344262295081
1982-05-18,115.84,114.346229508197,1.49377049180329
1982-05-19,114.89,114.401639344262,0.488360655737708
1982-05-20,114.59,114.42,0.170000000000002
1982-05-21,114.89,114.447540983607,0.442459016393443
1982-05-24,114.79,114.475245901639,0.314754098360666
1982-05-25,114.4,114.493114754098,-0.0931147540983517
1982-05-26,113.11,114.500163934426,-1.39016393442623
1982-05-27,112.66,114.52868852459,-1.86868852459017
1982-05-28,111.88,114.561475409836,-2.68147540983607
1982-05-31,111.88,114.603114754098,-2.72311475409836
1982-06-01,111.68,114.674262295082,-2.99426229508197
1982-06-02,112.04,114.726885245902,-2.68688524590164
1982-06-03,111.86,114.767049180328,-2.90704918032787
1982-06-04,110.09,114.779016393443,-4.68901639344261
1982-06-07,110.12,114.803770491803,-4.68377049180327
1982-06-08,109.63,114.806721311475,-5.17672131147542
1982-06-09,108.99,114.801967213115,-5.81196721311476
1982-06-10,109.61,114.810655737705,-5.20065573770492
1982-06-11,111.24,114.82606557377,-3.5860655737705
1982-06-14,109.96,114.815409836066,-4.85540983606558
1982-06-15,109.69,114.764918032787,-5.07491803278688
1982-06-16,108.87,114.688196721311,-5.81819672131147
1982-06-17,107.6,114.600163934426,-7.00016393442624
1982-06-18,107.28,114.502950819672,-7.22295081967214
1982-06-21,107.2,114.425245901639,-7.22524590163934
1982-06-22,108.3,114.359672131148,-6.05967213114755
1982-06-23,110.14,114.324754098361,-4.18475409836066
1982-06-24,109.83,114.289836065574,-4.45983606557377
1982-06-25,109.14,114.213606557377,-5.07360655737705
1982-06-28,110.26,114.13393442623,-3.8739344262295
1982-06-29,110.21,114.059836065574,-3.84983606557378
1982-06-30,109.6,113.965409836066,-4.36540983606558
1982-07-01,108.71,113.854754098361,-5.14475409836066
1982-07-02,107.65,113.714262295082,-6.06426229508196
1982-07-05,107.65,113.573770491803,-5.92377049180327
1982-07-06,107.29,113.430983606557,-6.14098360655737
1982-07-07,107.22,113.287213114754,-6.0672131147541
1982-07-08,107.53,113.151147540984,-5.6211475409836
1982-07-09,108.83,113.027868852459,-4.19786885245902
1982-07-12,109.57,112.909180327869,-3.33918032786886
1982-07-13,109.45,112.790327868852,-3.34032786885246
1982-07-14,110.44,112.708360655738,-2.26836065573771
1982-07-15,110.47,112.622295081967,-2.15229508196721
1982-07-16,111.07,112.521967213115,-1.45196721311476
1982-07-19,110.73,112.392295081967,-1.66229508196722
1982-07-20,111.54,112.265737704918,-0.725737704918032
1982-07-21,111.42,112.157868852459,-0.737868852459016
1982-07-22,111.47,112.062950819672,-0.592950819672126
1982-07-23,111.17,111.981639344262,-0.811639344262289
1982-07-26,110.36,111.88262295082,-1.52262295081967
1982-07-27,109.43,111.761639344262,-2.33163934426229
1982-07-28,107.73,111.602131147541,-3.87213114754098
1982-07-29,107.72,111.439016393443,-3.71901639344263
1982-07-30,107.09,111.249016393443,-4.15901639344261
1982-08-02,108.98,111.077049180328,-2.09704918032787
1982-08-03,107.83,110.904098360656,-3.07409836065574
1982-08-04,106.14,110.686393442623,-4.54639344262296
1982-08-05,105.16,110.456721311475,-5.29672131147541
1982-08-06,103.71,110.218852459016,-6.5088524590164
1982-08-09,103.08,109.974098360656,-6.89409836065573
1982-08-10,102.84,109.746721311475,-6.90672131147541
1982-08-11,102.6,109.529672131148,-6.92967213114754
1982-08-12,102.42,109.325245901639,-6.90524590163935
1982-08-13,103.85,109.149180327869,-5.29918032786885
1982-08-16,104.09,108.972131147541,-4.88213114754097
1982-08-17,109.04,108.877868852459,0.16213114754099
1982-08-18,108.53,108.781639344262,-0.251639344262287
1982-08-19,109.16,108.716885245902,0.44311475409836
1982-08-20,113.02,108.722786885246,4.2972131147541
1982-08-23,116.11,108.792131147541,7.31786885245901
1982-08-24,115.34,108.848852459016,6.4911475409836
1982-08-25,117.58,108.945573770492,8.63442622950819
1982-08-26,118.55,109.052295081967,9.49770491803278
1982-08-27,117.11,109.138360655738,7.9716393442623
1982-08-30,117.66,109.262459016393,8.39754098360656
1982-08-31,119.51,109.416393442623,10.0936065573771
1982-09-01,118.25,109.557704918033,8.69229508196722
1982-09-02,120.28,109.742786885246,10.5372131147541
1982-09-03,122.68,109.957049180328,12.7229508196721
1982-09-06,122.68,110.144590163934,12.5354098360656
1982-09-07,121.37,110.331639344262,11.0383606557377
1982-09-08,122.2,110.536721311475,11.6632786885246
1982-09-09,121.97,110.751475409836,11.2185245901639
1982-09-10,120.97,110.970655737705,9.99934426229508
1982-09-13,122.24,111.215901639344,11.0240983606557
1982-09-14,123.1,111.476557377049,11.6234426229508
1982-09-15,124.29,111.73868852459,12.5513114754098
1982-09-16,123.77,111.962131147541,11.807868852459
1982-09-17,122.55,112.170655737705,10.3793442622951
1982-09-20,122.51,112.389836065574,10.1201639344262
1982-09-21,124.88,112.629508196721,12.2504918032787
1982-09-22,123.99,112.855409836066,11.1345901639344
1982-09-23,123.81,113.088360655738,10.7216393442623
1982-09-24,123.32,113.327868852459,9.99213114754097
1982-09-27,123.62,113.589672131148,10.0303278688525
1982-09-28,123.24,113.845245901639,9.39475409836065
1982-09-29,121.63,114.080327868852,7.54967213114753
1982-09-30,120.42,114.296721311475,6.12327868852459
1982-10-01,121.97,114.533442622951,7.43655737704918
1982-10-04,121.51,114.74131147541,6.76868852459017
1982-10-05,121.98,114.944754098361,7.03524590163934
1982-10-06,125.97,115.215573770492,10.7544262295082
1982-10-07,128.81,115.516721311475,13.2932786885246
1982-10-08,131.05,115.854098360656,15.1959016393443
1982-10-11,134.47,116.237704918033,18.2322950819672
1982-10-12,134.44,116.626393442623,17.813606557377
1982-10-13,136.71,117.039016393443,19.6709836065574
1982-10-14,134.57,117.418524590164,17.1514754098361
1982-10-15,133.57,117.780819672131,15.7891803278688
1982-10-18,136.73,118.199836065574,18.5301639344262
1982-10-19,136.58,118.629672131148,17.9503278688525
1982-10-20,139.23,119.118196721311,20.1118032786885
1982-10-21,139.06,119.631803278689,19.4281967213115
1982-10-22,138.83,120.141803278689,18.6881967213115
1982-10-25,133.32,120.571803278689,12.7481967213115
1982-10-26,134.48,120.989836065574,13.4901639344262
1982-10-27,135.25,121.439344262295,13.8106557377049
1982-10-28,133.59,121.889344262295,11.7006557377049
1982-10-29,133.71,122.35737704918,11.3526229508197
1982-11-01,135.47,122.878032786885,12.5919672131148
1982-11-02,137.49,123.442131147541,14.047868852459
1982-11-03,142.87,124.098360655738,18.7716393442623
1982-11-04,141.85,124.741803278689,17.1081967213115
1982-11-05,142.16,125.393278688525,16.7667213114754
1982-11-08,140.44,125.993114754098,14.4468852459016
1982-11-09,143.02,126.63131147541,16.3886885245902
1982-11-10,141.16,127.157868852459,14.002131147541
1982-11-11,141.76,127.70262295082,14.0573770491803
1982-11-12,139.53,128.200491803279,11.3295081967213
1982-11-15,137.03,128.594098360656,8.43590163934425
1982-11-16,135.42,128.910655737705,6.50934426229506
1982-11-17,137.93,129.280983606557,8.64901639344262
1982-11-18,138.34,129.62131147541,8.71868852459016
1982-11-19,137.02,129.924098360656,7.09590163934428
1982-11-22,134.22,130.204590163934,4.01540983606557
1982-11-23,132.93,130.454918032787,2.47508196721313
1982-11-24,133.88,130.690491803279,3.18950819672131
1982-11-25,133.88,130.946721311475,2.93327868852458
1982-11-26,134.88,131.18606557377,3.6939344262295
1982-11-29,134.2,131.374918032787,2.82508196721309
1982-11-30,138.54,131.634918032787,6.90508196721311
1982-12-01,138.72,131.919344262295,6.80065573770491
1982-12-02,138.82,132.191803278689,6.62819672131147
1982-12-03,138.69,132.465901639344,6.22409836065574
1982-12-06,141.77,132.806885245902,8.96311475409837
1982-12-07,142.72,133.14262295082,9.57737704918031
1982-12-08,141.81,133.449344262295,8.36065573770492
1982-12-09,140.13,133.709016393443,6.42098360655737
1982-12-10,139.57,133.968032786885,5.60196721311476
1982-12-13,139.95,134.253278688525,5.69672131147539
1982-12-14,137.39,134.497213114754,2.8927868852459
1982-12-15,135.24,134.667049180328,0.572950819672144
1982-12-16,135.3,134.852459016393,0.447540983606558
1982-12-17,137.49,135.076721311475,2.4132786885246
1982-12-20,136.26,135.288852459016,0.971147540983594
1982-12-21,138.61,135.534590163934,3.07540983606557
1982-12-22,138.83,135.790163934426,3.03983606557378
1982-12-23,139.72,136.086721311475,3.6332786885246
1982-12-24,139.72,136.403114754098,3.31688524590163
1982-12-27,142.18,136.734426229508,5.44557377049182
1982-12-28,140.77,137.050163934426,3.71983606557379
1982-12-29,141.24,137.365901639344,3.87409836065575
1982-12-30,140.33,137.60131147541,2.72868852459018
1982-12-31,140.64,137.795245901639,2.84475409836065
1983-01-03,138.34,137.914754098361,0.425245901639357
1983-01-04,141.35,138.027540983607,3.32245901639342
1983-01-05,141.96,138.150819672131,3.80918032786886
1983-01-06,145.27,138.291147540984,6.9788524590164
1983-01-07,145.18,138.465081967213,6.7149180327869
1983-01-10,146.78,138.681639344262,8.09836065573771
1983-01-11,145.78,138.83,6.94999999999999
1983-01-12,146.69,138.995737704918,7.69426229508196
1983-01-13,145.72,139.102131147541,6.61786885245903
1983-01-14,146.65,139.226557377049,7.42344262295083
1983-01-17,146.71,139.355737704918,7.35426229508198
1983-01-18,146.4,139.570163934426,6.82983606557377
1983-01-19,145.27,139.747049180328,5.52295081967213
1983-01-20,146.29,139.928032786885,6.36196721311475
1983-01-21,143.85,140.096229508197,3.75377049180327
1983-01-24,139.97,140.198852459016,-0.228852459016395
1983-01-25,141.75,140.301803278689,1.44819672131146
1983-01-26,141.54,140.368196721311,1.17180327868851
1983-01-27,144.27,140.391147540984,3.8788524590164
1983-01-28,144.51,140.434754098361,4.07524590163933
1983-01-31,145.3,140.486229508197,4.8137704918033
1983-02-01,142.96,140.527540983607,2.43245901639344
1983-02-02,143.23,140.530983606557,2.6990163934426
1983-02-03,144.26,140.581803278689,3.67819672131148
1983-02-04,146.14,140.653606557377,5.48639344262293
1983-02-07,146.93,140.774918032787,6.15508196721311
1983-02-08,145.7,140.917049180328,4.78295081967212
1983-02-09,145,141.074098360656,3.92590163934426
1983-02-10,147.5,141.230983606557,6.26901639344263
1983-02-11,147.63,141.383278688525,6.2467213114754
1983-02-14,148.92,141.578360655738,7.34163934426229
1983-02-15,148.3,141.809180327869,6.49081967213115
1983-02-16,147.43,142.046885245902,5.38311475409836
1983-02-17,147.44,142.269180327869,5.17081967213113
1983-02-18,148,142.500655737705,5.49934426229507
1983-02-21,148,142.715737704918,5.28426229508196
1983-02-22,145.48,142.900655737705,2.57934426229508
1983-02-23,146.79,143.035901639344,3.75409836065572
1983-02-24,149.6,143.214262295082,6.38573770491803
1983-02-25,149.74,143.393278688525,6.34672131147542
1983-02-28,148.06,143.546885245902,4.51311475409835
1983-03-01,150.88,143.696229508197,7.18377049180327
1983-03-02,152.3,143.853278688525,8.44672131147541
1983-03-03,153.48,144.044590163934,9.43540983606556
1983-03-04,153.67,144.266557377049,9.40344262295082
1983-03-07,153.67,144.497704918033,9.17229508196721
1983-03-08,151.26,144.683114754098,6.57688524590162
1983-03-09,152.87,144.936885245902,7.93311475409837
1983-03-10,151.8,145.208360655738,6.59163934426232
1983-03-11,151.24,145.469672131148,5.77032786885246
1983-03-14,150.83,145.688360655738,5.1416393442623
1983-03-15,151.36,145.935901639344,5.42409836065576
1983-03-16,149.8,146.119344262295,3.68065573770494
1983-03-17,149.59,146.295737704918,3.29426229508198
1983-03-18,149.9,146.46262295082,3.43737704918033
1983-03-21,151.19,146.650655737705,4.53934426229509
1983-03-22,150.66,146.789672131148,3.87032786885246
1983-03-23,152.81,146.987049180328,5.82295081967214
1983-03-24,153.37,147.185901639344,6.18409836065575
1983-03-25,152.67,147.388196721311,5.2818032786885
1983-03-28,151.85,147.571967213115,4.27803278688523
1983-03-29,151.59,147.789180327869,3.80081967213115
1983-03-30,153.39,147.986557377049,5.40344262295082
1983-03-31,152.96,148.166885245902,4.79311475409835
1983-04-01,152.96,148.292950819672,4.66704918032787
1983-04-04,153.02,148.421475409836,4.59852459016395
1983-04-05,151.89,148.505245901639,3.38475409836065
1983-04-06,151.04,148.591475409836,2.44852459016391
1983-04-07,151.76,148.674590163934,3.08540983606557
1983-04-08,152.85,148.791475409836,4.05852459016393
1983-04-11,155.14,148.930655737705,6.20934426229508
1983-04-12,155.82,149.08,6.73999999999998
1983-04-13,156.77,149.25,7.52000000000001
1983-04-14,158.11,149.460491803279,8.64950819672131
1983-04-15,158.75,149.664754098361,9.08524590163935
1983-04-18,159.74,149.925245901639,9.81475409836065
1983-04-19,158.71,150.232459016393,8.47754098360656
1983-04-20,160.71,150.543278688525,10.1667213114754
1983-04-21,160.05,150.846721311475,9.20327868852459
1983-04-22,160.42,151.111475409836,9.30852459016393
1983-04-25,158.81,151.345901639344,7.46409836065575
1983-04-26,161.81,151.616557377049,10.1934426229508
1983-04-27,161.44,151.919508196721,9.52049180327867
1983-04-28,162.95,152.242786885246,10.7072131147541
1983-04-29,164.4,152.572950819672,11.8270491803279
1983-05-02,162.11,152.834754098361,9.27524590163935
1983-05-03,162.34,153.08737704918,9.25262295081967
1983-05-04,163.31,153.37606557377,9.93393442622951
1983-05-05,164.28,153.692131147541,10.587868852459
1983-05-06,166.1,153.997049180328,12.1029508196721
1983-05-09,165.81,154.295081967213,11.5149180327869
1983-05-10,165.95,154.574262295082,11.375737704918
1983-05-11,164.96,154.84737704918,10.1126229508197
1983-05-12,164.25,155.123114754098,9.12688524590163
1983-05-13,164.9,155.409344262295,9.49065573770491
1983-05-16,163.4,155.661803278689,7.73819672131148
1983-05-17,163.71,155.919344262295,7.79065573770492
1983-05-18,163.27,156.210983606557,7.05901639344262
1983-05-19,161.99,156.460163934426,5.52983606557379
1983-05-20,162.14,156.665737704918,5.47426229508196
1983-05-23,163.43,156.890163934426,6.53983606557378
1983-05-24,165.54,157.176721311475,8.36327868852459
1983-05-25,166.21,157.428032786885,8.78196721311477
1983-05-26,165.48,157.644098360656,7.83590163934426
1983-05-27,164.46,157.824098360656,6.63590163934427
1983-05-30,164.46,158.000983606557,6.45901639344262
1983-05-31,162.39,158.14393442623,4.24606557377047
1983-06-01,162.55,158.329016393443,4.22098360655738
1983-06-02,163.98,158.511147540984,5.46885245901638
1983-06-03,164.42,158.718032786885,5.70196721311473
1983-06-06,164.83,158.940819672131,5.88918032786887
1983-06-07,162.77,159.136557377049,3.63344262295084
1983-06-08,161.36,159.300491803279,2.05950819672131
1983-06-09,161.83,159.497704918033,2.33229508196723
1983-06-10,162.68,159.712295081967,2.96770491803278
1983-06-13,164.84,159.957213114754,4.88278688524591
1983-06-14,165.53,160.192295081967,5.33770491803278
1983-06-15,167.12,160.462131147541,6.65786885245902
1983-06-16,169.14,160.729836065574,8.41016393442621
1983-06-17,169.16,160.98868852459,8.17131147540982
1983-06-20,169.02,161.256721311475,7.76327868852459
1983-06-21,170.53,161.562950819672,8.96704918032788
1983-06-22,170.99,161.880983606557,9.10901639344263
1983-06-23,170.57,162.16262295082,8.40737704918033
1983-06-24,170.4,162.448524590164,7.95147540983606
1983-06-27,168.46,162.70262295082,5.75737704918032
1983-06-28,165.68,162.910163934426,2.76983606557377
1983-06-29,166.64,163.151967213115,3.48803278688524
1983-06-30,168.11,163.431803278689,4.67819672131148
1983-07-01,168.91,163.712950819672,5.19704918032787
1983-07-04,168.91,163.976229508197,4.93377049180327
1983-07-05,166.6,164.164098360656,2.43590163934425
1983-07-06,168.48,164.371639344262,4.1083606557377
1983-07-07,167.26,164.543606557377,2.71639344262294
1983-07-08,167.08,164.690655737705,2.38934426229508
1983-07-11,168.11,164.844098360656,3.26590163934426
1983-07-12,165.53,164.939016393443,0.590983606557387
1983-07-13,165.46,165.049672131148,0.410327868852477
1983-07-14,166.01,165.136557377049,0.873442622950819
1983-07-15,164.29,165.20606557377,-0.91606557377051
1983-07-18,163.95,165.26393442623,-1.31393442622951
1983-07-19,164.83,165.36262295082,-0.532622950819672
1983-07-20,169.29,165.485245901639,3.80475409836063
1983-07-21,169.06,165.610163934426,3.44983606557378
1983-07-22,168.89,165.707540983607,3.18245901639344
1983-07-25,169.53,165.791639344262,3.73836065573769
1983-07-26,170.35,165.926721311475,4.42327868852459
1983-07-27,167.59,166.012786885246,1.5772131147541
1983-07-28,165.04,166.041147540984,-1.00114754098362
1983-07-29,162.56,166.012950819672,-3.45295081967214
1983-08-01,162.04,165.946393442623,-3.90639344262297
1983-08-02,162.01,165.884098360656,-3.87409836065575
1983-08-03,163.44,165.842950819672,-2.40295081967213
1983-08-04,161.33,165.783442622951,-4.4534426229508
1983-08-05,161.74,165.742295081967,-4.00229508196722
1983-08-08,159.18,165.648524590164,-6.46852459016392
1983-08-09,160.13,165.594918032787,-5.4649180327869
1983-08-10,161.54,165.559344262295,-4.01934426229508
1983-08-11,161.55,165.531147540984,-3.98114754098359
1983-08-12,162.16,165.53393442623,-3.37393442622951
1983-08-15,163.71,165.559672131148,-1.84967213114754
1983-08-16,163.41,165.559344262295,-2.14934426229507
1983-08-17,165.29,165.555245901639,-0.265245901639361
1983-08-18,163.55,165.511639344262,-1.9616393442623
1983-08-19,163.98,165.487049180328,-1.50704918032787
1983-08-22,164.34,165.485081967213,-1.14508196721312
1983-08-23,162.77,165.45737704918,-2.68737704918033
1983-08-24,161.25,165.43868852459,-4.18868852459016
1983-08-25,160.84,165.410655737705,-4.57065573770493
1983-08-26,162.14,165.380491803279,-3.2404918032787
1983-08-29,162.25,165.344918032787,-3.09491803278689
1983-08-30,162.58,165.308032786885,-2.72803278688522
1983-08-31,164.4,165.334754098361,-0.934754098360656
1983-09-01,164.23,165.381803278689,-1.15180327868853
1983-09-02,165,165.433770491803,-0.433770491803273
1983-09-05,165,165.471803278689,-0.471803278688526
1983-09-06,167.89,165.521803278689,2.36819672131145
1983-09-07,167.96,165.561639344262,2.39836065573772
1983-09-08,167.77,165.572295081967,2.1977049180328
1983-09-09,166.92,165.535901639344,1.38409836065571
1983-09-12,165.48,165.475573770492,0.00442622950819782
1983-09-13,164.8,165.406393442623,-0.606393442622931
1983-09-14,165.36,165.321639344262,0.038360655737705
1983-09-15,164.38,165.213278688525,-0.833278688524587
1983-09-16,166.24,165.142295081967,1.0977049180328
1983-09-19,167.62,165.096721311475,2.52327868852458
1983-09-20,169.25,165.109672131148,4.14032786885247
1983-09-21,168.41,165.154426229508,3.25557377049179
1983-09-22,169.76,165.205573770492,4.55442622950818
1983-09-23,169.51,165.228524590164,4.28147540983605
1983-09-26,170.07,165.247540983607,4.82245901639342
1983-09-27,168.43,165.239672131148,3.19032786885248
1983-09-28,168.01,165.262786885246,2.74721311475409
1983-09-29,167.23,165.242295081967,1.98770491803279
1983-09-30,166,165.221639344262,0.778360655737714
1983-10-03,165.8,165.200655737705,0.599344262295091
1983-10-04,166.27,165.170491803279,1.09950819672133
1983-10-05,167.74,165.206721311475,2.5332786885246
1983-10-06,170.28,165.285737704918,4.99426229508197
1983-10-07,170.8,165.364262295082,5.43573770491804
1983-10-10,172.65,165.50131147541,7.14868852459017
1983-10-11,170.34,165.60606557377,4.73393442622952
1983-10-12,169.63,165.684754098361,3.94524590163934
1983-10-13,169.88,165.694426229508,4.1855737704918
1983-10-14,169.86,165.707540983607,4.15245901639346
1983-10-17,170.43,165.732786885246,4.69721311475411
1983-10-18,167.81,165.704590163934,2.10540983606558
1983-10-19,166.73,165.645245901639,1.08475409836063
1983-10-20,166.98,165.635245901639,1.34475409836065
1983-10-21,165.95,165.650163934426,0.299836065573771
1983-10-24,165.99,165.706393442623,0.283606557377055
1983-10-25,166.47,165.779016393443,0.690983606557381
1983-10-26,165.38,165.834262295082,-0.454262295081975
1983-10-27,164.84,165.857213114754,-1.0172131147541
1983-10-28,163.37,165.890655737705,-2.52065573770491
1983-10-31,163.55,165.920327868852,-2.37032786885246
1983-11-01,163.64,165.993442622951,-2.35344262295084
1983-11-02,164.84,166.070655737705,-1.23065573770492
1983-11-03,163.45,166.101967213115,-2.65196721311477
1983-11-04,162.44,166.116557377049,-3.67655737704919
1983-11-07,161.91,166.112459016393,-4.20245901639345
1983-11-08,161.76,166.080491803279,-4.32049180327868
1983-11-09,163.97,166.089672131148,-2.11967213114755
1983-11-10,164.41,166.075245901639,-1.66524590163934
1983-11-11,166.29,166.120163934426,0.169836065573776
1983-11-14,166.58,166.162786885246,0.417213114754105
1983-11-15,165.36,166.179508196721,-0.819508196721301
1983-11-16,166.08,166.233770491803,-0.153770491803272
1983-11-17,166.13,166.313770491803,-0.183770491803273
1983-11-18,165.09,166.383442622951,-1.29344262295081
1983-11-21,166.05,166.447540983607,-0.397540983606547
1983-11-22,166.81,166.522295081967,0.287704918032802
1983-11-23,166.96,166.594098360656,0.365901639344258
1983-11-24,166.96,166.63606557377,0.323934426229528
1983-11-25,167.18,166.684426229508,0.495573770491802
1983-11-28,166.54,166.709672131148,-0.169672131147536
1983-11-29,167.91,166.75737704918,1.15262295081968
1983-11-30,166.4,166.732950819672,-0.332950819672135
1983-12-01,166.49,166.708852459016,-0.218852459016375
1983-12-02,165.44,166.670655737705,-1.23065573770492
1983-12-05,165.77,166.651803278689,-0.881803278688523
1983-12-06,165.47,166.651639344262,-1.18163934426229
1983-12-07,165.91,166.669836065574,-0.759836065573779
1983-12-08,165.2,166.667213114754,-1.46721311475412
1983-12-09,165.09,166.678852459016,-1.58885245901638
1983-12-12,165.62,166.66868852459,-1.04868852459015
1983-12-13,164.93,166.624590163934,-1.69459016393441
1983-12-14,163.33,166.527540983607,-3.19754098360656
1983-12-15,161.67,166.417049180328,-4.74704918032788
1983-12-16,162.39,166.296229508197,-3.90622950819673
1983-12-19,162.32,166.178360655738,-3.85836065573773
1983-12-20,162,166.04606557377,-4.04606557377051
1983-12-21,163.56,165.966229508197,-2.40622950819673
1983-12-22,163.27,165.888524590164,-2.61852459016393
1983-12-23,163.22,165.822786885246,-2.6027868852459
1983-12-26,163.22,165.777213114754,-2.55721311475409
1983-12-27,164.76,165.760163934426,-1.00016393442624
1983-12-28,165.34,165.744918032787,-0.404918032786895
1983-12-29,164.86,165.697704918033,-0.837704918032784
1983-12-30,164.93,165.61,-0.680000000000007
1984-01-02,164.93,165.513770491803,-0.583770491803278
1984-01-03,164.04,165.37262295082,-1.33262295081968
1984-01-04,166.78,165.314262295082,1.46573770491804
1984-01-05,168.81,165.300819672131,3.50918032786885
1984-01-06,169.28,165.290983606557,3.98901639344263
1984-01-09,168.9,165.275245901639,3.62475409836065
1984-01-10,167.95,165.234590163934,2.71540983606556
1984-01-11,167.79,165.234262295082,2.55573770491802
1984-01-12,167.75,165.250983606557,2.49901639344262
1984-01-13,167.02,165.251639344262,1.76836065573772
1984-01-16,167.18,165.271803278689,1.90819672131147
1984-01-17,167.83,165.301967213115,2.52803278688526
1984-01-18,167.55,165.319672131148,2.23032786885247
1984-01-19,167.04,165.346885245902,1.69311475409836
1984-01-20,166.21,165.369344262295,0.840655737704935
1984-01-23,164.87,165.39393442623,-0.523934426229516
1984-01-24,165.94,165.433114754098,0.506885245901628
1984-01-25,164.84,165.452786885246,-0.612786885245896
1984-01-26,164.24,165.442950819672,-1.20295081967211
1984-01-27,163.94,165.450983606557,-1.51098360655737
1984-01-30,162.87,165.458032786885,-2.58803278688524
1984-01-31,163.41,165.48262295082,-2.07262295081966
1984-02-01,162.74,165.49868852459,-2.75868852459016
1984-02-02,163.36,165.48868852459,-2.12868852459016
1984-02-03,160.91,165.43131147541,-4.52131147540985
1984-02-06,158.08,165.296721311475,-7.2167213114754
1984-02-07,158.74,165.168196721311,-6.42819672131148
1984-02-08,155.85,165.012295081967,-9.16229508196722
1984-02-09,155.42,164.837540983607,-9.41754098360659
1984-02-10,156.3,164.676393442623,-8.37639344262294
1984-02-13,154.95,164.510163934426,-9.56016393442624
1984-02-14,156.61,164.355409836066,-7.74540983606556
1984-02-15,156.25,164.182295081967,-7.93229508196723
1984-02-16,156.13,164.004754098361,-7.87475409836065
1984-02-17,155.74,163.820819672131,-8.08081967213113
1984-02-20,155.74,163.633278688525,-7.89327868852459
1984-02-21,154.64,163.438196721311,-8.79819672131148
1984-02-22,154.31,163.215245901639,-8.90524590163935
1984-02-23,154.29,163.016721311475,-8.72672131147542
1984-02-24,157.51,162.869508196721,-5.35950819672132
1984-02-27,159.3,162.768852459016,-3.46885245901638
1984-02-28,156.82,162.622131147541,-5.80213114754099
1984-02-29,157.06,162.484262295082,-5.42426229508197
1984-03-01,158.19,162.357704918033,-4.1677049180328
1984-03-02,159.24,162.26,-3.01999999999998
1984-03-05,157.89,162.141967213115,-4.25196721311477
1984-03-06,156.25,161.988360655738,-5.73836065573769
1984-03-07,154.57,161.818524590164,-7.24852459016395
1984-03-08,155.19,161.685081967213,-6.49508196721311
1984-03-09,154.35,161.565081967213,-7.21508196721311
1984-03-12,156.34,161.465901639344,-5.12590163934425
1984-03-13,156.78,161.375081967213,-4.5950819672131
1984-03-14,156.77,161.289344262295,-4.51934426229508
1984-03-15,157.41,161.188524590164,-3.77852459016393
1984-03-16,159.27,161.122950819672,-1.85295081967212
1984-03-19,157.78,161.033770491803,-3.25377049180327
1984-03-20,158.66,160.959016393443,-2.29901639344263
1984-03-21,158.66,160.859016393443,-2.19901639344263
1984-03-22,156.69,160.717213114754,-4.02721311475409
1984-03-23,156.86,160.58606557377,-3.72606557377048
1984-03-26,156.67,160.450655737705,-3.78065573770493
1984-03-27,157.3,160.325573770492,-3.0255737704918
1984-03-28,159.88,160.25737704918,-0.377377049180325
1984-03-29,159.52,160.138360655738,-0.618360655737689
1984-03-30,159.18,159.980491803279,-0.800491803278675
1984-04-02,157.98,159.795245901639,-1.81524590163934
1984-04-03,157.66,159.610983606557,-1.95098360655737
1984-04-04,157.54,159.440327868852,-1.90032786885246
1984-04-05,155.04,159.23131147541,-4.19131147540983
1984-04-06,155.48,159.030163934426,-3.55016393442625
1984-04-09,155.45,158.840491803279,-3.39049180327871
1984-04-10,155.87,158.655081967213,-2.7850819672131
1984-04-11,155,158.444754098361,-3.44475409836065
1984-04-12,157.73,158.283770491803,-0.553770491803277
1984-04-13,157.31,158.124262295082,-0.81426229508196
1984-04-16,158.32,157.994918032787,0.325081967213094
1984-04-17,158.97,157.898196721311,1.07180327868852
1984-04-18,157.9,157.766393442623,0.13360655737705
1984-04-19,158.02,157.654590163934,0.365409836065595
1984-04-20,158.02,157.55262295082,0.467377049180328
1984-04-23,156.8,157.435573770492,-0.635573770491789
1984-04-24,158.07,157.356885245902,0.713114754098342
1984-04-25,158.65,157.278852459016,1.3711475409836
1984-04-26,160.3,157.238852459016,3.06114754098363
1984-04-27,159.89,157.181967213115,2.70803278688524
1984-04-30,160.05,157.167868852459,2.882131147541
1984-05-01,161.68,157.226885245902,4.45311475409838
1984-05-02,161.9,157.27868852459,4.62131147540984
1984-05-03,161.2,157.366393442623,3.83360655737704
1984-05-04,159.11,157.426885245902,1.68311475409837
1984-05-07,159.47,157.478852459016,1.9911475409836
1984-05-08,160.52,157.570163934426,2.94983606557378
1984-05-09,160.11,157.627540983607,2.48245901639345
1984-05-10,160,157.689016393443,2.31098360655739
1984-05-11,158.49,157.727704918033,0.76229508196721
1984-05-14,157.5,157.756557377049,-0.256557377049177
1984-05-15,158,157.793606557377,0.206393442622954
1984-05-16,157.99,157.848524590164,0.141475409836062
1984-05-17,156.75,157.888524590164,-1.13852459016394
1984-05-18,155.78,157.912950819672,-2.13295081967212
1984-05-21,154.73,157.86737704918,-3.13737704918034
1984-05-22,153.88,157.778524590164,-3.89852459016393
1984-05-23,153.15,157.718360655738,-4.56836065573771
1984-05-24,151.23,157.622786885246,-6.39278688524593
1984-05-25,151.62,157.515081967213,-5.89508196721312
1984-05-28,151.62,157.390163934426,-5.77016393442622
1984-05-29,150.29,157.265573770492,-6.97557377049182
1984-05-30,150.35,157.168852459016,-6.8188524590164
1984-05-31,150.55,157.102950819672,-6.55295081967213
1984-06-01,153.24,157.070983606557,-3.83098360655737
1984-06-04,154.34,157.070819672131,-2.73081967213113
1984-06-05,153.65,157.026721311475,-3.37672131147539
1984-06-06,155.01,156.997704918033,-1.98770491803279
1984-06-07,154.92,156.96737704918,-2.04737704918034
1984-06-08,155.17,156.930655737705,-1.76065573770492
1984-06-11,153.06,156.828852459016,-3.76885245901639
1984-06-12,152.19,156.737213114754,-4.5472131147541
1984-06-13,152.13,156.630163934426,-4.50016393442624
1984-06-14,150.39,156.494590163934,-6.10459016393443
1984-06-15,149.03,156.369016393443,-7.33901639344262
1984-06-18,151.73,156.284918032787,-4.5549180327869
1984-06-19,152.61,156.218360655738,-3.6083606557377
1984-06-20,154.84,156.178032786885,-1.33803278688524
1984-06-21,154.51,156.09,-1.58000000000001
1984-06-22,154.46,156.007049180328,-1.54704918032786
1984-06-25,153.97,155.921639344262,-1.9516393442623
1984-06-26,152.71,155.835245901639,-3.12524590163935
1984-06-27,151.64,155.736557377049,-4.09655737704918
1984-06-28,152.84,155.659508196721,-2.8195081967213
1984-06-29,153.18,155.629016393443,-2.4490163934426
1984-07-02,153.2,155.591639344262,-2.3916393442623
1984-07-03,153.7,155.562950819672,-1.86295081967214
1984-07-04,153.7,155.52737704918,-1.82737704918034
1984-07-05,152.76,155.490655737705,-2.73065573770492
1984-07-06,152.24,155.400655737705,-3.1606557377049
1984-07-09,153.36,155.335901639344,-1.97590163934424
1984-07-10,152.89,155.246885245902,-2.35688524590165
1984-07-11,150.56,155.109016393443,-4.54901639344263
1984-07-12,150.03,154.98,-4.94999999999999
1984-07-13,150.88,154.862950819672,-3.98295081967214
1984-07-16,151.6,154.757704918033,-3.15770491803281
1984-07-17,152.38,154.685245901639,-2.30524590163935
1984-07-18,151.4,154.575901639344,-3.17590163934426
1984-07-19,150.37,154.440163934426,-4.07016393442623
1984-07-20,149.55,154.26393442623,-4.71393442622949
1984-07-23,148.95,154.084590163934,-5.13459016393443
1984-07-24,147.82,153.884098360656,-6.06409836065575
1984-07-25,148.83,153.673442622951,-4.84344262295082
1984-07-26,150.08,153.479672131148,-3.39967213114753
1984-07-27,151.19,153.315573770492,-2.1255737704918
1984-07-30,150.19,153.169344262295,-2.97934426229509
1984-07-31,150.66,153.024918032787,-2.36491803278687
1984-08-01,154.08,152.919344262295,1.16065573770493
1984-08-02,157.99,152.884590163934,5.10540983606558
1984-08-03,162.35,152.923114754098,9.42688524590164
1984-08-06,162.6,152.990491803279,9.60950819672129
1984-08-07,162.71,153.075901639344,9.63409836065574
1984-08-08,161.75,153.13737704918,8.61262295081968
1984-08-09,165.54,153.261147540984,12.2788524590164
1984-08-10,165.42,153.403278688525,12.0167213114754
1984-08-13,165.43,153.561475409836,11.8685245901639
1984-08-14,164.42,153.720327868852,10.6996721311475
1984-08-15,162.8,153.866557377049,8.93344262295082
1984-08-16,163.77,154.040655737705,9.72934426229509
1984-08-17,164.14,154.252295081967,9.88770491803277
1984-08-20,164.94,154.470655737705,10.4693442622951
1984-08-21,167.83,154.736393442623,13.0936065573771
1984-08-22,167.06,155.01131147541,12.0486885245902
1984-08-23,167.12,155.286229508197,11.8337704918033
1984-08-24,167.51,155.564262295082,11.945737704918
1984-08-27,166.44,155.780655737705,10.6593442622951
1984-08-28,167.4,155.994754098361,11.4052459016393
1984-08-29,167.1,156.215245901639,10.8847540983606
1984-08-30,166.6,156.405245901639,10.1947540983606
1984-08-31,166.68,156.598032786885,10.0819672131148
1984-09-03,166.68,156.786721311475,9.89327868852459
1984-09-04,164.88,156.980491803279,7.89950819672131
1984-09-05,164.29,157.178852459016,7.11114754098361
1984-09-06,165.65,157.400491803279,8.24950819672131
1984-09-07,164.37,157.629672131148,6.74032786885246
1984-09-10,164.26,157.879344262295,6.3806557377049
1984-09-11,164.45,158.087868852459,6.36213114754096
1984-09-12,164.68,158.285737704918,6.39426229508197
1984-09-13,167.94,158.500491803279,9.43950819672131
1984-09-14,168.78,158.734426229508,10.0455737704918
1984-09-17,168.87,158.970655737705,9.89934426229507
1984-09-18,167.65,159.194918032787,8.45508196721312
1984-09-19,166.94,159.428196721311,7.51180327868852
1984-09-20,167.47,159.687704918033,7.78229508196722
1984-09-21,165.67,159.898032786885,5.77196721311475
1984-09-24,165.28,160.096393442623,5.18360655737706
1984-09-25,165.62,160.3,5.31999999999999
1984-09-26,166.28,160.506229508197,5.77377049180328
1984-09-27,166.96,160.723606557377,6.23639344262295
1984-09-28,166.1,160.942295081967,5.15770491803278
1984-10-01,164.62,161.145245901639,3.47475409836065
1984-10-02,163.59,161.312950819672,2.27704918032788
1984-10-03,162.44,161.469508196721,0.970491803278691
1984-10-04,162.92,161.672131147541,1.24786885245899
1984-10-05,162.68,161.879508196721,0.800491803278703
1984-10-08,162.13,162.06393442623,0.0660655737704872
1984-10-09,161.67,162.229016393443,-0.559016393442647
1984-10-10,162.11,162.388524590164,-0.278524590163926
1984-10-11,162.78,162.575081967213,0.204918032786878
1984-10-12,164.18,162.801475409836,1.37852459016395
1984-10-15,165.77,163.06737704918,2.70262295081969
1984-10-16,164.78,163.326885245902,1.45311475409835
1984-10-17,164.14,163.594426229508,0.545573770491785
1984-10-18,168.1,163.910327868852,4.18967213114755
1984-10-19,167.96,164.203442622951,3.75655737704918
1984-10-22,167.36,164.468524590164,2.89147540983609
1984-10-23,167.09,164.745573770492,2.3444262295082
1984-10-24,167.2,165.016721311475,2.18327868852458
1984-10-25,166.31,165.217213114754,1.09278688524591
1984-10-26,165.29,165.336885245902,-0.0468852459016489
1984-10-29,164.78,165.376721311475,-0.59672131147542
1984-10-30,166.84,165.446229508197,1.39377049180328
1984-10-31,166.09,165.501639344262,0.588360655737716
1984-11-01,167.49,165.595737704918,1.89426229508197
1984-11-02,167.42,165.626557377049,1.79344262295081
1984-11-05,168.58,165.678360655738,2.90163934426232
1984-11-06,170.41,165.76,4.65000000000001
1984-11-07,169.17,165.837868852459,3.33213114754096
1984-11-08,168.68,165.934262295082,2.74573770491804
1984-11-09,167.6,165.997049180328,1.60295081967212
1984-11-12,167.36,166.049836065574,1.31016393442624
1984-11-13,165.97,166.066721311475,-0.0967213114754202
1984-11-14,165.99,166.036557377049,-0.0465573770491687
1984-11-15,165.89,166.01737704918,-0.127377049180353
1984-11-16,164.1,165.967868852459,-1.86786885245903
1984-11-19,163.1,165.895573770492,-2.79557377049181
1984-11-20,164.18,165.858524590164,-1.67852459016393
1984-11-21,164.52,165.81131147541,-1.29131147540983
1984-11-22,164.52,165.769016393443,-1.24901639344262
1984-11-23,166.92,165.774262295082,1.14573770491802
1984-11-26,165.55,165.755737704918,-0.205737704918022
1984-11-27,166.29,165.749344262295,0.540655737704924
1984-11-28,165.02,165.751639344262,-0.731639344262277
1984-11-29,163.91,165.745409836066,-1.83540983606557
1984-11-30,163.58,165.711475409836,-2.13147540983604
1984-12-03,162.82,165.68606557377,-2.8660655737705
1984-12-04,163.38,165.671639344262,-2.29163934426231
1984-12-05,162.1,165.633114754098,-3.53311475409836
1984-12-06,162.76,165.601639344262,-2.84163934426229
1984-12-07,162.26,165.508524590164,-3.24852459016395
1984-12-10,162.83,165.410983606557,-2.58098360655737
1984-12-11,163.07,165.315901639344,-2.24590163934428
1984-12-12,162.63,165.233606557377,-2.60360655737705
1984-12-13,161.81,165.149508196721,-3.33950819672131
1984-12-14,162.69,165.071147540984,-2.38114754098362
1984-12-17,163.61,165.03737704918,-1.42737704918031
1984-12-18,168.11,165.083770491803,3.02622950819674
1984-12-19,167.16,165.109016393443,2.05098360655737
1984-12-20,166.38,165.110655737705,1.26934426229508
1984-12-21,165.51,165.086885245902,0.42311475409835
1984-12-24,166.76,165.097704918033,1.66229508196722
1984-12-25,166.76,165.132786885246,1.62721311475408
1984-12-26,166.47,165.18,1.28999999999999
1984-12-27,165.75,165.234262295082,0.515737704918024
1984-12-28,166.26,165.289016393443,0.970983606557354
1984-12-31,167.24,165.363770491803,1.87622950819673
1985-01-01,167.24,165.447540983607,1.79245901639345
1985-01-02,165.37,165.508196721311,-0.138196721311459
1985-01-03,164.57,165.548524590164,-0.978524590163943
1985-01-04,163.68,165.563278688525,-1.88327868852457
1985-01-07,164.24,165.564262295082,-1.32426229508195
1985-01-08,163.99,165.535081967213,-1.54508196721309
1985-01-09,165.18,165.541639344262,-0.361639344262301
1985-01-10,168.31,165.61,2.69999999999999
1985-01-11,167.91,165.606885245902,2.30311475409835
1985-01-14,170.51,165.64868852459,4.86131147540982
1985-01-15,170.81,165.705245901639,5.10475409836064
1985-01-16,171.19,165.772459016393,5.41754098360656
1985-01-17,170.73,165.830327868852,4.89967213114753
1985-01-18,171.32,165.912459016393,5.40754098360654
1985-01-21,175.23,166.075409836066,9.15459016393442
1985-01-22,175.48,166.250819672131,9.22918032786885
1985-01-23,177.3,166.422295081967,10.8777049180328
1985-01-24,176.71,166.596393442623,10.1136065573771
1985-01-25,177.35,166.758032786885,10.5919672131147
1985-01-28,177.4,166.921639344262,10.4783606557377
1985-01-29,179.18,167.095409836066,12.0845901639344
1985-01-30,179.39,167.24262295082,12.1473770491803
1985-01-31,179.63,167.414098360656,12.2159016393443
1985-02-01,178.63,167.577213114754,11.0527868852459
1985-02-04,180.35,167.786229508197,12.5637704918033
1985-02-05,180.61,168.003442622951,12.6065573770492
1985-02-06,180.43,168.240491803279,12.1895081967213
1985-02-07,181.82,168.5,13.32
1985-02-08,182.19,168.767213114754,13.4227868852459
1985-02-11,180.51,169.036229508197,11.4737704918033
1985-02-12,180.56,169.322459016393,11.2375409836066
1985-02-13,183.35,169.636721311475,13.7132786885246
1985-02-14,182.41,169.93,12.48
1985-02-15,181.6,170.21,11.39
1985-02-18,181.6,170.450655737705,11.1493442622951
1985-02-19,181.33,170.709344262295,10.6206557377049
1985-02-20,181.18,170.953442622951,10.2265573770492
1985-02-21,180.19,171.202131147541,8.987868852459
1985-02-22,179.36,171.455409836066,7.90459016393444
1985-02-25,179.23,171.711967213115,7.51803278688524
1985-02-26,181.17,172.012786885246,9.15721311475409
1985-02-27,180.71,172.296885245902,8.41311475409836
1985-02-28,181.18,172.609672131148,8.57032786885247
1985-03-01,183.23,172.945245901639,10.2847540983607
1985-03-04,182.06,173.269836065574,8.79016393442623
1985-03-05,182.23,173.587868852459,8.64213114754097
1985-03-06,180.65,173.87606557377,6.77393442622952
1985-03-07,179.51,174.152786885246,5.3572131147541
1985-03-08,179.1,174.436229508197,4.66377049180326
1985-03-11,178.79,174.700163934426,4.08983606557376
1985-03-12,179.66,174.963278688525,4.69672131147541
1985-03-13,178.19,175.128524590164,3.06147540983608
1985-03-14,177.84,175.303606557377,2.53639344262297
1985-03-15,176.53,175.47,1.06
1985-03-18,176.88,175.656393442623,1.22360655737705
1985-03-19,179.54,175.865901639344,3.67409836065573
1985-03-20,179.08,176.067868852459,3.012131147541
1985-03-21,179.35,176.279016393443,3.07098360655738
1985-03-22,179.04,176.496885245902,2.54311475409835
1985-03-25,177.97,176.688852459016,1.2811475409836
1985-03-26,178.43,176.872295081967,1.55770491803278
1985-03-27,179.54,177.07393442623,2.46606557377049
1985-03-28,179.54,177.306229508197,2.23377049180328
1985-03-29,180.66,177.57,3.09
1985-04-01,181.27,177.858360655738,3.41163934426231
1985-04-02,180.53,178.125409836066,2.40459016393442
1985-04-03,179.11,178.373278688525,0.736721311475435
1985-04-04,179.03,178.600327868852,0.429672131147555
1985-04-05,179.03,178.77606557377,0.253934426229506
1985-04-08,178.03,178.941967213115,-0.911967213114764
1985-04-09,178.21,179.068196721311,-0.858196721311458
1985-04-10,179.42,179.209344262295,0.210655737704911
1985-04-11,180.19,179.356885245902,0.833114754098347
1985-04-12,180.54,179.517704918033,1.0222950819672
1985-04-15,180.92,179.675081967213,1.24491803278687
1985-04-16,181.2,179.772950819672,1.42704918032786
1985-04-17,181.68,179.874590163934,1.80540983606559
1985-04-18,180.84,179.93262295082,0.907377049180326
1985-04-19,181.11,180.004754098361,1.10524590163936
1985-04-22,180.7,180.059672131148,0.640327868852438
1985-04-23,181.88,180.133114754098,1.74688524590164
1985-04-24,182.26,180.183606557377,2.07639344262293
1985-04-25,183.43,180.249836065574,3.18016393442625
1985-04-26,182.18,180.291639344262,1.8883606557377
1985-04-29,180.63,180.324426229508,0.305573770491804
1985-04-30,179.83,180.315901639344,-0.485901639344263
1985-05-01,178.37,180.279180327869,-1.90918032786885
1985-05-02,179.01,180.255901639344,-1.24590163934428
1985-05-03,180.08,180.22737704918,-0.147377049180307
1985-05-06,179.99,180.19131147541,-0.201311475409824
1985-05-07,180.76,180.195409836066,0.564590163934412
1985-05-08,180.62,180.196393442623,0.423606557377042
1985-05-09,181.92,180.172950819672,1.74704918032785
1985-05-10,184.28,180.203606557377,4.07639344262296
1985-05-13,184.61,180.252950819672,4.35704918032789
1985-05-14,183.87,180.290163934426,3.57983606557377
1985-05-15,184.54,180.342786885246,4.19721311475408
1985-05-16,185.66,180.416229508197,5.24377049180328
1985-05-17,187.42,180.534754098361,6.88524590163934
1985-05-20,189.72,180.704590163934,9.01540983606557
1985-05-21,189.64,180.875245901639,8.76475409836064
1985-05-22,188.56,180.996393442623,7.56360655737706
1985-05-23,187.6,181.109344262295,6.49065573770491
1985-05-24,188.29,181.225901639344,7.06409836065572
1985-05-27,188.29,181.308852459016,6.98114754098361
1985-05-28,187.86,181.40393442623,6.4560655737705
1985-05-29,187.68,181.493278688525,6.18672131147542
1985-05-30,187.75,181.609672131148,6.14032786885247
1985-05-31,189.55,181.774262295082,7.77573770491804
1985-06-03,189.32,181.941803278689,7.37819672131147
1985-06-04,190.04,182.126229508197,7.91377049180326
1985-06-05,190.16,182.298360655738,7.8616393442623
1985-06-06,191.06,182.509344262295,8.55065573770491
1985-06-07,189.68,182.703442622951,6.97655737704918
1985-06-10,189.51,182.916229508197,6.59377049180327
1985-06-11,189.04,183.115573770492,5.92442622950819
1985-06-12,187.61,183.247868852459,4.36213114754099
1985-06-13,185.33,183.350327868852,1.97967213114757
1985-06-14,187.1,183.47737704918,3.62262295081968
1985-06-17,186.53,183.600163934426,2.92983606557377
1985-06-18,187.34,183.753770491803,3.58622950819674
1985-06-19,186.63,183.888196721311,2.74180327868851
1985-06-20,186.73,184.00606557377,2.7239344262295
1985-06-21,189.61,184.171147540984,5.4388524590164
1985-06-24,189.15,184.310327868852,4.83967213114755
1985-06-25,189.74,184.449180327869,5.29081967213116
1985-06-26,190.06,184.605409836066,5.45459016393443
1985-06-27,191.23,184.804098360656,6.42590163934426
1985-06-28,191.85,185.014262295082,6.83573770491802
1985-07-01,192.43,185.23393442623,7.19606557377051
1985-07-02,192.01,185.463114754098,6.54688524590162
1985-07-03,191.45,185.680163934426,5.76983606557377
1985-07-04,191.45,185.87737704918,5.57262295081966
1985-07-05,192.52,186.079508196721,6.44049180327869
1985-07-08,191.93,186.266229508197,5.66377049180329
1985-07-09,191.05,186.432295081967,4.61770491803279
1985-07-10,192.37,186.615409836066,5.75459016393444
1985-07-11,192.94,186.8,6.13999999999999
1985-07-12,193.29,187.004098360656,6.28590163934425
1985-07-15,192.72,187.194426229508,5.5255737704918
1985-07-16,194.72,187.424262295082,7.29573770491803
1985-07-17,195.65,187.65,8
1985-07-18,194.38,187.84868852459,6.53131147540984
1985-07-19,195.13,188.040491803279,7.08950819672131
1985-07-22,194.35,188.24,6.10999999999999
1985-07-23,192.55,188.435409836066,4.11459016393445
1985-07-24,191.58,188.628032786885,2.95196721311476
1985-07-25,192.06,188.852459016393,3.20754098360655
1985-07-26,192.4,189.071967213115,3.32803278688525
1985-07-29,189.6,189.228032786885,0.371967213114743
1985-07-30,189.93,189.390983606557,0.539016393442637
1985-07-31,190.92,189.557540983607,1.36245901639344
1985-08-01,192.11,189.745901639344,2.36409836065576
1985-08-02,191.48,189.90262295082,1.57737704918031
1985-08-05,190.62,190.006557377049,0.613442622950828
1985-08-06,187.93,190.060983606557,-2.13098360655738
1985-08-07,187.68,190.123442622951,-2.44344262295081
1985-08-08,188.95,190.195737704918,-1.24573770491804
1985-08-09,188.32,190.239344262295,-1.91934426229508
1985-08-12,187.63,190.242786885246,-2.6127868852459
1985-08-13,187.3,190.203114754098,-2.90311475409834
1985-08-14,187.41,190.166557377049,-2.75655737704918
1985-08-15,187.26,190.145245901639,-2.88524590163937
1985-08-16,186.1,190.120655737705,-4.02065573770491
1985-08-19,186.38,190.089344262295,-3.70934426229508
1985-08-20,188.08,190.085901639344,-2.00590163934424
1985-08-21,189.16,190.107213114754,-0.947213114754106
1985-08-22,187.36,190.101967213115,-2.74196721311475
1985-08-23,187.17,190.092459016393,-2.92245901639345
1985-08-26,187.31,190.055737704918,-2.74573770491804
1985-08-27,188.1,190.035737704918,-1.93573770491804
1985-08-28,188.83,190.015901639344,-1.18590163934425
1985-08-29,188.93,189.995737704918,-1.06573770491804
1985-08-30,188.63,189.955901639344,-1.32590163934427
1985-09-02,188.63,189.93868852459,-1.30868852459017
1985-09-03,187.91,189.912459016393,-2.00245901639346
1985-09-04,187.37,189.885081967213,-2.51508196721312
1985-09-05,187.27,189.879508196721,-2.60950819672129
1985-09-06,188.24,189.927213114754,-1.68721311475409
1985-09-09,188.25,189.94606557377,-1.69606557377048
1985-09-10,186.9,189.952131147541,-3.05213114754099
1985-09-11,185.03,189.914262295082,-4.88426229508195
1985-09-12,183.69,189.86606557377,-6.1760655737705
1985-09-13,182.91,189.803442622951,-6.89344262295083
1985-09-16,182.88,189.693114754098,-6.81311475409836
1985-09-17,181.36,189.565409836066,-8.20540983606557
1985-09-18,181.71,189.433770491803,-7.72377049180326
1985-09-19,183.39,189.324426229508,-5.9344262295082
1985-09-20,182.05,189.17393442623,-7.12393442622951
1985-09-23,184.3,189.050163934426,-4.75016393442621
1985-09-24,182.62,188.889344262295,-6.26934426229508
1985-09-25,180.66,188.703278688525,-8.0432786885246
1985-09-26,181.29,188.536721311475,-7.24672131147543
1985-09-27,181.3,188.370327868852,-7.07032786885244
1985-09-30,182.06,188.198852459016,-6.13885245901639
1985-10-01,185.07,188.086393442623,-3.01639344262296
1985-10-02,184.06,187.971803278689,-3.91180327868852
1985-10-03,184.36,187.840491803279,-3.48049180327868
1985-10-04,183.22,187.681147540984,-4.4611475409836
1985-10-07,181.87,187.49393442623,-5.62393442622951
1985-10-08,181.87,187.31606557377,-5.44606557377048
1985-10-09,182.52,187.11606557377,-4.59606557377049
1985-10-10,182.78,186.905081967213,-4.12508196721311
1985-10-11,184.28,186.739508196721,-2.45950819672132
1985-10-14,186.67,186.600819672131,0.0691803278688496
1985-10-15,186.08,186.465245901639,-0.385245901639337
1985-10-16,187.98,186.390327868852,1.58967213114752
1985-10-17,187.66,186.32606557377,1.33393442622949
1985-10-18,187.04,186.243770491803,0.796229508196717
1985-10-21,186.96,186.154590163934,0.805409836065593
1985-10-22,188.04,186.129016393443,1.91098360655738
1985-10-23,189.09,186.115245901639,2.97475409836065
1985-10-24,188.5,186.075573770492,2.42442622950819
1985-10-25,187.52,186.000327868852,1.51967213114756
1985-10-28,187.76,185.939344262295,1.8206557377049
1985-10-29,189.23,185.916557377049,3.31344262295082
1985-10-30,190.07,185.951639344262,4.11836065573769
1985-10-31,189.82,185.986721311475,3.83327868852459
1985-11-01,191.53,186.029016393443,5.50098360655738
1985-11-04,191.25,186.077049180328,5.17295081967214
1985-11-05,192.37,186.154754098361,6.21524590163935
1985-11-06,192.76,186.244262295082,6.51573770491802
1985-11-07,192.62,186.329672131148,6.29032786885247
1985-11-08,193.72,186.435573770492,7.2844262295082
1985-11-11,197.28,186.618852459016,10.6611475409836
1985-11-12,198.08,186.810655737705,11.2693442622951
1985-11-13,197.1,186.958524590164,10.1414754098361
1985-11-14,199.06,187.120819672131,11.9391803278689
1985-11-15,198.11,187.297049180328,10.8129508196722
1985-11-18,198.71,187.486229508197,11.2237704918033
1985-11-19,198.67,187.672459016393,10.9975409836065
1985-11-20,198.99,187.850983606557,11.1390163934426
1985-11-21,201.41,188.057213114754,13.3527868852459
1985-11-22,201.52,188.263606557377,13.256393442623
1985-11-25,200.35,188.455737704918,11.894262295082
1985-11-26,200.67,188.653114754098,12.0168852459016
1985-11-27,202.54,188.892950819672,13.6470491803279
1985-11-28,202.54,189.141639344262,13.3983606557377
1985-11-29,202.17,189.385901639344,12.7840983606557
1985-12-02,200.46,189.586229508197,10.8737704918033
1985-12-03,200.86,189.792950819672,11.0670491803279
1985-12-04,204.23,190.077049180328,14.1529508196721
1985-12-05,203.88,190.38606557377,13.4939344262295
1985-12-06,202.99,190.702459016393,12.2875409836066
1985-12-09,204.25,191.052295081967,13.1977049180328
1985-12-10,204.39,191.404918032787,12.9850819672131
1985-12-11,206.31,191.81393442623,14.4960655737705
1985-12-12,206.73,192.224098360656,14.5059016393442
1985-12-13,209.94,192.659344262295,17.2806557377049
1985-12-16,212.02,193.150655737705,18.8693442622951
1985-12-17,210.65,193.58262295082,17.0673770491803
1985-12-18,209.81,194.028360655738,15.7816393442623
1985-12-19,210.02,194.509672131148,15.5103278688525
1985-12-20,210.94,194.995737704918,15.944262295082
1985-12-23,208.57,195.442786885246,13.1272131147541
1985-12-24,207.14,195.85393442623,11.2860655737705
1985-12-25,207.14,196.215737704918,10.9242622950819
1985-12-26,207.65,196.602459016393,11.0475409836066
1985-12-27,209.61,197.016393442623,12.5936065573771
1985-12-30,210.68,197.466557377049,13.2134426229508
1985-12-31,211.28,197.94868852459,13.3313114754098
1986-01-01,211.28,198.430819672131,12.8491803278689
1986-01-02,209.59,198.874590163934,10.7154098360656
1986-01-03,210.88,199.335245901639,11.5447540983606
1986-01-06,210.65,199.767540983607,10.8824590163935
1986-01-07,213.8,200.212295081967,13.5877049180328
1986-01-08,207.97,200.571147540984,7.39885245901638
1986-01-09,206.11,200.868360655738,5.2416393442623
1986-01-10,205.96,201.168360655738,4.79163934426231
1986-01-13,206.72,201.490983606557,5.22901639344263
1986-01-14,206.64,201.813606557377,4.82639344262293
1986-01-15,208.26,202.145081967213,6.11491803278687
1986-01-16,209.17,202.474262295082,6.69573770491803
1986-01-17,208.43,202.800983606557,5.62901639344264
1986-01-20,207.53,203.129016393443,4.40098360655739
1986-01-21,206.79,203.440983606557,3.34901639344261
1986-01-22,203.49,203.674754098361,-0.184754098360656
1986-01-23,204.25,203.907213114754,0.342786885245914
1986-01-24,206.43,204.179508196721,2.25049180327869
1986-01-27,207.39,204.439508196721,2.95049180327868
1986-01-28,209.81,204.743770491803,5.06622950819673
1986-01-29,210.29,205.037540983607,5.25245901639343
1986-01-30,209.33,205.309180327869,4.02081967213115
1986-01-31,211.78,205.623278688525,6.15672131147542
1986-02-03,213.96,205.955081967213,8.00491803278689
1986-02-04,212.79,206.209344262295,6.58065573770492
1986-02-05,212.96,206.453278688525,6.50672131147542
1986-02-06,213.47,206.721639344262,6.74836065573771
1986-02-07,214.56,206.975737704918,7.58426229508197
1986-02-10,216.24,207.272950819672,8.96704918032788
1986-02-11,215.92,207.555081967213,8.36491803278687
1986-02-12,215.97,207.83868852459,8.13131147540983
1986-02-13,217.4,208.140491803279,9.25950819672133
1986-02-14,219.76,208.44131147541,11.3186885245902
1986-02-17,219.76,208.740327868852,11.0196721311475
1986-02-18,222.45,209.10262295082,13.3473770491803
1986-02-19,219.76,209.415573770492,10.3444262295082
1986-02-20,222.22,209.738196721311,12.4818032786885
1986-02-21,224.62,210.100163934426,14.5198360655738
1986-02-24,224.34,210.463606557377,13.8763934426229
1986-02-25,223.79,210.84606557377,12.9439344262295
1986-02-26,224.04,211.22606557377,12.8139344262295
1986-02-27,226.77,211.595573770492,15.1744262295082
1986-02-28,226.92,211.973278688525,14.9467213114754
1986-03-03,225.42,212.340983606557,13.0790163934426
1986-03-04,224.38,212.670983606557,11.7090163934426
1986-03-05,224.34,212.998032786885,11.3419672131148
1986-03-06,225.13,213.306557377049,11.8234426229508
1986-03-07,225.57,213.615409836066,11.9545901639344
1986-03-10,226.58,213.888196721311,12.6918032786885
1986-03-11,231.69,214.210655737705,17.4793442622951
1986-03-12,232.51,214.569016393443,17.9409836065574
1986-03-13,233.19,214.952295081967,18.2377049180328
1986-03-14,236.55,215.387213114754,21.1627868852459
1986-03-17,234.67,215.776229508197,18.8937704918033
1986-03-18,235.78,216.222295081967,19.5577049180328
1986-03-19,235.6,216.688852459016,18.9111475409836
1986-03-20,236.54,217.170819672131,19.3691803278688
1986-03-21,233.34,217.591967213115,15.7480327868853
1986-03-24,235.33,218.013606557377,17.316393442623
1986-03-25,234.72,218.407704918033,16.3122950819672
1986-03-26,237.3,218.834262295082,18.465737704918
1986-03-27,238.97,219.288196721311,19.6818032786885
1986-03-28,238.97,219.769836065574,19.2001639344262
1986-03-31,238.9,220.229180327869,18.6708196721312
1986-04-01,235.14,220.630655737705,14.5093442622951
1986-04-02,235.71,220.989836065574,14.7201639344262
1986-04-03,232.47,221.391475409836,11.0785245901639
1986-04-04,228.69,221.761639344262,6.92836065573769
1986-04-07,228.63,222.133278688525,6.4967213114754
1986-04-08,233.52,222.57262295082,10.9473770491803
1986-04-09,233.75,223.017049180328,10.7329508196721
1986-04-10,236.44,223.479016393443,12.9609836065574
1986-04-11,235.97,223.918360655738,12.0516393442623
1986-04-14,237.28,224.39131147541,12.8886885245902
1986-04-15,237.73,224.886393442623,12.843606557377
1986-04-16,242.22,225.467213114754,16.7527868852459
1986-04-17,243.03,226.115409836066,16.9145901639344
1986-04-18,242.38,226.740491803279,15.6395081967213
1986-04-21,244.74,227.368524590164,17.3714754098361
1986-04-22,242.42,227.942786885246,14.4772131147541
1986-04-23,241.75,228.466393442623,13.2836065573771
1986-04-24,242.02,228.986557377049,13.0334426229508
1986-04-25,242.29,229.526885245902,12.7631147540984
1986-04-28,243.08,230.04,13.04
1986-04-29,240.51,230.475245901639,10.0347540983607
1986-04-30,235.52,230.847868852459,4.672131147541
1986-05-01,235.16,231.211803278689,3.94819672131146
1986-05-02,234.79,231.56131147541,3.22868852459015
1986-05-05,237.73,231.941147540984,5.7888524590164
1986-05-06,237.24,232.285409836066,4.95459016393443
1986-05-07,236.08,232.615901639344,3.46409836065575
1986-05-08,237.13,232.962786885246,4.1672131147541
1986-05-09,237.85,233.298032786885,4.55196721311475
1986-05-12,237.58,233.590163934426,3.9898360655738
1986-05-13,236.41,233.863114754098,2.54688524590165
1986-05-14,237.54,234.110491803279,3.42950819672132
1986-05-15,234.43,234.350983606557,0.0790163934426289
1986-05-16,232.76,234.523770491803,-1.76377049180329
1986-05-19,233.2,234.664426229508,-1.46442622950821
1986-05-20,236.11,234.85737704918,1.2526229508197
1986-05-21,235.45,235.048524590164,0.401475409836053
1986-05-22,240.12,235.312131147541,4.80786885245902
1986-05-23,241.35,235.551147540984,5.79885245901639
1986-05-26,241.35,235.787704918033,5.56229508196722
1986-05-27,244.75,236.104590163934,8.64540983606557
1986-05-28,246.63,236.469344262295,10.1606557377049
1986-05-29,247.98,236.856885245902,11.1231147540983
1986-05-30,247.35,237.221147540984,10.1288524590164
1986-06-02,245.04,237.540327868852,7.49967213114752
1986-06-03,245.51,237.850655737705,7.65934426229506
1986-06-04,243.94,238.051475409836,5.88852459016394
1986-06-05,245.65,238.266885245902,7.38311475409836
1986-06-06,245.67,238.471475409836,7.19852459016391
1986-06-09,239.96,238.52737704918,1.43262295081968
1986-06-10,239.58,238.607868852459,0.972131147541006
1986-06-11,241.13,238.695573770492,2.4344262295082
1986-06-12,241.49,238.792131147541,2.69786885245904
1986-06-13,245.73,238.942786885246,6.78721311475408
1986-06-16,246.13,239.152459016393,6.97754098360656
1986-06-17,244.35,239.300327868852,5.04967213114753
1986-06-18,244.99,239.46868852459,5.52131147540985
1986-06-19,244.06,239.579508196721,4.48049180327868
1986-06-20,247.98,239.727213114754,8.25278688524588
1986-06-23,245.26,239.830327868852,5.42967213114753
1986-06-24,247.03,239.963606557377,7.06639344262297
1986-06-25,248.93,240.189672131148,8.74032786885246
1986-06-26,248.74,240.403278688525,8.33672131147543
1986-06-27,249.6,240.684098360656,8.91590163934427
1986-06-30,250.84,241.047213114754,9.7927868852459
1986-07-01,252.04,241.430983606557,10.6090163934426
1986-07-02,252.7,241.745409836066,10.9545901639344
1986-07-03,251.79,242.041147540984,9.74885245901638
1986-07-04,251.79,242.292786885246,9.49721311475409
1986-07-07,244.05,242.425245901639,1.62475409836068
1986-07-08,241.59,242.495901639344,-0.90590163934425
1986-07-09,242.82,242.579344262295,0.240655737704913
1986-07-10,243.01,242.592295081967,0.417704918032769
1986-07-11,242.22,242.579016393443,-0.35901639344263
1986-07-14,238.11,242.509016393443,-4.39901639344262
1986-07-15,233.66,242.32737704918,-8.66737704918032
1986-07-16,235.01,242.205901639344,-7.19590163934427
1986-07-17,236.07,242.112786885246,-6.0427868852459
1986-07-18,236.36,242.02,-5.66
1986-07-21,236.24,241.920819672131,-5.68081967213115
1986-07-22,238.18,241.840491803279,-3.66049180327869
1986-07-23,238.67,241.810327868852,-3.14032786885247
1986-07-24,237.95,241.850163934426,-3.90016393442625
1986-07-25,240.22,241.933114754098,-1.71311475409837
1986-07-28,236.01,241.953114754098,-5.94311475409836
1986-07-29,234.55,241.900983606557,-7.35098360655738
1986-07-30,236.59,241.890327868852,-5.30032786885246
1986-07-31,236.12,241.890983606557,-5.77098360655737
1986-08-01,234.91,241.854590163934,-6.94459016393444
1986-08-04,235.99,241.824098360656,-5.83409836065573
1986-08-05,237.03,241.815081967213,-4.7850819672131
1986-08-06,236.84,241.822131147541,-4.98213114754097
1986-08-07,237.04,241.81393442623,-4.77393442622952
1986-08-08,236.88,241.854098360656,-4.97409836065574
1986-08-11,240.68,241.98393442623,-1.30393442622949
1986-08-12,243.34,242.150163934426,1.18983606557379
1986-08-13,245.67,242.306885245902,3.36311475409835
1986-08-14,246.25,242.48393442623,3.7660655737705
1986-08-15,247.15,242.599180327869,4.55081967213115
1986-08-18,247.38,242.698032786885,4.68196721311475
1986-08-19,246.51,242.78262295082,3.72737704918032
1986-08-20,249.77,242.864918032787,6.90508196721314
1986-08-21,249.67,242.914754098361,6.75524590163934
1986-08-22,250.19,242.950983606557,7.23901639344263
1986-08-25,247.81,242.958524590164,4.85147540983607
1986-08-26,252.84,243.086393442623,9.75360655737705
1986-08-27,253.3,243.214098360656,10.0859016393443
1986-08-28,252.84,243.36,9.47999999999999
1986-08-29,252.93,243.479344262295,9.45065573770492
1986-09-01,252.93,243.598360655738,9.3316393442623
1986-09-02,248.52,243.73868852459,4.78131147540984
1986-09-03,250.08,243.910819672131,6.16918032786887
1986-09-04,253.83,244.119016393443,9.71098360655739
1986-09-05,250.47,244.266229508197,6.20377049180328
1986-09-08,248.14,244.305737704918,3.83426229508194
1986-09-09,247.67,244.330983606557,3.33901639344262
1986-09-10,247.06,244.375409836066,2.68459016393442
1986-09-11,235.18,244.214590163934,-9.03459016393441
1986-09-12,230.67,243.995081967213,-13.3250819672131
1986-09-15,231.94,243.732131147541,-11.792131147541
1986-09-16,231.72,243.510163934426,-11.7901639344262
1986-09-17,231.68,243.258524590164,-11.5785245901639
1986-09-18,232.31,242.98606557377,-10.6760655737705
1986-09-19,232.21,242.715081967213,-10.5050819672131
1986-09-22,234.93,242.474590163934,-7.54459016393443
1986-09-23,235.67,242.225901639344,-6.55590163934428
1986-09-24,236.28,241.967540983607,-5.68754098360657
1986-09-25,231.83,241.625409836066,-9.79540983606557
1986-09-26,232.23,241.304754098361,-9.07475409836067
1986-09-29,229.91,240.94606557377,-11.0360655737705
1986-09-30,231.32,240.73737704918,-9.41737704918035
1986-10-01,233.6,240.606393442623,-7.00639344262297
1986-10-02,233.92,240.460491803279,-6.54049180327871
1986-10-03,233.71,240.308032786885,-6.59803278688523
1986-10-06,234.78,240.18606557377,-5.40606557377049
1986-10-07,234.41,240.125409836066,-5.71540983606559
1986-10-08,236.68,240.174918032787,-3.49491803278687
1986-10-09,235.85,240.18868852459,-4.33868852459017
1986-10-10,235.48,240.179016393443,-4.69901639344263
1986-10-13,235.91,240.171639344262,-4.26163934426231
1986-10-14,235.37,240.15737704918,-4.78737704918032
1986-10-15,238.8,240.167540983607,-1.36754098360655
1986-10-16,239.53,240.181639344262,-0.651639344262293
1986-10-17,238.84,240.196229508197,-1.35622950819672
1986-10-20,235.97,240.126557377049,-4.15655737704918
1986-10-21,235.88,240.124426229508,-4.24442622950821
1986-10-22,236.26,240.152459016393,-3.89245901639345
1986-10-23,239.28,240.196557377049,-0.916557377049173
1986-10-24,238.26,240.231639344262,-1.97163934426231
1986-10-27,238.77,240.294918032787,-1.52491803278687
1986-10-28,239.26,240.348524590164,-1.08852459016396
1986-10-29,240.94,240.41262295082,0.52737704918033
1986-10-30,243.71,240.525245901639,3.18475409836066
1986-10-31,243.96,240.63868852459,3.32131147540986
1986-11-03,245.8,240.784918032787,5.01508196721312
1986-11-04,246.2,240.875409836066,5.3245901639344
1986-11-05,246.58,240.928524590164,5.65147540983608
1986-11-06,245.87,240.931803278689,4.93819672131147
1986-11-07,245.77,240.92393442623,4.84606557377049
1986-11-10,246.13,240.907213114754,5.22278688524591
1986-11-11,247.08,240.902295081967,6.17770491803279
1986-11-12,246.64,240.904426229508,5.73557377049178
1986-11-13,243.02,240.793770491803,2.22622950819672
1986-11-14,244.5,240.709016393443,3.79098360655738
1986-11-17,243.21,240.594590163934,2.61540983606557
1986-11-18,236.78,240.413770491803,-3.63377049180329
1986-11-19,237.66,240.164918032787,-2.50491803278689
1986-11-20,242.05,239.980491803279,2.06950819672133
1986-11-21,245.86,239.86606557377,5.99393442622952
1986-11-24,247.45,239.776229508197,7.67377049180325
1986-11-25,248.17,239.698196721311,8.4718032786885
1986-11-26,248.77,239.702295081967,9.0677049180328
1986-11-27,248.77,239.680819672131,9.08918032786886
1986-11-28,249.22,239.605245901639,9.61475409836066
1986-12-01,249.05,239.581967213115,9.46803278688526
1986-12-02,254,239.678032786885,14.3219672131148
1986-12-03,253.85,239.779344262295,14.0706557377049
1986-12-04,253.04,239.87737704918,13.1626229508197
1986-12-05,251.17,240.139508196721,11.0304918032787
1986-12-08,251.16,240.475409836066,10.6845901639344
1986-12-09,249.28,240.759672131148,8.52032786885246
1986-12-10,250.96,241.075081967213,9.88491803278689
1986-12-11,248.17,241.345409836066,6.8245901639344
1986-12-12,247.35,241.591967213115,5.75803278688525
1986-12-15,248.21,241.854262295082,6.35573770491803
1986-12-16,250.04,242.101967213115,7.93803278688523
1986-12-17,247.56,242.296885245902,5.26311475409835
1986-12-18,246.78,242.469016393443,4.31098360655739
1986-12-19,249.73,242.762459016393,6.96754098360654
1986-12-22,248.75,243.033278688525,5.7167213114754
1986-12-23,246.34,243.30262295082,3.03737704918032
1986-12-24,246.75,243.555573770492,3.1944262295082
1986-12-25,246.75,243.771147540984,2.97885245901639
1986-12-26,246.92,243.984262295082,2.93573770491801
1986-12-29,244.67,244.16393442623,0.506065573770485
1986-12-30,243.37,244.304754098361,-0.934754098360656
1986-12-31,242.17,244.431967213115,-2.26196721311476
1987-01-01,242.17,244.521967213115,-2.35196721311476
1987-01-02,246.45,244.695737704918,1.75426229508196
1987-01-05,252.19,244.969672131148,7.22032786885245
1987-01-06,252.78,245.246229508197,7.53377049180327
1987-01-07,255.33,245.573442622951,9.7565573770492
1987-01-08,257.29,245.876557377049,11.4134426229508
1987-01-09,258.73,246.19131147541,12.5386885245902
1987-01-12,260.3,246.543114754098,13.7568852459017
1987-01-13,259.95,246.936229508197,13.0137704918033
1987-01-14,262.64,247.374918032787,15.2650819672131
1987-01-15,265.49,247.854098360656,17.6359016393443
1987-01-16,266.28,248.296721311475,17.9832786885246
1987-01-19,269.34,248.806229508197,20.5337704918033
1987-01-20,269.04,249.302459016393,19.7375409836066
1987-01-21,267.84,249.770983606557,18.0690163934426
1987-01-22,273.91,250.311475409836,23.5985245901639
1987-01-23,270.1,250.744098360656,19.3559016393443
1987-01-26,269.61,251.164590163934,18.4454098360656
1987-01-27,273.75,251.622786885246,22.1272131147541
1987-01-28,275.4,252.101475409836,23.2985245901639
1987-01-29,274.24,252.554918032787,21.6850819672131
1987-01-30,274.08,253.01737704918,21.0626229508196
1987-02-02,276.45,253.520327868852,22.9296721311475
1987-02-03,275.99,254.009836065574,21.9801639344262
1987-02-04,279.64,254.543606557377,25.0963934426229
1987-02-05,281.16,255.109508196721,26.0504918032787
1987-02-06,280.04,255.716393442623,24.3236065573771
1987-02-09,278.16,256.268196721311,21.8918032786885
1987-02-10,275.07,256.790491803279,18.2795081967213
1987-02-11,277.54,257.45868852459,20.0813114754098
1987-02-12,275.62,258.080983606557,17.5390163934426
1987-02-13,279.7,258.698196721311,21.0018032786885
1987-02-16,279.7,259.252950819672,20.4470491803278
1987-02-17,285.49,259.876557377049,25.6134426229509
1987-02-18,285.42,260.487213114754,24.9327868852459
1987-02-19,285.57,261.090491803279,24.4795081967213
1987-02-20,285.48,261.692295081967,23.7877049180328
1987-02-23,282.38,262.235901639344,20.1440983606557
1987-02-24,282.88,262.790491803279,20.0895081967213
1987-02-25,284.28,263.286885245902,20.9931147540983
1987-02-26,282.96,263.764098360656,19.1959016393442
1987-02-27,284.2,264.274918032787,19.9250819672131
1987-03-02,283,264.796721311475,18.2032786885246
1987-03-03,284.12,265.337049180328,18.7829508196721
1987-03-04,288.62,265.981967213115,22.6380327868853
1987-03-05,290.52,266.630491803279,23.8895081967213
1987-03-06,290.66,267.327049180328,23.3329508196721
1987-03-09,288.3,267.998360655738,20.3016393442623
1987-03-10,290.86,268.697540983607,22.1624590163935
1987-03-11,290.31,269.357704918033,20.9522950819672
1987-03-12,291.22,270.073442622951,21.1465573770492
1987-03-13,289.89,270.780163934426,19.1098360655737
1987-03-16,288.23,271.41131147541,16.8186885245902
1987-03-17,292.47,272.128032786885,20.3419672131148
1987-03-18,292.78,272.889344262295,19.8906557377049
1987-03-19,294.08,273.665245901639,20.4147540983606
1987-03-20,298.17,274.508196721311,23.6618032786885
1987-03-23,301.16,275.39737704918,25.7626229508197
1987-03-24,301.64,276.33131147541,25.3086885245901
1987-03-25,300.38,277.265901639344,23.1140983606558
1987-03-26,300.93,278.229180327869,22.7008196721312
1987-03-27,296.13,279.113770491803,17.0162295081967
1987-03-30,289.2,279.814590163934,9.38540983606555
1987-03-31,291.7,280.462295081967,11.2377049180328
1987-04-01,292.39,281.111639344262,11.2783606557377
1987-04-02,293.63,281.739508196721,11.8904918032787
1987-04-03,300.41,282.446393442623,17.9636065573771
1987-04-06,301.95,283.154918032787,18.7950819672131
1987-04-07,296.69,283.751475409836,12.9385245901639
1987-04-08,297.26,284.363114754098,12.8968852459016
1987-04-09,292.86,284.858524590164,8.00147540983608
1987-04-10,292.49,285.301147540984,7.1888524590164
1987-04-13,285.62,285.618196721311,0.00180327868855557
1987-04-14,279.16,285.779180327869,-6.61918032786883
1987-04-15,284.44,286.031639344262,-1.59163934426232
1987-04-16,286.91,286.344262295082,0.565737704918035
1987-04-17,286.91,286.55737704918,0.352622950819693
1987-04-20,286.09,286.819508196721,-0.729508196721326
1987-04-21,293.07,287.204098360656,5.86590163934426
1987-04-22,287.19,287.424426229508,-0.234426229508188
1987-04-23,286.82,287.611639344262,-0.791639344262308
1987-04-24,281.52,287.730983606557,-6.21098360655742
1987-04-27,281.83,287.858032786885,-6.02803278688526
1987-04-28,282.51,287.95737704918,-5.44737704918032
1987-04-29,284.57,288.098032786885,-3.52803278688526
1987-04-30,288.36,288.240983606557,0.119016393442621
1987-05-01,288.03,288.353606557377,-0.323606557377104
1987-05-04,289.36,288.506393442623,0.853606557377077
1987-05-05,295.34,288.788032786885,6.55196721311472
1987-05-06,295.47,289.122459016393,6.34754098360656
1987-05-07,294.71,289.40393442623,5.30606557377047
1987-05-08,293.37,289.694918032787,3.67508196721315
1987-05-11,291.57,289.889508196721,1.6804918032787
1987-05-12,293.3,290.112459016393,3.1875409836066
1987-05-13,293.98,290.251639344262,3.72836065573773
1987-05-14,294.24,290.396229508197,3.8437704918033
1987-05-15,287.43,290.426721311475,-2.99672131147543
1987-05-18,286.65,290.445901639344,-3.79590163934427
1987-05-19,279.62,290.400655737705,-10.7806557377049
1987-05-20,278.21,290.324098360656,-12.1140983606558
1987-05-21,280.17,290.256721311475,-10.0867213114754
1987-05-22,282.16,290.243606557377,-8.08360655737704
1987-05-25,282.16,290.210163934426,-8.05016393442622
1987-05-26,289.11,290.310327868852,-1.20032786885247
1987-05-27,288.73,290.385901639344,-1.65590163934422
1987-05-28,290.76,290.420983606557,0.339016393442591
1987-05-29,290.1,290.414098360656,-0.314098360655692
1987-06-01,289.86,290.400983606557,-0.540983606557347
1987-06-02,288.46,290.403606557377,-1.94360655737705
1987-06-03,293.47,290.446393442623,3.02360655737709
1987-06-04,295.09,290.524754098361,4.56524590163934
1987-06-05,293.45,290.56131147541,2.88868852459018
1987-06-08,296.72,290.673278688525,6.04672131147544
1987-06-09,297.28,290.821639344262,6.45836065573769
1987-06-10,297.47,290.903606557377,6.566393442623
1987-06-11,298.73,291.001147540984,7.72885245901642
1987-06-12,301.62,291.124754098361,10.4952459016394
1987-06-15,303.14,291.206229508197,11.9337704918033
1987-06-16,304.7,291.264262295082,13.435737704918
1987-06-17,304.84,291.316721311475,13.5232786885246
1987-06-18,305.69,291.403770491803,14.2862295081967
1987-06-19,306.97,291.502786885246,15.4672131147541
1987-06-22,309.65,291.724426229508,17.9255737704918
1987-06-23,308.43,292.039672131148,16.3903278688525
1987-06-24,306.86,292.288196721311,14.5718032786885
1987-06-25,308.96,292.559836065574,16.4001639344262
1987-06-26,307.16,292.781639344262,14.3783606557377
1987-06-29,307.9,292.904426229508,14.9955737704918
1987-06-30,304,292.938032786885,11.0619672131148
1987-07-01,302.94,293.040491803279,9.89950819672129
1987-07-02,305.63,293.177704918033,12.4522950819672
1987-07-03,305.63,293.387049180328,12.2429508196721
1987-07-06,304.92,293.590819672131,11.3291803278689
1987-07-07,307.4,293.947868852459,13.452131147541
1987-07-08,308.29,294.425409836066,13.8645901639345
1987-07-09,307.53,294.80393442623,12.7260655737705
1987-07-10,308.37,295.155737704918,13.214262295082
1987-07-13,307.63,295.495409836066,12.1345901639344
1987-07-14,310.68,295.898524590164,14.781475409836
1987-07-15,310.42,296.182950819672,14.2370491803279
1987-07-16,312.7,296.601147540984,16.0988524590164
1987-07-17,314.59,297.056393442623,17.533606557377
1987-07-20,311.39,297.54606557377,13.8439344262295
1987-07-21,308.55,297.984098360656,10.5659016393442
1987-07-22,308.47,298.409672131148,10.0603278688525
1987-07-23,307.81,298.790655737705,9.01934426229508
1987-07-24,309.27,299.133442622951,10.1365573770491
1987-07-27,310.65,299.504262295082,11.145737704918
1987-07-28,312.33,299.880819672131,12.4491803278688
1987-07-29,315.65,300.213770491803,15.4362295081967
1987-07-30,318.05,300.58393442623,17.4660655737705
1987-07-31,318.66,300.976557377049,17.6834426229508
1987-08-03,317.57,301.373278688525,16.1967213114754
1987-08-04,316.23,301.777540983607,14.4524590163934
1987-08-05,318.45,302.189836065574,16.2601639344262
1987-08-06,322.09,302.650655737705,19.439344262295
1987-08-07,323,303.122131147541,19.877868852459
1987-08-10,328,303.787213114754,24.2127868852459
1987-08-11,333.33,304.552459016393,28.7775409836065
1987-08-12,332.39,305.417540983607,26.9724590163934
1987-08-13,334.65,306.342786885246,28.3072131147541
1987-08-14,333.99,307.225081967213,26.7649180327869
1987-08-17,334.11,308.076721311475,26.0332786885246
1987-08-18,329.25,308.84868852459,20.4013114754098
1987-08-19,329.83,309.516229508197,20.3137704918033
1987-08-20,334.84,310.272131147541,24.567868852459
1987-08-21,335.9,311.012131147541,24.887868852459
1987-08-24,333.33,311.720819672131,21.6091803278688
1987-08-25,336.77,312.489836065574,24.2801639344262
1987-08-26,334.57,313.245737704918,21.324262295082
1987-08-27,331.38,313.867213114754,17.5127868852459
1987-08-28,327.04,314.390983606557,12.6490163934427
1987-08-31,329.8,314.986885245902,14.8131147540984
1987-09-01,323.4,315.424262295082,7.975737704918
1987-09-02,321.68,315.824262295082,5.85573770491806
1987-09-03,320.21,316.197049180328,4.01295081967214
1987-09-04,316.7,316.491639344262,0.208360655737692
1987-09-07,316.7,316.738852459016,-0.0388524590164252
1987-09-08,313.56,316.909672131148,-3.34967213114754
1987-09-09,313.92,317.060819672131,-3.1408196721311
1987-09-10,317.13,317.262295081967,-0.132295081967186
1987-09-11,321.98,317.529344262295,4.45065573770495
1987-09-14,323.08,317.793442622951,5.28655737704918
1987-09-15,317.74,317.92606557377,-0.186065573770463
1987-09-16,314.86,318.031475409836,-3.17147540983603
1987-09-17,314.93,318.163770491803,-3.23377049180328
1987-09-18,314.86,318.260491803279,-3.40049180327867
1987-09-21,310.54,318.315901639344,-7.77590163934423
1987-09-22,319.5,318.50606557377,0.993934426229487
1987-09-23,321.19,318.787868852459,2.40213114754096
1987-09-24,319.72,319.062950819672,0.657049180327874
1987-09-25,320.16,319.301147540984,0.858852459016418
1987-09-28,323.2,319.589180327869,3.61081967213113
1987-09-29,321.69,319.864098360656,1.82590163934424
1987-09-30,321.83,320.100655737705,1.72934426229506
1987-10-01,327.33,320.412786885246,6.91721311475408
1987-10-02,328.07,320.749508196721,7.32049180327868
1987-10-05,328.08,321.07262295082,7.00737704918032
1987-10-06,319.22,321.26262295082,-2.04262295081963
1987-10-07,318.54,321.391475409836,-2.85147540983604
1987-10-08,314.16,321.452786885246,-7.2927868852459
1987-10-09,311.07,321.42606557377,-10.3560655737705
1987-10-12,309.39,321.340819672131,-11.9508196721312
1987-10-13,314.52,321.392131147541,-6.87213114754098
1987-10-14,305.23,321.337704918033,-16.1077049180328
1987-10-15,298.08,321.16737704918,-23.0873770491804
1987-10-16,282.7,320.755737704918,-38.055737704918
1987-10-19,224.97,319.373770491803,-94.4037704918033
1987-10-20,236.83,318.163606557377,-81.333606557377
1987-10-21,258.38,317.279180327869,-58.8991803278689
1987-10-22,248.25,316.174262295082,-67.924262295082
1987-10-23,248.22,315.029508196721,-66.8095081967213
1987-10-26,227.67,313.537868852459,-85.867868852459
1987-10-27,233.19,312.154590163934,-78.9645901639344
1987-10-28,233.28,310.794754098361,-77.5147540983607
1987-10-29,244.77,309.586885245902,-64.8168852459016
1987-10-30,251.79,308.434426229508,-56.6444262295082
1987-11-02,255.75,307.331967213115,-51.5819672131148
1987-11-03,250.82,306.066721311475,-55.2467213114754
1987-11-04,248.96,304.683606557377,-55.7236065573771
1987-11-05,254.48,303.406393442623,-48.926393442623
1987-11-06,250.41,302.025409836066,-51.6154098360656
1987-11-09,243.17,300.536557377049,-57.3665573770492
1987-11-10,239,298.97737704918,-59.9773770491803
1987-11-11,241.9,297.545409836066,-55.6454098360656
1987-11-12,248.53,296.21262295082,-47.6826229508196
1987-11-13,245.64,294.750327868852,-49.1103278688525
1987-11-16,246.76,293.289016393443,-46.5290163934426
1987-11-17,243.04,291.808852459016,-48.7688524590164
1987-11-18,245.55,290.313442622951,-44.7634426229508
1987-11-19,240.05,288.76393442623,-48.7139344262295
1987-11-20,242,287.29868852459,-45.2986885245901
1987-11-23,242.99,285.920819672131,-42.9308196721311
1987-11-24,246.39,284.553442622951,-38.1634426229508
1987-11-25,244.1,283.253442622951,-39.1534426229508
1987-11-26,244.1,281.981639344262,-37.8816393442623
1987-11-27,240.34,280.672295081967,-40.3322950819672
1987-11-30,230.3,279.255901639344,-48.9559016393442
1987-12-01,232,277.86737704918,-45.8673770491803
1987-12-02,233.45,276.554098360656,-43.1040983606558
1987-12-03,225.21,275.099836065574,-49.8898360655737
1987-12-04,223.92,273.571803278689,-49.6518032786886
1987-12-07,228.76,272.043606557377,-43.283606557377
1987-12-08,234.91,270.598196721311,-35.6881967213115
1987-12-09,238.89,269.305573770492,-30.4155737704918
1987-12-10,233.57,267.972950819672,-34.4029508196721
1987-12-11,235.32,266.667868852459,-31.347868852459
1987-12-14,242.19,265.476557377049,-23.2865573770492
1987-12-15,242.8,264.36606557377,-21.5660655737705
1987-12-16,248.08,263.195245901639,-15.1152459016393
1987-12-17,242.98,261.913114754098,-18.9331147540984
1987-12-18,249.16,260.756393442623,-11.5963934426229
1987-12-21,249.54,259.59868852459,-10.0586885245902
1987-12-22,249.95,258.397868852459,-8.44786885245901
1987-12-23,253.16,257.274426229508,-4.11442622950821
1987-12-24,252.02,256.13,-4.10999999999999
1987-12-25,252.02,254.895409836066,-2.87540983606556
1987-12-28,245.57,253.542950819672,-7.97295081967212
1987-12-29,244.59,252.174262295082,-7.58426229508197
1987-12-30,247.86,251.004426229508,-3.14442622950818
1987-12-31,247.08,249.832950819672,-2.75295081967212
1988-01-01,247.08,248.733278688525,-1.65327868852458
1988-01-04,255.94,247.829508196721,8.11049180327868
1988-01-05,258.63,246.99737704918,11.6326229508197
1988-01-06,258.89,246.085409836066,12.8045901639344
1988-01-07,261.07,245.361475409836,15.7085245901639
1988-01-08,243.42,244.465409836066,-1.04540983606557
1988-01-11,247.49,243.888196721311,3.60180327868852
1988-01-12,245.42,244.223442622951,1.19655737704917
1988-01-13,245.81,244.370655737705,1.43934426229509
1988-01-14,245.88,244.165737704918,1.71426229508197
1988-01-15,252.05,244.228032786885,7.82196721311476
1988-01-18,251.88,244.288032786885,7.59196721311474
1988-01-19,249.32,244.642950819672,4.67704918032786
1988-01-20,242.63,244.797704918033,-2.1677049180328
1988-01-21,243.14,244.959344262295,-1.81934426229509
1988-01-22,246.5,244.987704918033,1.51229508196721
1988-01-25,252.17,244.99393442623,7.17606557377047
1988-01-26,249.57,244.89262295082,4.67737704918034
1988-01-27,249.38,244.869016393443,4.51098360655737
1988-01-28,253.29,244.94,8.34999999999999
1988-01-29,257.07,244.982459016393,12.0875409836065
1988-02-01,255.04,245.058360655738,9.98163934426228
1988-02-02,255.57,245.261639344262,10.3083606557377
1988-02-03,252.21,245.478196721311,6.73180327868855
1988-02-04,252.21,245.647213114754,6.56278688524591
1988-02-05,250.96,245.687049180328,5.27295081967213
1988-02-08,249.1,245.743770491803,3.35622950819672
1988-02-09,251.72,245.825081967213,5.89491803278688
1988-02-10,256.66,246.048360655738,10.6116393442623
1988-02-11,255.95,246.218852459016,9.73114754098359
1988-02-12,257.63,246.507049180328,11.1229508196721
1988-02-15,257.63,246.763278688525,10.8667213114754
1988-02-16,259.83,247.039344262295,12.7906557377049
1988-02-17,259.21,247.249508196721,11.9604918032787
1988-02-18,257.91,247.475901639344,10.4340983606558
1988-02-19,261.61,247.762950819672,13.8470491803279
1988-02-22,265.64,248.177704918033,17.4622950819672
1988-02-23,265.02,248.746885245902,16.2731147540983
1988-02-24,264.43,249.278524590164,15.1514754098361
1988-02-25,261.58,249.739672131148,11.8403278688525
1988-02-26,262.46,250.350327868852,12.1096721311475
1988-02-29,267.82,251.07,16.75
1988-03-01,267.22,251.700491803279,15.5195081967213
1988-03-02,267.98,252.24262295082,15.7373770491803
1988-03-03,267.88,252.717868852459,15.162131147541
1988-03-04,268.45,253.289672131148,15.1603278688524
1988-03-07,267.38,253.815245901639,13.5647540983607
1988-03-08,269.43,254.261803278689,15.1681967213115
1988-03-09,269.06,254.692295081967,14.3677049180328
1988-03-10,263.84,254.950655737705,8.88934426229505
1988-03-11,264.94,255.310655737705,9.62934426229509
1988-03-14,266.37,255.592786885246,10.7772131147541
1988-03-15,266.13,255.864754098361,10.2652459016393
1988-03-16,268.65,256.17131147541,12.4786885245902
1988-03-17,271.22,256.46737704918,14.7526229508197
1988-03-18,271.12,256.780491803279,14.3395081967213
1988-03-21,268.74,257.054590163934,11.6854098360656
1988-03-22,268.84,257.43606557377,11.4039344262295
1988-03-23,268.91,257.834754098361,11.0752459016394
1988-03-24,263.35,258.08868852459,5.26131147540985
1988-03-25,258.51,258.27606557377,0.233934426229496
1988-03-28,258.06,258.45606557377,-0.3960655737705
1988-03-29,260.07,258.523770491803,1.54622950819669
1988-03-30,258.07,258.514590163934,-0.444590163934436
1988-03-31,258.89,258.514590163934,0.375409836065558
1988-04-01,257.79,258.460819672131,-0.670819672131131
1988-04-04,256.09,258.668524590164,-2.57852459016397
1988-04-05,258.51,258.849180327869,-0.33918032786886
1988-04-06,265.49,259.178196721311,6.31180327868856
1988-04-07,266.16,259.511803278689,6.64819672131148
1988-04-08,269.43,259.897868852459,9.53213114754101
1988-04-11,270.16,260.194754098361,9.96524590163938
1988-04-12,271.37,260.514262295082,10.8557377049181
1988-04-13,271.55,260.87868852459,10.6713114754098
1988-04-14,259.75,261.159344262295,-1.40934426229506
1988-04-15,259.77,261.431967213115,-1.66196721311479
1988-04-18,259.21,261.640327868852,-2.43032786885249
1988-04-19,257.92,261.734590163934,-3.81459016393438
1988-04-20,256.12,261.841967213115,-5.72196721311474
1988-04-21,256.42,261.95737704918,-5.53737704918029
1988-04-22,260.14,262.069672131148,-1.92967213114753
1988-04-25,262.46,262.158032786885,0.301967213114722
1988-04-26,263.93,262.303770491803,1.62622950819673
1988-04-27,263.8,262.43868852459,1.36131147540982
1988-04-28,262.61,262.609180327869,0.000819672131171956
1988-04-29,261.33,262.75868852459,-1.4286885245902
1988-05-02,261.56,262.932459016393,-1.37245901639346
1988-05-03,263,263.160327868852,-0.160327868852448
1988-05-04,260.32,263.30131147541,-2.98131147540983
1988-05-05,258.79,263.336229508197,-4.54622950819669
1988-05-06,257.48,263.36131147541,-5.8813114754098
1988-05-09,256.54,263.343442622951,-6.8034426229508
1988-05-10,257.62,263.343278688525,-5.7232786885246
1988-05-11,253.31,263.236393442623,-9.92639344262295
1988-05-12,253.85,263.148524590164,-9.29852459016396
1988-05-13,256.78,263.13,-6.35000000000002
1988-05-16,258.71,263.082459016393,-4.37245901639346
1988-05-17,255.39,262.914426229508,-7.52442622950821
1988-05-18,251.35,262.690327868852,-11.3403278688525
1988-05-19,252.57,262.495901639344,-9.92590163934426
1988-05-20,253.02,262.355573770492,-9.33557377049178
1988-05-23,250.83,262.164918032787,-11.3349180327869
1988-05-24,253.51,261.930327868852,-8.4203278688525
1988-05-25,253.76,261.709672131148,-7.94967213114757
1988-05-26,254.63,261.490819672131,-6.86081967213113
1988-05-27,253.42,261.253770491803,-7.83377049180328
1988-05-30,253.42,261.00737704918,-7.58737704918033
1988-05-31,262.16,260.921803278689,1.23819672131151
1988-06-01,266.69,260.876885245902,5.81311475409836
1988-06-02,265.33,260.815737704918,4.51426229508195
1988-06-03,266.45,260.858524590164,5.59147540983605
1988-06-06,267.05,260.893114754098,6.15688524590166
1988-06-07,265.17,260.873442622951,4.29655737704917
1988-06-08,271.52,260.961803278689,10.5581967213114
1988-06-09,270.2,260.987213114754,9.21278688524586
1988-06-10,271.26,260.987868852459,10.272131147541
1988-06-13,271.43,260.992950819672,10.4370491803279
1988-06-14,274.3,261.084098360656,13.2159016393443
1988-06-15,274.45,261.17606557377,13.2739344262295
1988-06-16,269.77,261.190163934426,8.57983606557377
1988-06-17,270.68,261.310327868852,9.36967213114752
1988-06-20,268.94,261.48131147541,7.45868852459017
1988-06-21,271.67,261.704426229508,9.9655737704918
1988-06-22,275.66,261.96,13.7
1988-06-23,274.82,262.234590163934,12.5854098360656
1988-06-24,273.78,262.47868852459,11.3013114754098
1988-06-27,269.06,262.663442622951,6.39655737704919
1988-06-28,272.31,262.929344262295,9.3806557377049
1988-06-29,270.98,263.133770491803,7.84622950819676
1988-06-30,273.5,263.265081967213,10.2349180327869
1988-07-01,271.78,263.357213114754,8.4227868852459
1988-07-04,271.78,263.395737704918,8.38426229508195
1988-07-05,275.81,263.488360655738,12.3216393442623
1988-07-06,272.02,263.499016393443,8.52098360655737
1988-07-07,271.78,263.502786885246,8.27721311475409
1988-07-08,270.02,263.671147540984,6.34885245901637
1988-07-11,270.55,263.847868852459,6.70213114754102
1988-07-12,267.85,263.989508196721,3.86049180327871
1988-07-13,269.32,264.176393442623,5.14360655737704
1988-07-14,270.26,264.408196721311,5.85180327868852
1988-07-15,272.05,264.664426229508,7.38557377049182
1988-07-18,270.51,264.834426229508,5.67557377049178
1988-07-19,268.47,264.932950819672,3.53704918032787
1988-07-20,270,265.032459016393,4.96754098360657
1988-07-21,266.66,265.079344262295,1.58065573770494
1988-07-22,263.5,265.09393442623,-1.59393442622951
1988-07-25,264.68,265.148852459016,-0.468852459016375
1988-07-26,265.19,265.208360655738,-0.0183606557376947
1988-07-27,262.5,265.200163934426,-2.7001639344262
1988-07-28,266.02,265.293606557377,0.726393442622907
1988-07-29,272.02,265.510491803279,6.5095081967213
1988-08-01,272.21,265.751967213115,6.45803278688521
1988-08-02,272.06,266.006393442623,6.05360655737707
1988-08-03,272.98,266.258196721311,6.72180327868853
1988-08-04,271.93,266.563442622951,5.36655737704916
1988-08-05,271.15,266.847049180328,4.30295081967211
1988-08-08,269.98,267.063442622951,2.91655737704917
1988-08-09,266.49,267.190983606557,-0.700983606557372
1988-08-10,261.9,267.297704918033,-5.39770491803279
1988-08-11,262.75,267.484590163934,-4.7345901639344
1988-08-12,262.55,267.648196721311,-5.09819672131147
1988-08-15,258.69,267.741147540984,-9.05114754098361
1988-08-16,260.56,267.900655737705,-7.34065573770494
1988-08-17,260.77,268.019672131148,-7.24967213114758
1988-08-18,261.03,268.138852459016,-7.10885245901642
1988-08-19,260.24,268.230819672131,-7.99081967213112
1988-08-22,256.98,268.289180327869,-11.3091803278688
1988-08-23,257.09,268.349344262295,-11.2593442622951
1988-08-24,261.13,268.332459016393,-7.20245901639345
1988-08-25,259.18,268.209344262295,-9.02934426229507
1988-08-26,259.68,268.116721311475,-8.43672131147542
1988-08-29,262.33,268.049180327869,-5.71918032786886
1988-08-30,262.51,267.974754098361,-5.46475409836069
1988-08-31,261.52,267.914918032787,-6.3949180327869
1988-09-01,258.35,267.699016393443,-9.34901639344258
1988-09-02,264.48,267.605245901639,-3.12524590163935
1988-09-05,264.48,267.494098360656,-3.01409836065574
1988-09-06,265.59,267.398360655738,-1.80836065573772
1988-09-07,265.87,267.260163934426,-1.3901639344262
1988-09-08,265.88,267.119672131148,-1.23967213114753
1988-09-09,266.84,267.071639344262,-0.231639344262305
1988-09-12,266.47,267.00262295082,-0.532622950819643
1988-09-13,267.43,266.977868852459,0.452131147540968
1988-09-14,269.31,266.939180327869,2.37081967213118
1988-09-15,268.13,266.815737704918,1.31426229508196
1988-09-16,270.65,266.74737704918,3.90262295081965
1988-09-19,268.82,266.66606557377,2.15393442622951
1988-09-20,269.73,266.677049180328,3.05295081967216
1988-09-21,270.16,266.641803278689,3.51819672131148
1988-09-22,269.18,266.612295081967,2.5677049180328
1988-09-23,269.76,266.550983606557,3.2090163934426
1988-09-26,268.88,266.503442622951,2.37655737704915
1988-09-27,268.26,266.445737704918,1.81426229508196
1988-09-28,269.08,266.335409836066,2.74459016393439
1988-09-29,272.59,266.344754098361,6.24524590163929
1988-09-30,271.91,266.346885245902,5.56311475409836
1988-10-03,271.38,266.369180327869,5.01081967213116
1988-10-04,270.62,266.370327868852,4.24967213114752
1988-10-05,271.86,266.43606557377,5.42393442622955
1988-10-06,272.39,266.486393442623,5.90360655737703
1988-10-07,278.07,266.614426229508,11.4555737704918
1988-10-10,278.24,266.715901639344,11.5240983606557
1988-10-11,277.93,266.837540983607,11.0924590163934
1988-10-12,273.98,266.927868852459,7.05213114754099
1988-10-13,275.22,267.013442622951,8.20655737704919
1988-10-14,275.5,267.158360655738,8.34163934426232
1988-10-17,276.41,267.37,9.04000000000002
1988-10-18,279.38,267.610983606557,11.7690163934426
1988-10-19,276.97,267.804098360656,9.16590163934427
1988-10-20,282.88,268.138196721311,14.7418032786885
1988-10-21,283.66,268.42737704918,15.2326229508197
1988-10-24,282.28,268.595573770492,13.6844262295082
1988-10-25,282.38,268.762295081967,13.6177049180328
1988-10-26,281.38,268.915081967213,12.4649180327869
1988-10-27,277.28,268.985573770492,8.29442622950819
1988-10-28,278.53,269.093770491803,9.43622950819667
1988-10-31,278.97,269.221967213115,9.74803278688529
1988-11-01,279.06,269.370819672131,9.68918032786888
1988-11-02,279.06,269.576885245902,9.48311475409838
1988-11-03,279.2,269.860491803279,9.33950819672128
1988-11-04,276.31,270.082786885246,6.22721311475408
1988-11-07,273.93,270.269344262295,3.66065573770493
1988-11-08,275.15,270.539180327869,4.61081967213113
1988-11-09,273.33,270.748524590164,2.58147540983606
1988-11-10,273.69,270.960327868852,2.72967213114754
1988-11-11,267.92,271.073278688525,-3.15327868852455
1988-11-14,267.72,271.195901639344,-3.47590163934422
1988-11-15,268.34,271.382131147541,-3.042131147541
1988-11-16,263.82,271.492459016393,-7.67245901639347
1988-11-17,264.6,271.549344262295,-6.94934426229509
1988-11-18,266.47,271.668852459016,-5.19885245901639
1988-11-21,266.22,271.77606557377,-5.55606557377047
1988-11-22,267.21,271.85606557377,-4.6460655737705
1988-11-23,269,271.962459016393,-2.96245901639344
1988-11-24,269,272.085081967213,-3.08508196721311
1988-11-25,267.23,272.230655737705,-5.0006557377049
1988-11-28,268.64,272.298852459016,-3.65885245901643
1988-11-29,270.91,272.404262295082,-1.49426229508197
1988-11-30,273.7,272.537213114754,1.16278688524591
1988-12-01,272.49,272.645737704918,-0.15573770491801
1988-12-02,271.81,272.742950819672,-0.932950819672158
1988-12-05,274.93,272.875573770492,2.05442622950818
1988-12-06,277.59,273.057868852459,4.53213114754095
1988-12-07,278.13,273.233278688525,4.8967213114754
1988-12-08,276.57,273.352295081967,3.21770491803278
1988-12-09,277.03,273.498196721312,3.53180327868847
1988-12-12,276.52,273.594426229508,2.92557377049178
1988-12-13,276.31,273.717213114754,2.59278688524591
1988-12-14,275.31,273.80868852459,1.50131147540986
1988-12-15,274.28,273.876229508197,0.403770491803243
1988-12-16,276.29,273.992786885246,2.29721311475413
1988-12-19,278.91,274.142786885246,4.7672131147541
1988-12-20,277.47,274.283606557377,3.186393442623
1988-12-21,277.38,274.433114754098,2.94688524590163
1988-12-22,276.87,274.560819672131,2.30918032786883
1988-12-23,277.87,274.64737704918,3.2226229508197
1988-12-26,277.87,274.745081967213,3.12491803278687
1988-12-27,276.83,274.834426229508,1.99557377049177
1988-12-28,277.08,274.940327868852,2.13967213114751
1988-12-29,279.4,275.06393442623,4.33606557377044
1988-12-30,277.72,275.15131147541,2.56868852459019
1989-01-02,277.72,275.145573770492,2.57442622950822
1989-01-03,275.31,275.097540983607,0.212459016393439
1989-01-04,279.43,275.122131147541,4.30786885245902
1989-01-05,280.01,275.220983606557,4.78901639344264
1989-01-06,280.67,275.310327868852,5.35967213114753
1989-01-09,280.98,275.400163934426,5.57983606557377
1989-01-10,280.38,275.465245901639,4.91475409836067
1989-01-11,282.01,275.508360655738,6.50163934426229
1989-01-12,283.17,275.61,7.56
1989-01-13,283.87,275.626229508197,8.24377049180328
1989-01-16,284.14,275.634098360656,8.50590163934424
1989-01-17,283.55,275.654918032787,7.89508196721312
1989-01-18,286.53,275.722950819672,10.8070491803279
1989-01-19,286.9,275.813442622951,11.0865573770491
1989-01-20,286.63,275.966721311475,10.6632786885246
1989-01-23,284.5,276.064590163934,8.43540983606556
1989-01-24,288.49,276.220655737705,12.2693442622951
1989-01-25,289.14,276.385901639344,12.7540983606557
1989-01-26,291.69,276.592950819672,15.0970491803279
1989-01-27,293.82,276.83262295082,16.9873770491803
1989-01-30,294.99,277.138852459016,17.8511475409836
1989-01-31,297.47,277.524754098361,19.9452459016394
1989-02-01,297.09,277.884426229508,19.2055737704918
1989-02-02,296.84,278.269836065574,18.5701639344262
1989-02-03,296.97,278.651475409836,18.318524590164
1989-02-06,296.04,279.112459016393,16.9275409836066
1989-02-07,299.63,279.635573770492,19.9944262295082
1989-02-08,298.65,280.132459016393,18.5175409836065
1989-02-09,296.06,280.660983606557,15.3990163934427
1989-02-10,292.02,281.110491803279,10.9095081967213
1989-02-13,292.54,281.537868852459,11.002131147541
1989-02-14,291.81,281.95737704918,9.85262295081969
1989-02-15,294.24,282.400491803279,11.8395081967213
1989-02-16,294.81,282.823606557377,11.986393442623
1989-02-17,296.76,283.27868852459,13.4813114754098
1989-02-20,296.76,283.762786885246,12.9972131147541
1989-02-21,295.98,284.210983606557,11.7690163934427
1989-02-22,290.91,284.538852459016,6.37114754098366
1989-02-23,292.05,284.839672131148,7.21032786885246
1989-02-24,287.13,285.079672131148,2.05032786885243
1989-02-27,287.82,285.342131147541,2.47786885245898
1989-02-28,288.86,285.570491803279,3.28950819672133
1989-03-01,287.11,285.726557377049,1.38344262295084
1989-03-02,289.95,285.920327868852,4.02967213114755
1989-03-03,291.18,286.159836065574,5.02016393442625
1989-03-06,294.81,286.45131147541,8.35868852459015
1989-03-07,293.87,286.735737704918,7.13426229508195
1989-03-08,294.08,287.027049180328,7.0529508196721
1989-03-09,293.93,287.332295081967,6.59770491803278
1989-03-10,292.88,287.637213114754,5.24278688524589
1989-03-13,295.32,287.949180327869,7.37081967213112
1989-03-14,295.14,288.215245901639,6.92475409836067
1989-03-15,296.67,288.53,8.14000000000004
1989-03-16,299.44,288.891639344262,10.5483606557377
1989-03-17,292.69,289.150983606557,3.53901639344264
1989-03-20,289.92,289.348524590164,0.571475409836069
1989-03-21,291.33,289.569180327869,1.76081967213111
1989-03-22,290.49,289.793114754098,0.696885245901626
1989-03-23,288.98,289.988196721311,-1.00819672131144
1989-03-24,288.98,290.145245901639,-1.16524590163931
1989-03-27,290.57,290.355901639344,0.214098360655726
1989-03-28,291.59,290.583278688525,1.00672131147536
1989-03-29,292.35,290.86262295082,1.48737704918034
1989-03-30,292.52,291.077213114754,1.44278688524588
1989-03-31,294.87,291.320819672131,3.54918032786884
1989-04-03,296.39,291.578524590164,4.81147540983608
1989-04-04,295.31,291.813442622951,3.49655737704916
1989-04-05,296.24,292.073442622951,4.16655737704917
1989-04-06,295.29,292.291147540984,2.9988524590164
1989-04-07,297.15,292.520327868852,4.62967213114752
1989-04-10,297.11,292.73737704918,4.37262295081968
1989-04-11,298.49,292.97262295082,5.51737704918031
1989-04-12,298.99,293.225737704918,5.76426229508195
1989-04-13,296.4,293.387540983607,3.01245901639339
1989-04-14,301.36,293.624590163934,7.73540983606557
1989-04-17,301.72,293.871967213115,7.84803278688526
1989-04-18,306.02,294.224754098361,11.7952459016393
1989-04-19,307.15,294.530655737705,12.619344262295
1989-04-20,306.19,294.810163934426,11.3798360655738
1989-04-21,309.61,295.10393442623,14.5060655737705
1989-04-24,308.69,295.347704918033,13.3422950819672
1989-04-25,306.75,295.540491803279,11.2095081967213
1989-04-26,306.93,295.695573770492,11.2344262295082
1989-04-27,309.58,295.900327868852,13.6796721311475
1989-04-28,309.64,296.110163934426,13.5298360655738
1989-05-01,309.12,296.309344262295,12.8106557377049
1989-05-02,308.12,296.50737704918,11.6126229508197
1989-05-03,308.16,296.647213114754,11.5127868852459
1989-05-04,307.77,296.796721311475,10.9732786885245
1989-05-05,307.61,296.98606557377,10.6239344262295
1989-05-08,306,297.215245901639,8.78475409836068
1989-05-09,305.19,297.42262295082,7.76737704918031
1989-05-10,305.8,297.651967213115,8.14803278688527
1989-05-11,306.95,297.860327868852,9.08967213114755
1989-05-12,313.84,298.172295081967,15.6677049180328
1989-05-15,316.16,298.490327868852,17.6696721311476
1989-05-16,315.28,298.79393442623,16.4860655737705
1989-05-17,317.48,299.146393442623,18.333606557377
1989-05-18,317.97,299.59,18.3800000000001
1989-05-19,321.24,300.068524590164,21.1714754098361
1989-05-22,321.98,300.639836065574,21.3401639344262
1989-05-23,318.32,301.139836065574,17.1801639344262
1989-05-24,319.14,301.636229508197,17.5037704918033
1989-05-25,319.17,302.161803278689,17.0081967213115
1989-05-26,321.59,302.680491803279,18.9095081967213
1989-05-29,321.59,303.179016393443,18.4109836065574
1989-05-30,319.05,303.576393442623,15.4736065573771
1989-05-31,320.52,304.013278688525,16.5067213114754
1989-06-01,321.97,304.470491803279,17.4995081967214
1989-06-02,325.52,304.988360655738,20.5316393442623
1989-06-05,322.03,305.466229508197,16.5637704918033
1989-06-06,324.24,305.940327868852,18.2996721311475
1989-06-07,326.95,306.461803278689,20.4881967213115
1989-06-08,326.75,306.954918032787,19.7950819672131
1989-06-09,326.69,307.401639344262,19.2883606557377
1989-06-12,326.24,307.951639344262,18.2883606557377
1989-06-13,323.91,308.508852459016,15.4011475409836
1989-06-14,323.83,309.041639344262,14.7883606557377
1989-06-15,320.08,309.526721311475,10.5532786885246
1989-06-16,321.35,310.05737704918,11.2926229508197
1989-06-19,321.89,310.596885245902,11.2931147540983
1989-06-20,321.25,311.099836065574,10.1501639344262
1989-06-21,320.48,311.573442622951,8.90655737704918
1989-06-22,322.32,312.064754098361,10.2552459016393
1989-06-23,328,312.646393442623,15.3536065573771
1989-06-26,326.6,313.166557377049,13.4334426229508
1989-06-27,328.44,313.691967213115,14.7480327868852
1989-06-28,325.81,314.191967213115,11.6180327868852
1989-06-29,319.68,314.576229508197,5.10377049180329
1989-06-30,317.98,314.948196721311,3.03180327868853
1989-07-03,319.23,315.310163934426,3.9198360655738
1989-07-04,319.23,315.672786885246,3.55721311475412
1989-07-05,320.64,316.035901639344,4.60409836065571
1989-07-06,321.55,316.405737704918,5.144262295082
1989-07-07,324.91,316.873114754098,8.03688524590166
1989-07-10,327.07,317.294590163934,9.77540983606559
1989-07-11,328.78,317.738196721311,11.0418032786885
1989-07-12,329.81,318.128196721311,11.6818032786885
1989-07-13,329.95,318.501967213115,11.4480327868852
1989-07-14,331.84,318.922459016393,12.9175409836066
1989-07-17,332.44,319.296721311475,13.1432786885246
1989-07-18,331.35,319.668196721311,11.6818032786886
1989-07-19,335.73,320.143278688525,15.5867213114754
1989-07-20,333.51,320.579016393443,12.9309836065574
1989-07-21,335.9,321.010491803279,14.8895081967213
1989-07-24,333.67,321.404426229508,12.2655737704918
1989-07-25,333.88,321.810327868852,12.0696721311475
1989-07-26,338.05,322.300983606557,15.7490163934426
1989-07-27,341.99,322.855573770492,19.1344262295082
1989-07-28,342.15,323.419180327869,18.7308196721311
1989-07-31,346.08,324.049836065574,22.0301639344262
1989-08-01,343.75,324.66868852459,19.0813114754098
1989-08-02,344.34,325.310491803279,19.0295081967213
1989-08-03,344.74,325.948852459016,18.7911475409836
1989-08-04,343.92,326.554918032787,17.3650819672131
1989-08-07,349.41,327.138032786885,22.2719672131148
1989-08-08,349.35,327.682131147541,21.667868852459
1989-08-09,346.94,328.201147540984,18.7388524590164
1989-08-10,348.25,328.705573770492,19.5444262295082
1989-08-11,344.74,329.144426229508,15.5955737704918
1989-08-14,343.06,329.502131147541,13.557868852459
1989-08-15,344.71,329.874754098361,14.8352459016393
1989-08-16,345.66,330.322950819672,15.3370491803279
1989-08-17,344.45,330.737868852459,13.712131147541
1989-08-18,346.03,331.178196721311,14.8518032786885
1989-08-21,340.67,331.490983606557,9.17901639344262
1989-08-22,341.19,331.812295081967,9.3777049180328
1989-08-23,344.7,332.232786885246,12.4672131147541
1989-08-24,351.52,332.740983606557,18.7790163934426
1989-08-25,350.52,333.209016393443,17.3109836065574
1989-08-28,352.09,333.644590163934,18.4454098360656
1989-08-29,349.84,334.100491803279,15.7395081967213
1989-08-30,350.65,334.533442622951,16.1165573770492
1989-08-31,351.45,334.935081967213,16.5149180327869
1989-09-01,353.73,335.37737704918,18.3526229508197
1989-09-04,353.73,335.820655737705,17.9093442622951
1989-09-05,352.56,336.252131147541,16.307868852459
1989-09-06,349.24,336.66737704918,12.5726229508197
1989-09-07,348.35,337.069344262295,11.2806557377049
1989-09-08,348.76,337.539508196721,11.2204918032787
1989-09-11,347.66,337.970819672131,9.68918032786888
1989-09-12,348.7,338.410327868852,10.2896721311475
1989-09-13,345.46,338.807213114754,6.65278688524586
1989-09-14,343.16,339.179016393443,3.9809836065574
1989-09-15,345.06,339.551803278689,5.50819672131149
1989-09-18,346.73,339.858852459016,6.8711475409836
1989-09-19,346.55,340.185901639344,6.36409836065576
1989-09-20,346.47,340.481475409836,5.98852459016393
1989-09-21,345.7,340.807540983607,4.89245901639345
1989-09-22,347.05,341.256229508197,5.79377049180329
1989-09-25,344.23,341.686557377049,2.54344262295086
1989-09-26,344.33,342.098032786885,2.23196721311473
1989-09-27,345.1,342.522131147541,2.57786885245906
1989-09-28,348.6,342.980491803279,5.61950819672131
1989-09-29,349.15,343.432950819672,5.71704918032782
1989-10-02,350.87,343.858524590164,7.01147540983607
1989-10-03,354.71,344.311639344262,10.3983606557377
1989-10-04,356.94,344.773278688525,12.1667213114754
1989-10-05,356.97,345.218524590164,11.7514754098361
1989-10-06,358.78,345.691147540984,13.0888524590164
1989-10-09,359.8,346.149508196721,13.6504918032787
1989-10-10,359.13,346.587049180328,12.5429508196721
1989-10-11,356.99,347.00737704918,9.98262295081969
1989-10-12,355.39,347.329672131148,8.06032786885243
1989-10-13,333.65,347.331967213115,-13.6819672131148
1989-10-16,342.85,347.445901639344,-4.59590163934422
1989-10-17,341.16,347.56868852459,-6.40868852459016
1989-10-18,341.76,347.697868852459,-5.93786885245902
1989-10-19,347.13,347.846721311475,-0.716721311475396
1989-10-20,347.16,347.931475409836,-0.771475409836057
1989-10-23,344.83,347.975409836066,-3.1454098360656
1989-10-24,343.7,347.936393442623,-4.23639344262295
1989-10-25,342.5,347.915901639344,-5.41590163934427
1989-10-26,337.93,347.810819672131,-9.88081967213117
1989-10-27,335.06,347.652131147541,-12.592131147541
1989-10-30,335.07,347.507049180328,-12.4370491803279
1989-10-31,340.36,347.35868852459,-6.99868852459014
1989-11-01,341.2,347.225081967213,-6.02508196721311
1989-11-02,338.48,347.086393442623,-8.60639344262296
1989-11-03,337.62,346.912131147541,-9.292131147541
1989-11-06,332.61,346.713278688525,-14.1032786885246
1989-11-07,334.81,346.578032786885,-11.7680327868853
1989-11-08,338.15,346.470491803279,-8.32049180327868
1989-11-09,336.57,346.321475409836,-9.75147540983608
1989-11-10,339.1,346.233770491803,-7.13377049180326
1989-11-13,339.55,346.127540983607,-6.57754098360653
1989-11-14,337.99,346.083606557377,-8.09360655737703
1989-11-15,340.54,346.072950819672,-5.53295081967212
1989-11-16,340.58,346.005409836066,-5.42540983606557
1989-11-17,341.61,345.842950819672,-4.23295081967211
1989-11-20,339.35,345.659836065574,-6.30983606557373
1989-11-21,339.59,345.454918032787,-5.86491803278693
1989-11-22,341.91,345.324918032787,-3.41491803278689
1989-11-23,341.91,345.181639344262,-3.27163934426227
1989-11-24,343.97,345.059016393443,-1.08901639344259
1989-11-27,345.61,344.925901639344,0.684098360655753
1989-11-28,345.77,344.795409836066,0.974590163934408
1989-11-29,343.6,344.648524590164,-1.04852459016394
1989-11-30,345.99,344.595245901639,1.39475409836064
1989-12-01,350.63,344.63262295082,5.99737704918033
1989-12-04,351.41,344.67606557377,6.73393442622955
1989-12-05,349.58,344.707540983607,4.87245901639341
1989-12-06,348.55,344.705081967213,3.84491803278689
1989-12-07,347.59,344.74,2.84999999999997
1989-12-08,348.69,344.830655737705,3.85934426229505
1989-12-11,348.56,344.888032786885,3.67196721311473
1989-12-12,351.73,344.97,6.75999999999999
1989-12-13,352.75,345.071639344262,7.67836065573772
1989-12-14,350.93,345.144754098361,5.78524590163937
1989-12-15,350.14,345.217540983607,4.92245901639342
1989-12-18,343.69,345.162459016393,-1.47245901639343
1989-12-19,342.46,345.133442622951,-2.67344262295086
1989-12-20,342.84,345.109016393443,-2.26901639344266
1989-12-21,344.78,345.103770491803,-0.323770491803316
1989-12-22,347.42,345.084426229508,2.33557377049181
1989-12-25,347.42,345.05606557377,2.36393442622955
1989-12-26,346.81,344.989508196721,1.82049180327868
1989-12-27,348.81,344.892786885246,3.91721311475408
1989-12-28,350.67,344.79,5.88
1989-12-29,353.4,344.731475409836,8.66852459016388
1990-01-01,353.4,344.643278688525,8.75672131147536
1990-01-02,359.69,344.641475409836,15.0485245901639
1990-01-03,358.76,344.635409836066,14.1245901639344
1990-01-04,355.66,344.613606557377,11.046393442623
1990-01-05,352.2,344.56131147541,7.63868852459012
1990-01-08,353.79,344.891475409836,8.89852459016396
1990-01-09,349.62,345.002459016393,4.61754098360655
1990-01-10,347.31,345.103278688525,2.20672131147541
1990-01-11,348.53,345.214262295082,3.31573770491798
1990-01-12,339.93,345.096229508197,-5.16622950819669
1990-01-15,337,344.929672131148,-7.92967213114753
1990-01-16,340.75,344.862786885246,-4.1127868852459
1990-01-17,337.4,344.759508196721,-7.35950819672132
1990-01-18,338.19,344.688852459016,-6.4988524590164
1990-01-19,339.15,344.708852459016,-5.55885245901641
1990-01-22,330.38,344.632131147541,-14.252131147541
1990-01-23,331.61,344.575409836066,-12.9654098360656
1990-01-24,330.26,344.409836065574,-14.1498360655738
1990-01-25,326.08,344.161967213115,-18.0819672131148
1990-01-26,325.8,343.954098360656,-18.1540983606557
1990-01-29,325.2,343.750491803279,-18.5504918032787
1990-01-30,322.98,343.59262295082,-20.6126229508196
1990-01-31,329.08,343.49868852459,-14.4186885245902
1990-02-01,328.79,343.345245901639,-14.5552459016394
1990-02-02,330.92,343.25262295082,-12.3326229508197
1990-02-05,331.85,343.133770491803,-11.2837704918032
1990-02-06,329.66,342.971639344262,-13.3116393442623
1990-02-07,333.75,342.902131147541,-9.15213114754101
1990-02-08,332.96,342.777868852459,-9.81786885245901
1990-02-09,333.62,342.663770491803,-9.04377049180329
1990-02-12,330.08,342.474754098361,-12.3947540983607
1990-02-13,331.02,342.338196721311,-11.3181967213115
1990-02-14,332.01,342.21393442623,-10.2039344262295
1990-02-15,334.89,342.098852459016,-7.20885245901638
1990-02-16,332.72,341.948196721311,-9.22819672131146
1990-02-19,332.72,341.763770491803,-9.04377049180323
1990-02-20,327.99,341.474918032787,-13.4849180327869
1990-02-21,327.67,341.178196721311,-13.5081967213114
1990-02-22,325.7,340.884754098361,-15.1847540983607
1990-02-23,324.15,340.526721311475,-16.3767213114754
1990-02-26,328.67,340.166721311475,-11.4967213114754
1990-02-27,330.26,339.82,-9.56
1990-02-28,331.89,339.53,-7.63999999999999
1990-03-01,332.74,339.270819672131,-6.53081967213114
1990-03-02,335.54,339.073278688525,-3.53327868852455
1990-03-05,333.74,338.828196721311,-5.08819672131148
1990-03-06,337.93,338.65393442623,-0.723934426229505
1990-03-07,336.95,338.411639344262,-1.46163934426232
1990-03-08,340.27,338.207049180328,2.0629508196721
1990-03-09,337.93,337.99393442623,-0.0639344262294799
1990-03-12,338.67,337.805901639344,0.86409836065576
1990-03-13,336,337.679836065574,-1.6798360655738
1990-03-14,336.89,337.588524590164,-0.69852459016397
1990-03-15,338.07,337.510327868852,0.559672131147522
1990-03-16,341.91,337.463278688525,4.44672131147541
1990-03-19,343.53,337.399508196721,6.13049180327869
1990-03-20,341.57,337.303606557377,4.26639344262293
1990-03-21,339.74,337.187704918033,2.5522950819672
1990-03-22,335.69,336.97262295082,-1.2826229508197
1990-03-23,337.22,336.752131147541,0.467868852459048
1990-03-26,337.63,336.493606557377,1.13639344262293
1990-03-27,341.5,336.298524590164,5.20147540983606
1990-03-28,342,336.008524590164,5.99147540983608
1990-03-29,340.79,335.71393442623,5.07606557377051
1990-03-30,339.94,335.456229508197,4.48377049180328
1990-04-02,338.7,335.234918032787,3.46508196721311
1990-04-03,343.64,335.068524590164,8.57147540983607
1990-04-04,341.09,334.92868852459,6.16131147540983
1990-04-05,340.73,334.820819672131,5.90918032786885
1990-04-06,340.08,334.682295081967,5.39770491803279
1990-04-09,341.37,334.705901639344,6.66409836065571
1990-04-10,342.07,334.789016393443,7.28098360655736
1990-04-11,341.92,334.808196721312,7.11180327868851
1990-04-12,344.34,334.921967213115,9.41803278688525
1990-04-13,344.34,335.022786885246,9.31721311475405
1990-04-16,344.74,335.114426229508,9.62557377049183
1990-04-17,344.68,335.348852459016,9.33114754098364
1990-04-18,340.72,335.498196721312,5.22180327868853
1990-04-19,338.09,335.626557377049,2.46344262295082
1990-04-20,335.12,335.774754098361,-0.654754098360627
1990-04-23,331.05,335.860819672131,-4.81081967213112
1990-04-24,330.36,335.945409836066,-5.58540983606554
1990-04-25,332.03,336.093770491803,-4.06377049180333
1990-04-26,332.92,336.156721311475,-3.23672131147538
1990-04-27,329.11,336.161967213115,-7.05196721311472
1990-04-30,330.8,336.16,-5.36000000000001
1990-05-01,332.25,336.166557377049,-3.91655737704917
1990-05-02,334.48,336.245573770492,-1.76557377049181
1990-05-03,335.57,336.275409836066,-0.705409836065598
1990-05-04,338.39,336.364426229508,2.0255737704918
1990-05-07,340.53,336.477704918033,4.0522950819672
1990-05-08,342.01,336.673278688525,5.3367213114754
1990-05-09,342.86,336.86737704918,5.99262295081968
1990-05-10,343.82,337.060983606557,6.75901639344261
1990-05-11,352,337.341475409836,14.658524590164
1990-05-14,354.75,337.70262295082,17.0473770491803
1990-05-15,354.28,338.05606557377,16.2239344262295
1990-05-16,354,338.482459016393,15.5175409836066
1990-05-17,354.47,338.921803278689,15.5481967213115
1990-05-18,354.64,339.396229508197,15.2437704918033
1990-05-21,358,339.951147540984,18.0488524590164
1990-05-22,358.43,340.439016393443,17.9909836065574
1990-05-23,359.29,340.914918032787,18.3750819672131
1990-05-24,358.41,341.349672131148,17.0603278688525
1990-05-25,354.58,341.707704918033,12.8722950819672
1990-05-28,354.58,342.019836065574,12.5601639344262
1990-05-29,360.65,342.460983606557,18.1890163934426
1990-05-30,360.86,342.836885245902,18.0231147540984
1990-05-31,361.23,343.234918032787,17.9950819672131
1990-06-01,363.16,343.610163934426,19.5498360655738
1990-06-04,367.4,344.093278688525,23.3067213114754
1990-06-05,366.64,344.551803278689,22.0881967213115
1990-06-06,364.96,345.026557377049,19.9334426229508
1990-06-07,363.15,345.457049180328,17.6929508196721
1990-06-08,358.71,345.795409836066,12.9145901639344
1990-06-11,361.63,346.11868852459,15.5113114754099
1990-06-12,366.25,346.491147540984,19.7588524590164
1990-06-13,364.9,346.873606557377,18.0263934426229
1990-06-14,362.9,347.253278688525,15.6467213114754
1990-06-15,362.91,347.699508196721,15.2104918032787
1990-06-18,356.88,348.021803278689,8.85819672131146
1990-06-19,358.47,348.363442622951,10.1065573770492
1990-06-20,359.1,348.651967213115,10.4480327868853
1990-06-21,360.47,348.954754098361,11.5152459016394
1990-06-22,355.43,349.194754098361,6.23524590163936
1990-06-25,352.31,349.397540983607,2.91245901639343
1990-06-26,352.06,349.616557377049,2.44344262295084
1990-06-27,355.14,349.805081967213,5.33491803278685
1990-06-28,357.63,350.076229508197,7.55377049180328
1990-06-29,358.02,350.359672131148,7.66032786885245
1990-07-02,359.54,350.67868852459,8.86131147540988
1990-07-03,360.16,350.986721311475,9.17327868852459
1990-07-04,360.16,351.283278688525,8.87672131147542
1990-07-05,355.68,351.508852459016,4.17114754098361
1990-07-06,358.42,351.739672131148,6.68032786885249
1990-07-09,359.52,351.988524590164,7.53147540983605
1990-07-10,356.49,352.181147540984,4.30885245901641
1990-07-11,361.23,352.452459016393,8.77754098360657
1990-07-12,365.44,352.857704918033,12.5822950819672
1990-07-13,367.31,353.336721311475,13.9732786885246
1990-07-16,368.95,353.89131147541,15.0586885245901
1990-07-17,367.52,354.489180327869,13.0308196721311
1990-07-18,364.22,355.044262295082,9.17573770491805
1990-07-19,365.32,355.59,9.73000000000002
1990-07-20,361.61,356.060327868852,5.54967213114753
1990-07-23,355.31,356.489836065574,-1.1798360655738
1990-07-24,355.79,356.899508196721,-1.10950819672126
1990-07-25,357.09,357.306721311475,-0.216721311475453
1990-07-26,355.91,357.658032786885,-1.74803278688523
1990-07-27,353.44,357.950983606557,-4.51098360655737
1990-07-30,355.55,358.232295081967,-2.6822950819672
1990-07-31,356.15,358.488360655738,-2.33836065573774
1990-08-01,355.52,358.709836065574,-3.18983606557379
1990-08-02,351.48,358.851147540984,-7.3711475409836
1990-08-03,344.86,358.868196721311,-14.0081967213114
1990-08-06,334.43,358.580163934426,-24.1501639344262
1990-08-07,334.83,358.253606557377,-23.4236065573771
1990-08-08,338.35,357.992459016393,-19.6424590163934
1990-08-09,339.94,357.761967213115,-17.8219672131148
1990-08-10,335.52,357.45131147541,-21.9313114754099
1990-08-13,338.84,357.192295081967,-18.3522950819672
1990-08-14,339.39,356.887213114754,-17.4972131147541
1990-08-15,340.06,356.58606557377,-16.5260655737705
1990-08-16,332.39,356.145081967213,-23.7550819672131
1990-08-17,327.83,355.643770491803,-27.8137704918033
1990-08-20,328.51,355.216393442623,-26.706393442623
1990-08-21,321.86,354.68,-32.82
1990-08-22,316.55,353.957049180328,-37.4070491803279
1990-08-23,307.06,353.075081967213,-46.0150819672131
1990-08-24,311.51,352.26,-40.75
1990-08-27,321.44,351.57606557377,-30.1360655737705
1990-08-28,321.34,350.820983606557,-29.4809836065574
1990-08-29,324.19,350.125081967213,-25.9350819672131
1990-08-30,318.71,349.366885245902,-30.6568852459017
1990-08-31,322.56,348.701475409836,-26.1414754098361
1990-09-03,322.56,348.108852459016,-25.5488524590164
1990-09-04,323.09,347.477049180328,-24.3870491803279
1990-09-05,324.39,346.790819672131,-22.4008196721311
1990-09-06,320.46,346.062295081967,-25.6022950819672
1990-09-07,323.4,345.414754098361,-22.0147540983607
1990-09-10,321.63,344.738032786885,-23.1080327868852
1990-09-11,321.04,344.150491803279,-23.1104918032786
1990-09-12,322.54,343.561475409836,-21.0214754098361
1990-09-13,318.65,342.898360655738,-24.2483606557377
1990-09-14,316.83,342.182950819672,-25.3529508196722
1990-09-17,317.77,341.565573770492,-23.7955737704918
1990-09-18,318.6,341.012950819672,-22.4129508196721
1990-09-19,316.6,340.431639344262,-23.8316393442623
1990-09-20,311.48,339.715901639344,-28.2359016393443
1990-09-21,311.32,338.956721311475,-27.6367213114754
1990-09-24,304.59,338.080819672131,-33.4908196721312
1990-09-25,308.26,337.240163934426,-28.9801639344262
1990-09-26,305.06,336.336885245902,-31.2768852459016
1990-09-27,300.97,335.366557377049,-34.3965573770491
1990-09-28,306.05,334.552950819672,-28.5029508196721
1990-10-01,314.94,333.840163934426,-18.9001639344262
1990-10-02,315.21,333.113770491803,-17.9037704918033
1990-10-03,311.4,332.374590163934,-20.9745901639345
1990-10-04,312.69,331.578852459016,-18.8888524590164
1990-10-05,311.5,330.694590163934,-19.1945901639344
1990-10-08,313.48,329.812131147541,-16.332131147541
1990-10-09,305.1,328.765409836066,-23.6654098360655
1990-10-10,300.39,327.664918032787,-27.2749180327869
1990-10-11,295.46,326.537704918033,-31.0777049180328
1990-10-12,300.03,325.46737704918,-25.4373770491803
1990-10-15,303.23,324.510327868852,-21.2803278688525
1990-10-16,298.92,323.585901639344,-24.6659016393443
1990-10-17,298.76,322.650983606557,-23.8909836065574
1990-10-18,305.74,321.809180327869,-16.0691803278688
1990-10-19,312.48,321.097213114754,-8.61721311475407
1990-10-22,314.76,320.463114754098,-5.70311475409835
1990-10-23,312.36,319.755081967213,-7.39508196721312
1990-10-24,312.6,319.041147540984,-6.44114754098359
1990-10-25,310.17,318.297704918033,-8.12770491803275
1990-10-26,304.71,317.530983606557,-12.8209836065574
1990-10-29,301.88,316.826393442623,-14.9463934426229
1990-10-30,304.06,316.328524590164,-12.2685245901639
1990-10-31,304,315.823114754098,-11.8231147540984
1990-11-01,307.02,315.309508196721,-8.28950819672133
1990-11-02,311.85,314.849016393443,-2.99901639344262
1990-11-05,314.59,314.505901639344,0.0840983606557302
1990-11-06,311.62,314.059672131148,-2.43967213114752
1990-11-07,306.01,313.512459016393,-7.50245901639346
1990-11-08,307.61,312.980491803279,-5.3704918032787
1990-11-09,313.74,312.674754098361,1.06524590163934
1990-11-12,319.48,312.537868852459,6.94213114754098
1990-11-13,317.67,312.360163934426,5.30983606557379
1990-11-14,320.4,312.336229508197,8.06377049180327
1990-11-15,317.02,312.34393442623,4.67606557377047
1990-11-16,317.12,312.508852459016,4.61114754098361
1990-11-19,319.34,312.637213114754,6.70278688524587
1990-11-20,315.31,312.536721311475,2.77327868852461
1990-11-21,316.03,312.449672131148,3.58032786885241
1990-11-22,316.03,312.315901639344,3.71409836065573
1990-11-23,315.1,312.256721311475,2.84327868852461
1990-11-26,316.51,312.157540983607,4.35245901639342
1990-11-27,318.1,312.084426229508,6.01557377049181
1990-11-28,317.95,312.000163934426,5.94983606557378
1990-11-29,316.42,311.869508196721,4.5504918032787
1990-11-30,322.22,311.898360655738,10.3216393442623
1990-12-03,324.1,311.909836065574,12.1901639344263
1990-12-04,326.35,311.987213114754,14.3627868852459
1990-12-05,329.92,312.132786885246,17.7872131147541
1990-12-06,329.07,312.239836065574,16.8301639344262
1990-12-07,327.75,312.389016393443,15.3609836065574
1990-12-10,328.89,312.586721311475,16.3032786885246
1990-12-11,326.44,312.728852459016,13.7111475409836
1990-12-12,330.19,312.918852459016,17.2711475409836
1990-12-13,329.34,313.127704918033,16.2122950819672
1990-12-14,326.82,313.379180327869,13.4408196721311
1990-12-17,326.02,313.620163934426,12.3998360655738
1990-12-18,330.05,314.037540983607,16.0124590163934
1990-12-19,330.2,314.397213114754,15.8027868852459
1990-12-20,330.12,314.808032786885,15.3119672131148
1990-12-21,331.75,315.31262295082,16.4373770491803
1990-12-24,329.9,315.703606557377,14.1963934426229
1990-12-25,329.9,315.948852459016,13.9511475409836
1990-12-26,330.85,316.205245901639,14.6447540983607
1990-12-27,328.29,316.482131147541,11.807868852459
1990-12-28,328.72,316.744918032787,11.9750819672132
1990-12-31,330.22,317.051803278689,13.1681967213115
1991-01-01,330.22,317.326229508197,12.8937704918033
1991-01-02,326.45,317.676229508197,8.77377049180325
1991-01-03,321.91,318.029016393443,3.88098360655738
1991-01-04,321,318.447704918033,2.5522950819672
1991-01-07,315.44,318.700327868852,-3.26032786885247
1991-01-08,314.9,318.891639344262,-3.9916393442623
1991-01-09,311.49,319.097704918033,-7.60770491803277
1991-01-10,314.53,319.356229508197,-4.82622950819677
1991-01-11,315.23,319.511803278689,-4.28180327868853
1991-01-14,312.49,319.511967213115,-7.02196721311475
1991-01-15,313.73,319.495081967213,-5.76508196721312
1991-01-16,316.17,319.557540983607,-3.38754098360653
1991-01-17,327.97,319.809508196721,8.16049180327872
1991-01-18,332.23,320.171147540984,12.0588524590164
1991-01-21,331.06,320.603114754098,10.4568852459016
1991-01-22,328.31,321.036393442623,7.27360655737704
1991-01-23,330.21,321.465081967213,8.74491803278687
1991-01-24,334.78,321.969672131148,12.8103278688524
1991-01-25,336.07,322.445901639344,13.6240983606558
1991-01-28,336.03,322.842295081967,13.1877049180328
1991-01-29,335.84,323.190655737705,12.6493442622951
1991-01-30,340.91,323.670819672131,17.2391803278689
1991-01-31,343.93,324.292459016393,19.6375409836066
1991-02-01,343.05,324.873442622951,18.1765573770492
1991-02-04,348.34,325.440655737705,22.8993442622951
1991-02-05,351.26,325.961639344262,25.2983606557377
1991-02-06,358.07,326.62393442623,31.4460655737705
1991-02-07,356.52,327.21606557377,29.3039344262295
1991-02-08,359.35,327.91,31.44
1991-02-11,368.58,328.753606557377,39.8263934426229
1991-02-12,365.5,329.510327868852,35.9896721311475
1991-02-13,369.02,330.390819672131,38.6291803278688
1991-02-14,364.22,331.180819672131,33.0391803278689
1991-02-15,369.06,332.050163934426,37.0098360655738
1991-02-18,369.06,332.934754098361,36.1252459016393
1991-02-19,369.39,333.801639344262,35.5883606557377
1991-02-20,365.14,334.572786885246,30.5672131147541
1991-02-21,364.97,335.343606557377,29.626393442623
1991-02-22,365.65,336.150655737705,29.499344262295
1991-02-25,367.26,336.889016393443,30.3709836065574
1991-02-26,362.81,337.523606557377,25.286393442623
1991-02-27,367.74,338.202131147541,29.537868852459
1991-02-28,367.07,338.811147540984,28.2588524590164
1991-03-01,370.47,339.489836065574,30.9801639344262
1991-03-04,369.33,340.171475409836,29.1585245901639
1991-03-05,376.72,340.955573770492,35.7644262295082
1991-03-06,376.17,341.770819672131,34.3991803278689
1991-03-07,375.91,342.520327868852,33.3896721311476
1991-03-08,374.95,343.268032786885,31.6819672131147
1991-03-11,372.96,344.024426229508,28.9355737704918
1991-03-12,370.03,344.745901639344,25.2840983606557
1991-03-13,374.57,345.475737704918,29.094262295082
1991-03-14,373.5,346.185573770492,27.3144262295082
1991-03-15,373.59,346.898196721311,26.6918032786885
1991-03-18,372.11,347.559836065574,24.5501639344262
1991-03-19,366.59,348.16131147541,18.4286885245901
1991-03-20,367.92,348.784590163934,19.1354098360656
1991-03-21,366.58,349.370327868852,17.2096721311475
1991-03-22,367.48,350.012786885246,17.4672131147541
1991-03-25,369.83,350.686721311475,19.1432786885246
1991-03-26,376.3,351.442131147541,24.857868852459
1991-03-27,375.35,352.181967213115,23.1680327868852
1991-03-28,375.22,352.981475409836,22.238524590164
1991-03-29,375.22,353.855409836066,21.3645901639345
1991-04-01,371.3,354.68,16.62
1991-04-02,379.5,355.730163934426,23.7698360655738
1991-04-03,378.94,356.78,22.16
1991-04-04,379.77,357.899344262295,21.8706557377049
1991-04-05,375.36,358.896557377049,16.4634426229508
1991-04-08,378.66,359.936393442623,18.7236065573771
1991-04-09,373.56,360.937540983607,12.6224590163935
1991-04-10,373.15,361.911639344262,11.2383606557377
1991-04-11,377.63,362.919180327869,14.7108196721312
1991-04-12,380.4,363.77868852459,16.6213114754098
1991-04-15,381.19,364.58131147541,16.6086885245901
1991-04-16,387.62,365.508524590164,22.1114754098361
1991-04-17,390.45,366.527213114754,23.9227868852459
1991-04-18,388.46,367.482131147541,20.977868852459
1991-04-19,384.2,368.292295081967,15.9077049180328
1991-04-22,380.95,369.028032786885,11.9219672131147
1991-04-23,381.76,369.777704918033,11.9822950819672
1991-04-24,382.76,370.546885245902,12.2131147540983
1991-04-25,379.25,371.175409836066,8.07459016393443
1991-04-26,379.02,371.750655737705,7.26934426229508
1991-04-29,373.66,372.252459016393,1.40754098360657
1991-04-30,375.35,372.695245901639,2.65475409836068
1991-05-01,380.29,373.171147540984,7.11885245901641
1991-05-02,380.52,373.539180327869,6.98081967213113
1991-05-03,380.8,373.937213114754,6.8627868852459
1991-05-06,380.08,374.277049180328,5.8029508196721
1991-05-07,377.32,374.420327868852,2.89967213114755
1991-05-08,378.51,374.633606557377,3.87639344262294
1991-05-09,383.25,374.866885245902,8.38311475409836
1991-05-10,375.74,375.055737704918,0.684262295081965
1991-05-13,376.76,375.181967213115,1.57803278688522
1991-05-14,371.62,375.22393442623,-3.6039344262295
1991-05-15,368.57,375.210491803279,-6.64049180327868
1991-05-16,372.19,375.32606557377,-3.13606557377051
1991-05-17,372.39,375.447704918033,-3.05770491803281
1991-05-20,372.28,375.556393442623,-3.27639344262298
1991-05-21,375.35,375.689016393443,-0.339016393442591
1991-05-22,376.19,375.908360655738,0.281639344262317
1991-05-23,374.96,376.026721311475,-1.06672131147542
1991-05-24,377.49,376.197540983607,1.29245901639348
1991-05-27,377.49,376.31262295082,1.17737704918034
1991-05-28,381.94,376.519344262295,5.42065573770492
1991-05-29,382.79,376.618852459016,6.17114754098361
1991-05-30,386.96,376.795737704918,10.1642622950819
1991-05-31,389.83,377.02393442623,12.8060655737705
1991-06-03,388.06,377.238852459016,10.8211475409836
1991-06-04,387.74,377.481147540984,10.2588524590164
1991-06-05,385.09,377.728032786885,7.36196721311472
1991-06-06,383.63,377.876557377049,5.75344262295084
1991-06-07,379.43,377.973770491803,1.45622950819671
1991-06-10,378.57,378.055409836066,0.514590163934429
1991-06-11,381.05,378.201967213115,2.84803278688526
1991-06-12,376.65,378.366885245902,-1.71688524590166
1991-06-13,377.63,378.52606557377,-0.8960655737705
1991-06-14,382.29,378.783606557377,3.50639344262299
1991-06-17,380.13,378.990983606557,1.1390163934426
1991-06-18,378.59,379.134590163934,-0.544590163934458
1991-06-19,375.09,379.114754098361,-4.02475409836069
1991-06-20,375.42,379.115901639344,-3.69590163934424
1991-06-21,377.75,379.15737704918,-1.4073770491803
1991-06-24,370.94,379.087213114754,-8.1472131147541
1991-06-25,370.65,379.076557377049,-8.42655737704922
1991-06-26,371.59,378.946885245902,-7.35688524590165
1991-06-27,374.4,378.872459016393,-4.47245901639349
1991-06-28,371.16,378.73131147541,-7.5713114754098
1991-07-01,377.92,378.773278688525,-0.853278688524597
1991-07-02,377.47,378.753770491803,-1.28377049180324
1991-07-03,373.33,378.75,-5.42000000000002
1991-07-04,373.33,378.752950819672,-5.42295081967217
1991-07-05,374.08,378.694754098361,-4.61475409836066
1991-07-08,377.94,378.654426229508,-0.714426229508206
1991-07-09,376.11,378.571147540984,-2.46114754098357
1991-07-10,375.74,378.376393442623,-2.63639344262293
1991-07-11,376.97,378.155409836066,-1.18540983606556
1991-07-12,380.25,378.020819672131,2.22918032786885
1991-07-15,382.39,377.991147540984,4.39885245901638
1991-07-16,381.54,378.000819672131,3.53918032786885
1991-07-17,381.18,377.99131147541,3.18868852459019
1991-07-18,385.37,378.034098360656,7.33590163934429
1991-07-19,384.22,378.115573770492,6.10442622950825
1991-07-22,382.88,378.178852459016,4.70114754098358
1991-07-23,379.42,378.273278688525,1.1467213114754
1991-07-24,378.64,378.327213114754,0.312786885245885
1991-07-25,380.96,378.338196721311,2.6218032786885
1991-07-26,380.93,378.344918032787,2.58508196721311
1991-07-29,383.15,378.383442622951,4.76655737704914
1991-07-30,386.69,378.491803278689,8.19819672131149
1991-07-31,387.81,378.663770491803,9.14622950819671
1991-08-01,387.12,378.804918032787,8.31508196721313
1991-08-02,387.18,378.869344262295,8.31065573770491
1991-08-05,385.06,379.022131147541,6.03786885245904
1991-08-06,390.62,379.249344262295,11.3706557377049
1991-08-07,390.56,379.559836065574,11.0001639344262
1991-08-08,389.32,379.9,9.42000000000002
1991-08-09,387.12,380.144754098361,6.97524590163937
1991-08-12,388.02,380.400983606557,7.61901639344262
1991-08-13,389.62,380.685245901639,8.93475409836066
1991-08-14,389.9,380.923770491803,8.9762295081967
1991-08-15,389.33,381.139180327869,8.19081967213111
1991-08-16,385.58,381.313278688525,4.26672131147541
1991-08-19,376.47,381.296557377049,-4.82655737704914
1991-08-20,379.43,381.328360655738,-1.89836065573769
1991-08-21,390.59,381.470163934426,9.11983606557374
1991-08-22,391.33,381.610163934426,9.71983606557376
1991-08-23,394.17,381.728360655738,12.4416393442623
1991-08-26,393.85,381.794262295082,12.055737704918
1991-08-27,393.06,381.876229508197,11.1837704918033
1991-08-28,396.64,382.022131147541,14.617868852459
1991-08-29,396.47,382.20868852459,14.2613114754099
1991-08-30,395.43,382.402131147541,13.027868852459
1991-09-02,395.43,382.664426229508,12.7655737704918
1991-09-03,392.15,382.887049180328,9.26295081967208
1991-09-04,389.97,383.033278688525,6.93672131147542
1991-09-05,389.14,383.238032786885,5.90196721311474
1991-09-06,389.1,383.42606557377,5.67393442622955
1991-09-09,388.57,383.529016393443,5.04098360655735
1991-09-10,384.56,383.601639344262,0.958360655737692
1991-09-11,385.09,383.708196721311,1.38180327868849
1991-09-12,387.34,383.909016393443,3.43098360655733
1991-09-13,383.59,384.042950819672,-0.452950819672139
1991-09-16,385.78,384.174590163934,1.60540983606558
1991-09-17,385.5,384.413278688525,1.0867213114754
1991-09-18,386.94,384.680327868852,2.25967213114757
1991-09-19,387.56,384.942131147541,2.61786885245903
1991-09-20,387.92,385.163770491803,2.75622950819672
1991-09-23,385.92,385.405737704918,0.514262295082005
1991-09-24,387.71,385.566229508197,2.14377049180325
1991-09-25,386.88,385.720491803279,1.15950819672133
1991-09-26,386.49,385.936229508197,0.553770491803277
1991-09-27,385.9,386.142295081967,-0.242295081967256
1991-09-30,387.86,386.368196721311,1.49180327868856
1991-10-01,389.2,386.552786885246,2.6472131147541
1991-10-02,388.26,386.751967213115,1.50803278688522
1991-10-03,384.47,386.895081967213,-2.42508196721309
1991-10-04,381.25,386.965245901639,-5.71524590163932
1991-10-07,379.5,386.952950819672,-7.45295081967214
1991-10-08,380.67,386.924754098361,-6.25475409836065
1991-10-09,376.8,386.847049180328,-10.0470491803279
1991-10-10,380.55,386.836721311475,-6.28672131147539
1991-10-11,381.45,386.772459016393,-5.32245901639345
1991-10-14,386.47,386.809344262295,-0.339344262295072
1991-10-15,391.01,386.94262295082,4.06737704918032
1991-10-16,392.8,387.161967213115,5.63803278688528
1991-10-17,391.92,387.379672131148,4.5403278688525
1991-10-18,392.5,387.568852459016,4.9311475409836
1991-10-21,390.02,387.717868852459,2.30213114754099
1991-10-22,387.83,387.794590163934,0.0354098360655826
1991-10-23,387.94,387.815081967213,0.124918032786866
1991-10-24,385.07,387.770163934426,-2.70016393442626
1991-10-25,384.2,387.722295081967,-3.52229508196723
1991-10-28,389.52,387.760655737705,1.75934426229509
1991-10-29,391.48,387.865901639344,3.61409836065576
1991-10-30,392.96,387.904262295082,5.05573770491799
1991-10-31,392.45,387.935245901639,4.51475409836064
1991-11-01,391.32,387.968032786885,3.35196721311473
1991-11-04,390.28,388.019836065574,2.2601639344262
1991-11-05,388.71,388.031147540984,0.678852459016355
1991-11-06,389.97,388.036885245902,1.93311475409837
1991-11-07,393.72,388.099508196721,5.6204918032787
1991-11-08,392.89,388.157868852459,4.732131147541
1991-11-11,393.12,388.281475409836,4.83852459016396
1991-11-12,396.74,388.613770491803,8.12622950819673
1991-11-13,397.41,388.908524590164,8.50147540983608
1991-11-14,397.15,389.01606557377,8.13393442622947
1991-11-15,382.62,388.873278688525,-6.25327868852457
1991-11-18,385.24,388.726885245902,-3.48688524590165
1991-11-19,379.42,388.490327868852,-9.07032786885242
1991-11-20,378.53,388.252131147541,-9.72213114754101
1991-11-21,380.06,387.980327868852,-7.92032786885244
1991-11-22,376.14,387.647049180328,-11.5070491803279
1991-11-25,375.34,387.317704918033,-11.9777049180328
1991-11-26,377.96,387.03131147541,-9.07131147540986
1991-11-27,376.55,386.775573770492,-10.2255737704918
1991-11-28,376.55,386.555573770492,-10.0055737704918
1991-11-29,375.22,386.32737704918,-11.1073770491803
1991-12-02,381.4,386.201147540984,-4.80114754098361
1991-12-03,380.96,386.076393442623,-5.11639344262295
1991-12-04,380.07,386.002786885246,-5.93278688524589
1991-12-05,377.39,385.876557377049,-8.48655737704917
1991-12-06,379.1,385.741475409836,-6.64147540983606
1991-12-09,378.26,385.654098360656,-7.39409836065573
1991-12-10,377.9,385.524918032787,-7.62491803278692
1991-12-11,377.7,385.397049180328,-7.6970491803279
1991-12-12,381.55,385.30868852459,-3.75868852459013
1991-12-13,384.47,385.258032786885,-0.788032786885196
1991-12-16,384.46,385.20131147541,-0.741311475409873
1991-12-17,382.74,385.149180327869,-2.40918032786885
1991-12-18,383.48,385.079836065574,-1.59983606557375
1991-12-19,382.52,385.008360655738,-2.48836065573772
1991-12-20,387.04,385.01737704918,2.02262295081971
1991-12-23,396.82,385.196393442623,11.6236065573771
1991-12-24,399.33,385.384426229508,13.9455737704918
1991-12-25,399.33,385.550491803279,13.7795081967213
1991-12-26,404.84,385.822295081967,19.0177049180328
1991-12-27,406.46,386.182786885246,20.2772131147541
1991-12-30,415.14,386.738360655738,28.4016393442623
1991-12-31,417.09,387.354590163934,29.7354098360656
1992-01-01,417.09,387.951639344262,29.1383606557377
1992-01-02,417.26,388.614918032787,28.6450819672131
1992-01-03,419.34,389.250819672131,30.0891803278689
1992-01-06,417.96,389.849344262295,28.1106557377049
1992-01-07,417.4,390.356393442623,27.043606557377
1992-01-08,418.1,390.800491803279,27.2995081967213
1992-01-09,417.61,391.207213114754,26.4027868852459
1992-01-10,415.1,391.587213114754,23.5127868852459
1992-01-13,414.34,391.945245901639,22.3947540983606
1992-01-14,420.44,392.44393442623,27.9960655737705
1992-01-15,420.77,392.98393442623,27.7860655737705
1992-01-16,418.21,393.480163934426,24.7298360655737
1992-01-17,418.86,394.034098360656,24.8259016393443
1992-01-20,416.36,394.56131147541,21.7986885245902
1992-01-21,412.64,394.940327868852,17.6996721311475
1992-01-22,418.13,395.377213114754,22.7527868852459
1992-01-23,414.96,395.737868852459,19.222131147541
1992-01-24,415.48,396.115409836066,19.3645901639345
1992-01-27,414.99,396.503442622951,18.4865573770492
1992-01-28,414.96,396.908032786885,18.0519672131147
1992-01-29,410.34,397.26262295082,13.0773770491803
1992-01-30,411.62,397.617540983607,14.0024590163935
1992-01-31,408.78,397.864426229508,10.9155737704918
1992-02-03,409.53,398.137213114754,11.3927868852459
1992-02-04,413.85,398.477049180328,15.3729508196722
1992-02-05,413.84,398.75737704918,15.0826229508197
1992-02-06,413.82,399.026393442623,14.7936065573771
1992-02-07,411.09,399.254918032787,11.8350819672131
1992-02-10,413.77,399.765573770492,14.0044262295082
1992-02-11,413.76,400.233114754098,13.5268852459016
1992-02-12,417.13,400.85131147541,16.2786885245902
1992-02-13,413.69,401.427704918033,12.2622950819672
1992-02-14,412.48,401.959180327869,10.5208196721312
1992-02-17,412.48,402.554918032787,9.92508196721315
1992-02-18,407.38,403.080163934426,4.2998360655738
1992-02-19,408.26,403.576885245902,4.68311475409837
1992-02-20,413.9,404.189180327869,9.71081967213115
1992-02-21,411.43,404.760983606557,6.66901639344263
1992-02-24,412.27,405.368360655738,6.90163934426226
1992-02-25,410.45,405.844590163934,4.60540983606558
1992-02-26,415.35,406.408360655738,8.94163934426234
1992-02-27,413.86,406.962295081967,6.89770491803279
1992-02-28,412.7,407.541147540984,5.15885245901637
1992-03-02,412.45,408.087868852459,4.36213114754099
1992-03-03,412.85,408.654918032787,4.19508196721313
1992-03-04,409.33,409.170163934426,0.159836065573757
1992-03-05,406.51,409.642459016393,-3.13245901639345
1992-03-06,404.44,410.017704918033,-5.57770491803279
1992-03-09,405.21,410.357704918033,-5.14770491803279
1992-03-10,406.89,410.725409836066,-3.83540983606559
1992-03-11,404.03,411.074426229508,-7.04442622950819
1992-03-12,403.89,411.409016393443,-7.51901639344266
1992-03-13,405.84,411.79131147541,-5.95131147540985
1992-03-16,406.39,412.108524590164,-5.71852459016395
1992-03-17,409.58,412.317704918033,-2.73770491803282
1992-03-18,409.15,412.47868852459,-3.32868852459018
1992-03-19,409.8,412.650327868852,-2.85032786885245
1992-03-20,411.3,412.756229508197,-1.45622950819671
1992-03-23,409.91,412.812786885246,-2.90278688524586
1992-03-24,408.88,412.710163934426,-3.83016393442625
1992-03-25,407.52,412.553278688525,-5.0332786885246
1992-03-26,407.86,412.401967213115,-4.54196721311473
1992-03-27,403.5,412.176393442623,-8.67639344262295
1992-03-30,403,411.908524590164,-8.90852459016395
1992-03-31,403.69,411.674590163934,-7.9845901639344
1992-04-01,404.23,411.45868852459,-7.22868852459015
1992-04-02,400.5,411.170163934426,-10.6701639344262
1992-04-03,401.55,410.906885245902,-9.35688524590165
1992-04-06,405.59,410.750983606557,-5.16098360655741
1992-04-07,398.06,410.484098360656,-12.4240983606557
1992-04-08,394.5,410.058852459016,-15.5588524590164
1992-04-09,400.64,409.728852459016,-9.08885245901638
1992-04-10,404.29,409.500655737705,-5.21065573770488
1992-04-13,406.08,409.291147540984,-3.21114754098363
1992-04-14,412.39,409.22606557377,3.1639344262295
1992-04-15,416.28,409.285737704918,6.99426229508197
1992-04-16,416.04,409.251475409836,6.78852459016395
1992-04-17,416.04,409.269180327869,6.77081967213115
1992-04-20,410.18,409.182295081967,0.99770491803281
1992-04-21,410.26,409.104754098361,1.15524590163932
1992-04-22,409.81,409.020327868852,0.78967213114754
1992-04-23,411.6,409.040983606557,2.55901639344268
1992-04-24,409.02,408.998360655738,0.0216393442622689
1992-04-27,408.45,408.992950819672,-0.542950819672114
1992-04-28,409.11,408.98606557377,0.123934426229539
1992-04-29,412.02,408.95606557377,3.06393442622948
1992-04-30,414.95,408.974262295082,5.975737704918
1992-05-01,412.53,408.953114754098,3.57688524590162
1992-05-04,416.91,409.048524590164,7.86147540983609
1992-05-05,416.84,409.098852459016,7.7411475409836
1992-05-06,416.79,409.148524590164,7.64147540983606
1992-05-07,415.85,409.127540983607,6.72245901639349
1992-05-08,416.05,409.166229508197,6.88377049180332
1992-05-11,418.49,409.264754098361,9.22524590163937
1992-05-12,416.29,409.327213114754,6.96278688524592
1992-05-13,416.45,409.475901639344,6.97409836065572
1992-05-14,413.14,409.555901639344,3.58409836065573
1992-05-15,410.09,409.493442622951,0.59655737704918
1992-05-18,412.81,409.51606557377,3.2939344262295
1992-05-19,416.37,409.583278688525,6.78672131147539
1992-05-20,415.39,409.664262295082,5.725737704918
1992-05-21,412.6,409.619180327869,2.98081967213119
1992-05-22,414.02,409.621803278689,4.39819672131148
1992-05-25,414.02,409.643442622951,4.37655737704915
1992-05-26,411.41,409.626393442623,1.78360655737708
1992-05-27,412.17,409.615245901639,2.55475409836066
1992-05-28,416.74,409.736721311475,7.00327868852457
1992-05-29,415.35,409.881639344262,5.46836065573774
1992-06-01,417.3,410.092459016393,7.20754098360658
1992-06-02,413.5,410.228360655738,3.27163934426227
1992-06-03,414.59,410.354590163934,4.23540983606557
1992-06-04,413.26,410.505901639344,2.75409836065575
1992-06-05,413.48,410.663114754098,2.81688524590163
1992-06-08,413.36,410.786393442623,2.57360655737705
1992-06-09,410.06,410.846557377049,-0.786557377049178
1992-06-10,407.25,410.808360655738,-3.55836065573772
1992-06-11,409.05,410.806721311475,-1.75672131147542
1992-06-12,409.76,410.80606557377,-1.04606557377048
1992-06-15,410.29,410.789508196721,-0.499508196721308
1992-06-16,408.32,410.763442622951,-2.44344262295084
1992-06-17,402.26,410.654918032787,-8.3949180327869
1992-06-18,400.96,410.54737704918,-9.58737704918036
1992-06-19,403.67,410.47868852459,-6.80868852459014
1992-06-22,403.4,410.477049180328,-7.07704918032789
1992-06-23,404.04,410.494098360656,-6.45409836065573
1992-06-24,403.84,410.496557377049,-6.65655737704918
1992-06-25,403.12,410.478360655738,-7.35836065573773
1992-06-26,403.45,410.526721311475,-7.07672131147541
1992-06-29,408.14,410.634754098361,-2.49475409836066
1992-06-30,408.14,410.676557377049,-2.53655737704918
1992-07-01,412.88,410.919508196721,1.96049180327867
1992-07-02,411.77,411.20262295082,0.567377049180323
1992-07-03,411.77,411.385081967213,0.384918032786857
1992-07-06,413.84,411.541639344262,2.29836065573767
1992-07-07,409.16,411.592131147541,-2.43213114754099
1992-07-08,410.28,411.557540983607,-1.27754098360657
1992-07-09,414.23,411.52393442623,2.7060655737705
1992-07-10,414.62,411.500655737705,3.1193442622951
1992-07-13,414.87,411.481475409836,3.38852459016397
1992-07-14,417.68,411.604426229508,6.07557377049181
1992-07-15,417.1,411.716557377049,5.38344262295084
1992-07-16,417.54,411.843278688525,5.69672131147541
1992-07-17,415.62,411.909180327869,3.71081967213115
1992-07-20,413.75,411.986721311475,1.76327868852457
1992-07-21,413.76,412.073770491803,1.68622950819673
1992-07-22,410.93,412.103606557377,-1.17360655737707
1992-07-23,412.08,412.104590163934,-0.0245901639344197
1992-07-24,411.6,412.049672131148,-0.449672131147508
1992-07-27,411.54,412.033442622951,-0.493442622950795
1992-07-28,417.52,412.043442622951,5.47655737704918
1992-07-29,422.23,412.131803278689,10.0981967213115
1992-07-30,423.92,412.24868852459,11.6713114754098
1992-07-31,424.21,412.385737704918,11.824262295082
1992-08-03,425.09,412.53393442623,12.5560655737705
1992-08-04,424.36,412.630163934426,11.7298360655738
1992-08-05,422.19,412.726885245902,9.46311475409834
1992-08-06,420.59,412.794754098361,7.7952459016393
1992-08-07,418.88,412.888852459016,5.9911475409836
1992-08-10,419.42,413.041803278689,6.3781967213115
1992-08-11,418.9,413.141639344262,5.7583606557377
1992-08-12,417.78,413.164754098361,4.6152459016393
1992-08-13,417.73,413.203114754098,4.52688524590167
1992-08-14,419.91,413.322950819672,6.58704918032788
1992-08-17,420.74,413.433114754098,7.30688524590164
1992-08-18,421.34,413.553114754098,7.7868852459016
1992-08-19,418.19,413.664262295082,4.52573770491801
1992-08-20,418.26,413.764098360656,4.49590163934425
1992-08-21,414.85,413.733114754098,1.11688524590164
1992-08-24,410.72,413.657213114754,-2.93721311475406
1992-08-25,411.61,413.56393442623,-1.95393442622947
1992-08-26,413.51,413.564098360656,-0.0540983606557575
1992-08-27,413.53,413.546721311475,-0.0167213114754645
1992-08-28,414.84,413.57262295082,1.26737704918031
1992-08-31,414.03,413.581639344262,0.448360655737702
1992-09-01,416.07,413.62606557377,2.44393442622948
1992-09-02,417.98,413.755901639344,4.22409836065577
1992-09-03,417.98,413.931803278689,4.04819672131151
1992-09-04,417.08,414.063442622951,3.01655737704914
1992-09-07,417.08,414.183442622951,2.89655737704919
1992-09-08,414.44,414.251475409836,0.188524590163922
1992-09-09,416.36,414.383278688525,1.97672131147544
1992-09-10,419.95,414.673278688525,5.2767213114754
1992-09-11,419.58,414.978524590164,4.60147540983604
1992-09-14,425.27,415.33262295082,9.93737704918033
1992-09-15,419.77,415.600983606557,4.16901639344263
1992-09-16,419.92,415.86131147541,4.0586885245902
1992-09-17,419.93,416.125081967213,3.80491803278687
1992-09-18,422.92,416.449672131148,6.47032786885245
1992-09-21,422.14,416.75606557377,5.38393442622947
1992-09-22,417.14,416.903606557377,0.236393442622955
1992-09-23,417.44,417.05606557377,0.38393442622953
1992-09-24,418.47,417.147704918033,1.32229508196724
1992-09-25,414.35,417.19,-2.83999999999997
1992-09-28,416.62,417.269508196721,-0.649508196721285
1992-09-29,416.8,417.318032786885,-0.518032786885215
1992-09-30,417.8,417.459672131148,0.340327868852455
1992-10-01,416.29,417.558196721312,-1.26819672131148
1992-10-02,410.47,417.496557377049,-7.02655737704913
1992-10-05,407.57,417.380983606557,-9.81098360655739
1992-10-06,407.18,417.254918032787,-10.0749180327869
1992-10-07,404.25,417.034754098361,-12.7847540983607
1992-10-08,407.75,416.881475409836,-9.13147540983607
1992-10-09,402.66,416.637540983607,-13.9775409836066
1992-10-12,407.44,416.503442622951,-9.06344262295084
1992-10-13,409.3,416.430491803279,-7.13049180327869
1992-10-14,409.37,416.358524590164,-6.98852459016393
1992-10-15,409.6,416.336721311475,-6.73672131147538
1992-10-16,411.73,416.330983606557,-4.60098360655735
1992-10-19,414.98,416.386393442623,-1.40639344262291
1992-10-20,415.48,416.450983606557,-0.970983606557354
1992-10-21,415.67,416.420655737705,-0.750655737704903
1992-10-22,414.9,416.300491803279,-1.40049180327873
1992-10-23,414.1,416.139508196721,-2.03950819672127
1992-10-26,418.16,416.040327868852,2.11967213114758
1992-10-27,418.49,415.932131147541,2.55786885245902
1992-10-28,420.13,415.862786885246,4.2672131147541
1992-10-29,420.86,415.840983606557,5.01901639344266
1992-10-30,418.68,415.809672131148,2.87032786885248
1992-11-02,422.75,415.873114754098,6.87688524590163
1992-11-03,419.92,415.88131147541,4.03868852459016
1992-11-04,417.11,415.851967213115,1.25803278688528
1992-11-05,418.34,415.861147540984,2.47885245901637
1992-11-06,417.58,415.85868852459,1.72131147540983
1992-11-09,418.59,415.837049180328,2.75295081967209
1992-11-10,418.62,415.802295081967,2.8177049180328
1992-11-11,422.2,415.816393442623,6.38360655737705
1992-11-12,422.87,415.893114754098,6.97688524590166
1992-11-13,422.43,415.961475409836,6.46852459016395
1992-11-16,420.68,416.057049180328,4.62295081967216
1992-11-17,419.27,416.197213114754,3.07278688524588
1992-11-18,422.85,416.381475409836,6.46852459016395
1992-11-19,423.61,416.547049180328,7.06295081967215
1992-11-20,426.65,416.762131147541,9.88786885245901
1992-11-23,425.12,416.930655737705,8.18934426229509
1992-11-24,427.59,417.152950819672,10.4370491803278
1992-11-25,429.19,417.368032786885,11.8219672131148
1992-11-26,429.19,417.551803278689,11.6381967213115
1992-11-27,430.16,417.751475409836,12.408524590164
1992-11-30,431.35,417.985409836066,13.3645901639345
1992-12-01,430.78,418.21,12.57
1992-12-02,429.89,418.463278688525,11.4267213114754
1992-12-03,429.91,418.685409836066,11.2245901639345
1992-12-04,432.06,418.88393442623,13.1760655737705
1992-12-07,435.31,419.141803278689,16.1681967213115
1992-12-08,436.99,419.33393442623,17.6560655737705
1992-12-09,435.65,419.594262295082,16.055737704918
1992-12-10,434.64,419.835573770492,14.8044262295082
1992-12-11,433.73,420.061803278689,13.6681967213115
1992-12-14,432.84,420.224426229508,12.6155737704918
1992-12-15,432.57,420.395409836066,12.1745901639344
1992-12-16,431.52,420.631147540984,10.8888524590164
1992-12-17,435.43,420.92606557377,14.5039344262295
1992-12-18,441.28,421.3,19.98
1992-12-21,440.7,421.731967213115,18.9680327868853
1992-12-22,440.31,422.120327868852,18.1896721311475
1992-12-23,439.03,422.484754098361,16.5452459016393
1992-12-24,439.77,422.844918032787,16.9250819672131
1992-12-25,439.77,423.229836065574,16.5401639344262
1992-12-28,439.19,423.700655737705,15.4893442622951
1992-12-29,437.98,424.199180327869,13.7808196721311
1992-12-30,438.82,424.717868852459,14.102131147541
1992-12-31,435.71,425.233606557377,10.4763934426229
1993-01-01,435.71,425.691967213115,10.0180327868852
1993-01-04,435.38,426.228360655738,9.15163934426226
1993-01-05,434.34,426.669344262295,7.67065573770492
1993-01-06,434.52,427.082786885246,7.43721311475406
1993-01-07,430.73,427.432950819672,3.29704918032786
1993-01-08,429.05,427.751803278688,1.29819672131151
1993-01-11,430.95,428.066885245902,2.88311475409836
1993-01-12,431.04,428.330163934426,2.70983606557377
1993-01-13,433.03,428.617868852459,4.41213114754095
1993-01-14,435.94,428.950163934426,6.9898360655738
1993-01-15,437.15,429.314918032787,7.83508196721311
1993-01-18,436.84,429.687704918033,7.15229508196717
1993-01-19,435.13,429.965901639344,5.16409836065571
1993-01-20,433.37,430.209836065574,3.16016393442624
1993-01-21,435.49,430.461639344262,5.02836065573774
1993-01-22,436.11,430.711639344262,5.39836065573775
1993-01-25,440.01,431.06131147541,8.94868852459018
1993-01-26,439.95,431.343278688525,8.60672131147538
1993-01-27,438.11,431.641475409836,6.46852459016395
1993-01-28,438.66,431.994754098361,6.66524590163937
1993-01-29,438.78,432.329836065574,6.4501639344262
1993-02-01,442.52,432.73868852459,9.78131147540984
1993-02-02,442.56,433.131639344262,9.42836065573772
1993-02-03,447.2,433.600163934426,13.5998360655738
1993-02-04,449.56,434.04868852459,15.5113114754099
1993-02-05,448.93,434.475901639344,14.4540983606557
1993-02-08,447.85,434.89262295082,12.9573770491804
1993-02-09,445.33,435.296721311475,10.0332786885246
1993-02-10,446.23,435.73868852459,10.4913114754099
1993-02-11,447.66,436.145409836066,11.5145901639344
1993-02-12,448.58,436.554754098361,12.0252459016393
1993-02-15,448.58,436.914262295082,11.665737704918
1993-02-16,433.91,437.058360655738,-3.14836065573769
1993-02-17,433.3,437.151967213115,-3.85196721311473
1993-02-18,431.9,437.196393442623,-5.29639344262296
1993-02-19,434.22,437.278852459016,-3.05885245901635
1993-02-22,435.24,437.362131147541,-2.12213114754098
1993-02-23,434.8,437.41868852459,-2.61868852459014
1993-02-24,440.87,437.584098360656,3.28590163934427
1993-02-25,442.34,437.788196721311,4.55180327868851
1993-02-26,443.38,438.009016393443,5.37098360655739
1993-03-01,442.01,438.172131147541,3.837868852459
1993-03-02,447.9,438.378524590164,9.52147540983606
1993-03-03,449.26,438.579672131148,10.6803278688524
1993-03-04,447.34,438.77131147541,8.56868852459013
1993-03-05,446.11,438.959344262295,7.15065573770494
1993-03-08,454.71,439.303278688525,15.4067213114754
1993-03-09,454.4,439.656721311475,14.7432786885246
1993-03-10,456.33,440.046229508197,16.2837704918033
1993-03-11,453.72,440.410163934426,13.3098360655738
1993-03-12,449.83,440.646229508197,9.18377049180327
1993-03-15,451.43,440.81262295082,10.6173770491803
1993-03-16,451.37,440.987540983607,10.3824590163935
1993-03-17,448.31,441.11868852459,7.19131147540986
1993-03-18,451.89,441.329508196721,10.5604918032787
1993-03-19,450.18,441.500163934426,8.6798360655738
1993-03-22,448.88,441.649508196721,7.23049180327871
1993-03-23,448.76,441.806393442623,6.95360655737704
1993-03-24,448.07,441.971803278689,6.09819672131147
1993-03-25,450.88,442.169508196721,8.71049180327867
1993-03-26,447.78,442.36737704918,5.41262295081964
1993-03-29,450.77,442.614262295082,8.15573770491801
1993-03-30,451.97,442.886229508197,9.08377049180331
1993-03-31,451.67,443.170327868852,8.49967213114758
1993-04-01,450.3,443.429016393443,6.87098360655739
1993-04-02,441.39,443.603770491803,-2.2137704918033
1993-04-05,442.29,443.820819672131,-1.53081967213114
1993-04-06,441.16,443.988196721311,-2.82819672131143
1993-04-07,442.73,444.179836065574,-1.44983606557378
1993-04-08,441.84,444.324262295082,-2.48426229508198
1993-04-09,441.84,444.420983606557,-2.58098360655742
1993-04-12,448.37,444.604918032787,3.76508196721312
1993-04-13,449.22,444.807868852459,4.412131147541
1993-04-14,448.66,445.029672131148,3.63032786885248
1993-04-15,448.4,445.27606557377,3.12393442622948
1993-04-16,448.94,445.496557377049,3.44344262295084
1993-04-19,447.46,445.68262295082,1.7773770491803
1993-04-20,445.1,445.76606557377,-0.666065573770481
1993-04-21,443.63,445.826393442623,-2.19639344262293
1993-04-22,439.46,445.848524590164,-6.38852459016397
1993-04-23,437.03,445.821803278689,-8.79180327868858
1993-04-26,433.54,445.735901639344,-12.1959016393442
1993-04-27,438.01,445.661967213115,-7.65196721311474
1993-04-28,438.02,445.587540983607,-7.56754098360659
1993-04-29,438.89,445.45131147541,-6.56131147540987
1993-04-30,440.19,445.297704918033,-5.10770491803277
1993-05-03,442.46,445.191639344262,-2.73163934426231
1993-05-04,444.05,445.129344262295,-1.07934426229508
1993-05-05,444.52,445.11606557377,-0.596065573770488
1993-05-06,443.26,445.06737704918,-1.80737704918033
1993-05-07,442.31,444.979672131148,-2.66967213114754
1993-05-10,442.8,444.884918032787,-2.08491803278685
1993-05-11,444.36,444.815737704918,-0.455737704918022
1993-05-12,444.8,444.994262295082,-0.194262295081955
1993-05-13,439.23,445.091475409836,-5.86147540983603
1993-05-14,439.56,445.217049180328,-5.65704918032787
1993-05-17,440.37,445.317868852459,-4.94786885245901
1993-05-18,440.32,445.401147540984,-5.08114754098364
1993-05-19,447.57,445.610491803279,1.95950819672129
1993-05-20,450.59,445.769836065574,4.8201639344262
1993-05-21,445.84,445.827213114754,0.0127868852458732
1993-05-24,448,445.902950819672,2.09704918032787
1993-05-25,448.85,446.015081967213,2.8349180327869
1993-05-26,453.44,446.105901639344,7.33409836065573
1993-05-27,452.41,446.157540983607,6.25245901639346
1993-05-28,450.19,446.204262295082,3.98573770491805
1993-05-31,450.19,446.271147540984,3.91885245901642
1993-06-01,453.83,446.256721311475,7.57327868852457
1993-06-02,453.85,446.247704918033,7.60229508196721
1993-06-03,452.49,446.184754098361,6.30524590163935
1993-06-04,450.06,446.124754098361,3.93524590163935
1993-06-07,447.69,446.089672131148,1.60032786885245
1993-06-08,444.71,445.979508196721,-1.26950819672135
1993-06-09,445.78,445.887868852459,-0.107868852459035
1993-06-10,445.38,445.839836065574,-0.459836065573768
1993-06-11,447.26,445.76393442623,1.49606557377047
1993-06-14,447.71,445.723442622951,1.98655737704917
1993-06-15,446.27,445.680655737705,0.589344262295072
1993-06-16,447.43,445.658852459016,1.77114754098363
1993-06-17,448.54,445.666557377049,2.87344262295085
1993-06-18,443.68,445.548524590164,-1.86852459016393
1993-06-21,446.22,445.522950819672,0.697049180327895
1993-06-22,445.93,445.443606557377,0.486393442622955
1993-06-23,443.19,445.299672131148,-2.10967213114753
1993-06-24,446.62,445.216885245902,1.40311475409834
1993-06-25,447.6,445.17262295082,2.42737704918034
1993-06-28,451.85,445.344098360656,6.5059016393443
1993-06-29,450.69,445.481803278689,5.20819672131148
1993-06-30,450.53,445.635409836066,4.89459016393442
1993-07-01,449.02,445.738524590164,3.28147540983605
1993-07-02,445.84,445.804098360656,0.0359016393442175
1993-07-05,445.84,445.869672131148,-0.0296721311475494
1993-07-06,441.43,445.755901639344,-4.32590163934424
1993-07-07,442.83,445.651147540984,-2.82114754098365
1993-07-08,448.64,445.650819672131,2.98918032786884
1993-07-09,448.13,445.646393442623,2.48360655737707
1993-07-12,448.98,445.647049180328,3.33295081967213
1993-07-13,448.09,445.65737704918,2.43262295081968
1993-07-14,450.08,445.739016393443,4.34098360655736
1993-07-15,449.22,445.830655737705,3.38934426229514
1993-07-16,445.75,445.933770491803,-0.183770491803273
1993-07-19,446.03,446.08131147541,-0.0513114754098751
1993-07-20,447.31,446.307049180328,1.00295081967215
1993-07-21,447.18,446.45737704918,0.722622950819698
1993-07-22,444.51,446.563770491803,-2.05377049180328
1993-07-23,447.1,446.698360655738,0.401639344262321
1993-07-26,449.09,446.844262295082,2.24573770491799
1993-07-27,448.24,446.939016393443,1.3009836065574
1993-07-28,447.19,446.990491803279,0.199508196721297
1993-07-29,450.24,447.084262295082,3.15573770491807
1993-07-30,448.13,447.164098360656,0.965901639344281
1993-08-02,450.15,447.29262295082,2.85737704918029
1993-08-03,449.27,447.39868852459,1.87131147540981
1993-08-04,448.54,447.467213114754,1.07278688524593
1993-08-05,448.13,447.521803278689,0.608196721311458
1993-08-06,448.68,447.676721311475,1.00327868852457
1993-08-09,450.72,447.859672131148,2.86032786885249
1993-08-10,449.45,448.008524590164,1.44147540983607
1993-08-11,450.46,448.174754098361,2.28524590163931
1993-08-12,448.96,448.197540983607,0.76245901639345
1993-08-13,450.14,448.190163934426,1.94983606557378
1993-08-16,452.38,448.29737704918,4.08262295081965
1993-08-17,453.13,448.381475409836,4.74852459016392
1993-08-18,456.04,448.499344262295,7.54065573770492
1993-08-19,456.43,448.548360655738,7.88163934426228
1993-08-20,456.16,448.609836065574,7.55016393442628
1993-08-23,455.23,448.692459016393,6.53754098360656
1993-08-24,459.77,448.849508196721,10.9204918032787
1993-08-25,460.13,448.952786885246,11.1772131147541
1993-08-26,461.04,449.070655737705,11.9693442622951
1993-08-27,460.54,449.20262295082,11.3373770491804
1993-08-30,461.9,449.396721311475,12.5032786885246
1993-08-31,463.56,449.656885245902,13.9031147540983
1993-09-01,463.15,449.959180327869,13.1908196721311
1993-09-02,461.3,450.213606557377,11.086393442623
1993-09-03,461.34,450.475245901639,10.8647540983606
1993-09-06,461.34,450.70606557377,10.6339344262295
1993-09-07,458.52,450.883278688525,7.63672131147541
1993-09-08,456.65,451.053442622951,5.59655737704918
1993-09-09,457.5,451.218524590164,6.28147540983605
1993-09-10,461.72,451.434590163934,10.2854098360656
1993-09-13,462.06,451.735901639344,10.3240983606557
1993-09-14,459.9,451.960163934426,7.93983606557373
1993-09-15,461.6,452.217049180328,9.38295081967215
1993-09-16,459.43,452.483278688525,6.94672131147541
1993-09-17,458.83,452.683442622951,6.14655737704919
1993-09-20,455.05,452.805573770492,2.24442622950824
1993-09-21,452.95,452.823606557377,0.126393442622941
1993-09-22,456.54,452.919508196721,3.6204918032787
1993-09-23,457.74,453.037704918033,4.70229508196724
1993-09-24,457.63,453.178852459016,4.45114754098358
1993-09-27,461.8,453.440491803279,8.35950819672132
1993-09-28,461.53,453.697704918033,7.83229508196717
1993-09-29,460.11,454.00393442623,6.10606557377048
1993-09-30,458.93,454.267868852459,4.662131147541
1993-10-01,461.29,454.475245901639,6.81475409836065
1993-10-04,461.34,454.691803278688,6.64819672131148
1993-10-05,461.2,454.892131147541,6.30786885245902
1993-10-06,460.74,455.099508196721,5.64049180327868
1993-10-07,459.18,455.24868852459,3.93131147540987
1993-10-08,460.31,455.430491803279,4.8795081967213
1993-10-11,460.88,455.678524590164,5.20147540983606
1993-10-12,461.12,455.925901639344,5.19409836065574
1993-10-13,461.49,456.158360655738,5.33163934426233
1993-10-14,466.83,456.480491803279,10.3495081967213
1993-10-15,469.5,456.890163934426,12.6098360655737
1993-10-18,468.45,457.240163934426,11.2098360655738
1993-10-19,466.21,457.520819672131,8.68918032786883
1993-10-20,466.07,457.813114754098,8.25688524590163
1993-10-21,465.36,458.110983606557,7.24901639344262
1993-10-22,463.27,458.324590163934,4.94540983606555
1993-10-25,464.2,458.588032786885,5.61196721311472
1993-10-26,464.3,458.82,5.48000000000002
1993-10-27,464.61,459.071475409836,5.53852459016395
1993-10-28,467.73,459.38606557377,8.34393442622951
1993-10-29,467.83,459.709016393443,8.12098360655739
1993-11-01,469.1,460.043770491803,9.05622950819674
1993-11-02,468.44,460.334262295082,8.10573770491806
1993-11-03,463.02,460.556721311475,2.46327868852455
1993-11-04,457.49,460.671967213115,-3.18196721311472
1993-11-05,459.57,460.845901639344,-1.27590163934428
1993-11-08,460.21,461.010983606557,-0.800983606557395
1993-11-09,460.33,461.14131147541,-0.811311475409866
1993-11-10,463.72,461.314918032787,2.40508196721316
1993-11-11,462.64,461.423114754098,1.21688524590161
1993-11-12,465.39,461.57,3.81999999999999
1993-11-15,463.75,461.694426229508,2.05557377049183
1993-11-16,466.74,461.883114754098,4.85688524590165
1993-11-17,464.81,461.965737704918,2.84426229508199
1993-11-18,463.62,462.022950819672,1.59704918032787
1993-11-19,462.6,462.048524590164,0.551475409836087
1993-11-22,459.13,462.025409836066,-2.8954098360656
1993-11-23,461.03,462.011147540984,-0.981147540983613
1993-11-24,461.03,461.969672131148,-0.939672131147574
1993-11-25,462.36,461.956721311475,0.403278688524608
1993-11-26,463.06,461.985573770492,1.07442622950822
1993-11-29,461.9,461.994754098361,-0.0947540983606814
1993-11-30,461.79,462.002131147541,-0.212131147540958
1993-12-01,461.89,462.05737704918,-0.167377049180345
1993-12-02,463.11,462.163278688525,0.946721311475414
1993-12-03,464.89,462.284426229508,2.60557377049179
1993-12-06,466.43,462.361639344262,4.06836065573771
1993-12-07,466.76,462.43868852459,4.3213114754098
1993-12-08,466.29,462.543442622951,3.74655737704921
1993-12-09,464.18,462.585737704918,1.59426229508199
1993-12-10,463.93,462.659508196721,1.27049180327867
1993-12-13,465.7,462.772131147541,2.92786885245903
1993-12-14,463.06,462.903442622951,0.156557377049182
1993-12-15,461.84,463.049180327869,-1.20918032786886
1993-12-16,463.34,463.160655737705,0.179344262295047
1993-12-17,466.38,463.302295081967,3.07770491803279
1993-12-20,465.85,463.437049180328,2.41295081967218
1993-12-21,465.3,463.494426229508,1.80557377049183
1993-12-22,467.32,463.589344262295,3.73065573770492
1993-12-23,467.38,463.708524590164,3.67147540983603
1993-12-24,467.38,463.847049180328,3.53295081967212
1993-12-27,470.54,463.99868852459,6.54131147540988
1993-12-28,470.94,464.15606557377,6.78393442622951
1993-12-29,470.58,464.309836065574,6.27016393442619
1993-12-30,468.64,464.439344262295,4.20065573770489
1993-12-31,466.45,464.558524590164,1.89147540983606
1994-01-03,465.44,464.64262295082,0.797377049180341
1994-01-04,466.89,464.741147540984,2.14885245901638
1994-01-05,467.55,464.846557377049,2.70344262295083
1994-01-06,467.12,464.938852459016,2.1811475409836
1994-01-07,469.9,464.989180327869,4.91081967213114
1994-01-10,475.27,465.083770491803,10.1862295081967
1994-01-11,474.13,465.176885245902,8.95311475409835
1994-01-12,474.17,465.30737704918,8.86262295081968
1994-01-13,472.47,465.412295081967,7.05770491803281
1994-01-14,474.91,465.568852459016,9.34114754098363
1994-01-17,473.3,465.733278688525,7.56672131147542
1994-01-18,474.25,465.898032786885,8.35196721311473
1994-01-19,474.3,466.061967213115,8.23803278688524
1994-01-20,474.98,466.231967213115,8.74803278688529
1994-01-21,474.72,466.346557377049,8.37344262295085
1994-01-24,471.97,466.414426229508,5.55557377049183
1994-01-25,470.92,466.444262295082,4.47573770491806
1994-01-26,473.2,466.522295081967,6.67770491803276
1994-01-27,477.05,466.752295081967,10.2977049180328
1994-01-28,478.7,467.1,11.6
1994-01-31,481.61,467.46131147541,14.1486885245902
1994-02-01,479.62,467.779508196721,11.8404918032787
1994-02-02,482,468.134754098361,13.8652459016394
1994-02-03,480.71,468.413278688525,12.2967213114754
1994-02-04,469.81,468.530819672131,1.27918032786886
1994-02-07,471.76,468.635245901639,3.12475409836065
1994-02-08,471.05,468.754918032787,2.29508196721315
1994-02-09,472.77,468.853770491803,3.91622950819669
1994-02-10,468.93,468.92131147541,0.00868852459018399
1994-02-11,470.18,469.028852459016,1.15114754098363
1994-02-14,470.23,469.15393442623,1.07606557377051
1994-02-15,472.52,469.373442622951,3.14655737704913
1994-02-16,472.79,469.566229508197,3.22377049180329
1994-02-17,470.34,469.718852459016,0.6211475409836
1994-02-18,467.69,469.806229508197,-2.11622950819674
1994-02-21,467.69,469.882131147541,-2.19213114754098
1994-02-22,471.46,470.038852459016,1.42114754098361
1994-02-23,470.69,470.184754098361,0.505245901639341
1994-02-24,464.26,470.223606557377,-5.96360655737703
1994-02-25,466.07,470.272131147541,-4.20213114754097
1994-02-28,467.14,470.309016393443,-3.16901639344263
1994-03-01,464.44,470.276393442623,-5.83639344262298
1994-03-02,464.81,470.244426229508,-5.43442622950818
1994-03-03,463.01,470.190655737705,-7.18065573770491
1994-03-04,464.74,470.199836065574,-5.45983606557377
1994-03-07,466.91,470.24868852459,-3.33868852459011
1994-03-08,465.88,470.251639344262,-4.37163934426229
1994-03-09,467.06,470.317213114754,-3.25721311475411
1994-03-10,463.9,470.350983606557,-6.45098360655737
1994-03-11,466.44,470.401803278689,-3.96180327868854
1994-03-14,467.39,470.418360655738,-3.02836065573774
1994-03-15,467.01,470.43737704918,-3.42737704918034
1994-03-16,469.42,470.504918032787,-1.08491803278685
1994-03-17,470.9,470.563606557377,0.336393442622921
1994-03-18,471.06,470.62393442623,0.43606557377052
1994-03-21,468.54,470.642950819672,-2.10295081967212
1994-03-22,468.8,470.614426229508,-1.81442622950817
1994-03-23,468.54,470.575081967213,-2.0350819672131
1994-03-24,463.9,470.465573770492,-6.56557377049182
1994-03-25,460.58,470.333442622951,-9.75344262295084
1994-03-28,460,470.227704918033,-10.2277049180328
1994-03-29,452.48,470.015245901639,-17.5352459016393
1994-03-30,445.55,469.665409836066,-24.1154098360656
1994-03-31,445.77,469.308360655738,-23.5383606557377
1994-04-01,445.77,468.958360655738,-23.1883606557377
1994-04-04,438.92,468.450491803279,-29.5304918032787
1994-04-05,448.29,468.008196721311,-19.7181967213115
1994-04-06,448.05,467.580655737705,-19.5306557377049
1994-04-07,450.88,467.198852459016,-16.3188524590164
1994-04-08,447.1,466.782950819672,-19.6829508196721
1994-04-11,449.87,466.372459016393,-16.5024590163935
1994-04-12,447.57,465.950655737705,-18.3806557377049
1994-04-13,446.26,465.491803278689,-19.2318032786885
1994-04-14,446.38,465.034098360656,-18.6540983606557
1994-04-15,446.18,464.561967213115,-18.3819672131148
1994-04-18,442.46,464.033114754098,-21.5731147540984
1994-04-19,442.54,463.550655737705,-21.0106557377049
1994-04-20,441.96,463.075901639344,-21.1159016393443
1994-04-21,448.73,462.674754098361,-13.9447540983606
1994-04-22,447.63,462.192459016393,-14.5624590163935
1994-04-25,452.71,461.766393442623,-9.05639344262295
1994-04-26,451.87,461.278852459016,-9.40885245901637
1994-04-27,451.87,460.82393442623,-8.95393442622952
1994-04-28,449.1,460.284590163934,-11.1845901639344
1994-04-29,450.91,459.79606557377,-8.88606557377045
1994-05-02,453.02,459.520819672131,-6.50081967213117
1994-05-03,453.03,459.213770491803,-6.18377049180333
1994-05-04,451.72,458.896885245902,-7.17688524590159
1994-05-05,451.38,458.546229508197,-7.16622950819675
1994-05-06,447.82,458.200163934426,-10.3801639344263
1994-05-09,442.32,457.743442622951,-15.4234426229508
1994-05-10,446.01,457.346393442623,-11.336393442623
1994-05-11,441.49,456.837704918033,-15.3477049180328
1994-05-12,443.75,456.361639344262,-12.6116393442623
1994-05-13,444.14,455.932131147541,-11.792131147541
1994-05-16,444.49,455.551803278689,-11.0618032786885
1994-05-17,449.37,455.251475409836,-5.88147540983607
1994-05-18,453.69,454.960163934426,-1.27016393442625
1994-05-19,456.48,454.727213114754,1.75278688524594
1994-05-20,454.92,454.574098360656,0.345901639344277
1994-05-23,453.2,454.363114754098,-1.16311475409839
1994-05-24,454.81,454.160983606557,0.64901639344265
1994-05-25,456.34,454.028196721311,2.3118032786885
1994-05-26,457.06,453.901147540984,3.15885245901637
1994-05-27,457.33,453.808032786885,3.52196721311475
1994-05-30,457.33,453.686557377049,3.64344262295083
1994-05-31,456.5,453.515901639344,2.98409836065576
1994-06-01,457.63,453.380655737705,4.2493442622951
1994-06-02,457.65,453.226393442623,4.42360655737701
1994-06-03,460.13,453.164590163934,6.96540983606559
1994-06-06,458.88,453.040655737705,5.83934426229507
1994-06-07,458.21,452.890163934426,5.31983606557372
1994-06-08,457.06,452.727049180328,4.33295081967213
1994-06-09,457.86,452.537540983607,5.32245901639345
1994-06-10,458.67,452.337049180328,6.33295081967213
1994-06-13,459.1,452.140983606557,6.95901639344265
1994-06-14,462.37,452.039836065574,10.3301639344263
1994-06-15,460.61,451.905573770492,8.70442622950821
1994-06-16,461.93,451.797213114754,10.1327868852459
1994-06-17,458.45,451.707868852459,6.74213114754099
1994-06-20,455.48,451.624262295082,3.85573770491806
1994-06-21,451.34,451.482295081967,-0.142295081967234
1994-06-22,453.09,451.492295081967,1.59770491803278
1994-06-23,449.63,451.559180327869,-1.92918032786883
1994-06-24,442.8,451.510491803279,-8.71049180327867
1994-06-27,447.31,451.535737704918,-4.225737704918
1994-06-28,446.07,451.652950819672,-5.58295081967213
1994-06-29,447.63,451.642131147541,-4.01213114754097
1994-06-30,444.27,451.580163934426,-7.31016393442627
1994-07-01,446.2,451.503442622951,-5.30344262295085
1994-07-04,446.2,451.48868852459,-5.28868852459016
1994-07-05,446.37,451.43131147541,-5.06131147540981
1994-07-06,446.13,451.407704918033,-5.27770491803278
1994-07-07,448.38,451.442459016393,-3.06245901639346
1994-07-08,449.55,451.494426229508,-1.94442622950817
1994-07-11,448.06,451.525245901639,-3.46524590163932
1994-07-12,447.95,451.615245901639,-3.66524590163937
1994-07-13,448.73,451.716721311475,-2.98672131147538
1994-07-14,453.41,451.904426229508,1.50557377049182
1994-07-15,454.16,451.993442622951,2.16655737704923
1994-07-18,455.22,452.117868852459,3.102131147541
1994-07-19,453.86,452.136721311475,1.7232786885246
1994-07-20,451.6,452.132295081967,-0.532295081967163
1994-07-21,452.61,452.144426229508,0.465573770491801
1994-07-22,453.11,452.210163934426,0.899836065573766
1994-07-25,454.25,452.264918032787,1.98508196721309
1994-07-26,453.36,452.270491803279,1.08950819672134
1994-07-27,452.57,452.262950819672,0.307049180327851
1994-07-28,454.23,452.304098360656,1.92590163934426
1994-07-29,458.26,452.416885245902,5.84311475409834
1994-08-01,461.01,452.633114754098,8.37688524590163
1994-08-02,460.56,452.932131147541,7.62786885245902
1994-08-03,464.45,453.234426229508,11.2155737704918
1994-08-04,458.4,453.511639344262,4.8883606557377
1994-08-05,457.09,453.730327868852,3.35967213114753
1994-08-08,457.89,453.955737704918,3.93426229508196
1994-08-09,457.93,454.17606557377,3.75393442622953
1994-08-10,460.3,454.355245901639,5.94475409836065
1994-08-11,458.88,454.440327868852,4.43967213114752
1994-08-12,461.94,454.529836065574,7.41016393442624
1994-08-15,461.23,454.633278688525,6.59672131147545
1994-08-16,465.01,454.826885245902,10.1831147540984
1994-08-17,465.17,454.996721311475,10.1732786885246
1994-08-18,463.17,455.10868852459,8.06131147540987
1994-08-19,463.68,455.217213114754,8.46278688524592
1994-08-22,462.32,455.299016393443,7.02098360655737
1994-08-23,464.51,455.416721311475,9.09327868852461
1994-08-24,469.03,455.622131147541,13.407868852459
1994-08-25,468.08,455.793442622951,12.2865573770492
1994-08-26,473.8,456.058196721312,17.7418032786885
1994-08-29,474.59,456.295245901639,18.2947540983606
1994-08-30,476.07,456.577049180328,19.4929508196721
1994-08-31,475.49,456.860327868852,18.6296721311476
1994-09-01,473.17,457.124426229508,16.0455737704918
1994-09-02,470.99,457.339672131148,13.6503278688525
1994-09-05,470.99,457.541639344262,13.4483606557377
1994-09-06,471.86,457.750819672131,14.1091803278688
1994-09-07,470.96,457.891639344262,13.0683606557377
1994-09-08,473.14,458.097049180328,15.0429508196721
1994-09-09,468.18,458.199508196721,9.98049180327871
1994-09-12,466.21,458.326721311475,7.88327868852457
1994-09-13,467.51,458.52393442623,8.98606557377047
1994-09-14,468.8,458.810163934426,9.9898360655738
1994-09-15,474.81,459.166229508197,15.6437704918033
1994-09-16,471.19,459.519672131148,11.6703278688524
1994-09-19,470.85,459.979508196721,10.8704918032787
1994-09-20,463.36,460.24262295082,3.11737704918033
1994-09-21,461.46,460.494918032787,0.965081967213109
1994-09-22,461.27,460.718524590164,0.55147540983603
1994-09-23,459.67,460.970983606557,-1.30098360655734
1994-09-26,460.82,461.210655737705,-0.390655737704947
1994-09-27,462.05,461.470491803279,0.579508196721349
1994-09-28,464.84,461.773278688525,3.06672131147536
1994-09-29,462.24,462.03737704918,0.202622950819659
1994-09-30,462.69,462.271967213115,0.418032786885249
1994-10-03,461.74,462.471803278689,-0.731803278688517
1994-10-04,454.59,462.578852459016,-7.98885245901641
1994-10-05,453.52,462.670163934426,-9.15016393442625
1994-10-06,452.36,462.729672131148,-10.3696721311475
1994-10-07,455.1,462.75737704918,-7.6573770491803
1994-10-10,459.04,462.83737704918,-3.79737704918028
1994-10-11,465.79,463.010655737705,2.77934426229513
1994-10-12,465.47,463.200983606557,2.26901639344266
1994-10-13,467.77,463.46606557377,4.30393442622949
1994-10-14,469.1,463.736393442623,5.36360655737707
1994-10-17,468.96,463.996229508197,4.96377049180325
1994-10-18,467.66,464.21606557377,3.44393442622953
1994-10-19,470.28,464.493442622951,5.78655737704918
1994-10-20,466.85,464.727540983607,2.12245901639346
1994-10-21,464.89,464.902295081967,-0.0122950819672383
1994-10-24,460.83,464.944426229508,-4.11442622950824
1994-10-25,461.53,464.952950819672,-3.42295081967217
1994-10-26,462.62,464.986721311475,-2.36672131147543
1994-10-27,465.85,465.009672131148,0.840327868852455
1994-10-28,470.93,465.215081967213,5.7149180327869
1994-10-31,472.35,465.465245901639,6.8847540983607
1994-11-01,468.42,465.637868852459,2.78213114754101
1994-11-02,466.5,465.778360655738,0.721639344262314
1994-11-03,467.91,465.903114754098,2.00688524590169
1994-11-04,462.28,465.958852459016,-3.67885245901641
1994-11-07,463.07,465.97737704918,-2.90737704918035
1994-11-08,465.65,466.049836065574,-0.399836065573766
1994-11-09,465.4,466.056229508197,-0.656229508196759
1994-11-10,464.37,466.043114754098,-1.67311475409838
1994-11-11,462.35,466.029672131148,-3.67967213114753
1994-11-14,466.04,466.068360655738,-0.0283606557376856
1994-11-15,465.6,466.122131147541,-0.522131147540961
1994-11-16,463.56,466.106557377049,-2.54655737704917
1994-11-17,463.56,466.016885245902,-2.45688524590162
1994-11-18,461.47,465.908524590164,-4.43852459016392
1994-11-21,458.3,465.654426229508,-7.35442622950819
1994-11-22,450.09,465.252786885246,-15.1627868852459
1994-11-23,449.93,464.824262295082,-14.8942622950819
1994-11-24,449.93,464.405245901639,-14.4752459016393
1994-11-25,452.29,464.062950819672,-11.7729508196721
1994-11-28,454.16,463.787049180328,-9.62704918032784
1994-11-29,455.17,463.527704918033,-8.35770491803277
1994-11-30,453.69,463.229836065574,-9.53983606557375
1994-12-01,448.92,462.868524590164,-13.9485245901639
1994-12-02,453.3,462.543278688525,-9.24327868852458
1994-12-05,453.32,462.299672131148,-8.97967213114754
1994-12-06,453.11,462.084918032787,-8.97491803278689
1994-12-07,451.23,461.818032786885,-10.5880327868852
1994-12-08,445.45,461.435245901639,-15.9852459016394
1994-12-09,446.96,460.97868852459,-14.0186885245902
1994-12-12,449.47,460.62262295082,-11.1526229508196
1994-12-13,450.15,460.283278688525,-10.1332786885246
1994-12-14,454.97,460.145737704918,-5.17573770491799
1994-12-15,455.34,460.045409836066,-4.7054098360656
1994-12-16,458.8,460.004918032787,-1.20491803278685
1994-12-19,457.91,459.97606557377,-2.06606557377046
1994-12-20,457.1,459.915081967213,-2.81508196721308
1994-12-21,459.61,459.875081967213,-0.265081967213121
1994-12-22,459.67,459.790327868852,-0.120327868852428
1994-12-23,459.83,459.750819672131,0.0791803278688121
1994-12-26,459.83,459.70393442623,0.126065573770461
1994-12-27,462.47,459.715901639344,2.75409836065575
1994-12-28,460.86,459.81868852459,1.04131147540983
1994-12-29,461.16,459.94393442623,1.21606557377049
1994-12-30,459.27,460.057213114754,-0.787213114754138
1995-01-02,459.27,460.125573770492,-0.855573770491844
1995-01-03,459.11,460.126721311475,-1.01672131147541
1995-01-04,460.71,460.043442622951,0.666557377049173
1995-01-05,460.34,459.959344262295,0.380655737704899
1995-01-06,460.68,459.843114754098,0.836885245901669
1995-01-09,461.03,459.710819672131,1.31918032786882
1995-01-10,461.68,459.591475409836,2.08852459016396
1995-01-11,461.66,459.493114754098,2.16688524590165
1995-01-12,461.64,459.351475409836,2.28852459016395
1995-01-13,465.97,459.337049180328,6.63295081967215
1995-01-16,469.38,459.410655737705,9.96934426229507
1995-01-17,470.05,459.561803278689,10.4881967213115
1995-01-18,469.72,459.69606557377,10.0239344262295
1995-01-19,466.95,459.767049180328,7.1829508196721
1995-01-20,464.78,459.749508196721,5.03049180327866
1995-01-23,465.81,459.665573770492,6.14442622950821
1995-01-24,465.86,459.559180327869,6.30081967213118
1995-01-25,467.44,459.543114754098,7.89688524590161
1995-01-26,468.32,459.572950819672,8.74704918032785
1995-01-27,470.39,459.613606557377,10.7763934426229
1995-01-30,468.51,459.715737704918,8.79426229508198
1995-01-31,470.42,459.836229508197,10.5837704918033
1995-02-01,470.4,459.914098360656,10.4859016393443
1995-02-02,472.78,460.035081967213,12.7449180327869
1995-02-03,478.64,460.269016393443,18.3709836065574
1995-02-06,481.14,460.577049180328,20.5629508196721
1995-02-07,480.81,460.819180327869,19.9908196721311
1995-02-08,481.19,461.074754098361,20.1152459016394
1995-02-09,480.19,461.34737704918,18.8426229508196
1995-02-10,481.46,461.640819672131,19.8191803278688
1995-02-13,481.65,461.971639344262,19.6783606557377
1995-02-14,482.55,462.369180327869,20.1808196721312
1995-02-15,484.54,462.93393442623,21.6060655737705
1995-02-16,485.22,463.512459016393,21.7075409836066
1995-02-17,481.97,464.037704918033,17.9322950819673
1995-02-20,481.97,464.524262295082,17.445737704918
1995-02-21,482.74,464.992786885246,17.7472131147541
1995-02-22,485.07,465.482950819672,19.5870491803279
1995-02-23,486.91,466.027540983607,20.8824590163935
1995-02-24,488.11,466.67,21.44
1995-02-27,483.81,467.170163934426,16.6398360655738
1995-02-28,487.39,467.72868852459,19.6613114754098
1995-03-01,485.65,468.262131147541,17.387868852459
1995-03-02,485.13,468.817868852459,16.312131147541
1995-03-03,485.42,469.473114754098,15.9468852459016
1995-03-06,485.63,470.107049180328,15.5229508196721
1995-03-07,482.12,470.642295081967,11.4777049180328
1995-03-08,483.14,471.183114754098,11.9568852459016
1995-03-09,483.16,471.645245901639,11.5147540983607
1995-03-10,489.57,472.206393442623,17.3636065573771
1995-03-13,490.05,472.71868852459,17.3313114754098
1995-03-14,492.89,473.292131147541,19.597868852459
1995-03-15,491.88,473.862295081967,18.0177049180328
1995-03-16,495.41,474.449180327869,20.9608196721312
1995-03-17,495.52,475.036885245902,20.4831147540983
1995-03-20,496.15,475.632295081967,20.5177049180328
1995-03-21,495.07,476.21,18.86
1995-03-22,495.67,476.754262295082,18.9157377049181
1995-03-23,495.95,477.329508196721,18.6204918032787
1995-03-24,500.97,477.982131147541,22.987868852459
1995-03-27,503.2,478.702295081967,24.4977049180328
1995-03-28,503.9,479.43393442623,24.4660655737705
1995-03-29,503.12,480.155409836066,22.9645901639344
1995-03-30,502.22,480.835901639344,21.3840983606557
1995-03-31,500.71,481.497704918033,19.2122950819672
1995-04-03,501.85,482.17262295082,19.6773770491803
1995-04-04,505.24,482.89737704918,22.3426229508197
1995-04-05,505.57,483.616885245902,21.9531147540984
1995-04-06,506.08,484.345081967213,21.7349180327869
1995-04-07,506.44,485.079508196721,21.3604918032787
1995-04-10,507.01,485.752295081967,21.2577049180328
1995-04-11,505.53,486.344918032787,19.1850819672131
1995-04-12,507.17,486.953442622951,20.2165573770492
1995-04-13,509.23,487.601147540984,21.6288524590164
1995-04-14,509.23,488.294262295082,20.935737704918
1995-04-17,506.13,488.972131147541,17.157868852459
1995-04-18,505.37,489.620655737705,15.7493442622951
1995-04-19,504.92,490.260983606557,14.6590163934426
1995-04-20,505.29,490.881475409836,14.408524590164
1995-04-21,508.49,491.54,16.95
1995-04-24,512.89,492.236721311475,20.6532786885246
1995-04-25,512.1,492.95131147541,19.1486885245902
1995-04-26,512.66,493.643770491803,19.0162295081967
1995-04-27,513.55,494.351147540984,19.1988524590163
1995-04-28,514.71,495.038524590164,19.6714754098361
1995-05-01,514.26,495.622459016393,18.6375409836065
1995-05-02,514.86,496.175245901639,18.6847540983607
1995-05-03,520.48,496.825573770492,23.6544262295082
1995-05-04,520.54,497.470655737705,23.069344262295
1995-05-05,520.12,498.125245901639,21.9947540983607
1995-05-08,523.96,498.821967213115,25.1380327868853
1995-05-09,523.56,499.509016393443,24.0509836065573
1995-05-10,524.36,500.194426229508,24.1655737704918
1995-05-11,524.37,500.84737704918,23.5226229508197
1995-05-12,525.55,501.508524590164,24.041475409836
1995-05-15,527.74,502.258852459016,25.4811475409836
1995-05-16,528.19,503.016557377049,25.1734426229509
1995-05-17,527.07,503.743278688525,23.3267213114755
1995-05-18,519.58,504.309016393443,15.2709836065574
1995-05-19,519.19,504.838196721311,14.3518032786886
1995-05-22,523.65,505.420819672131,18.2291803278688
1995-05-23,528.59,506.154918032787,22.4350819672131
1995-05-24,528.61,506.830655737705,21.7793442622951
1995-05-25,528.59,507.534590163934,21.0554098360656
1995-05-26,523.65,508.16606557377,15.4839344262295
1995-05-29,523.65,508.792786885246,14.8572131147541
1995-05-30,523.58,509.414918032787,14.1650819672132
1995-05-31,533.41,510.255737704918,23.1542622950819
1995-06-01,533.49,511.081147540984,22.4088524590164
1995-06-02,532.51,511.890163934426,20.6198360655737
1995-06-05,536.06,512.652295081967,23.4077049180328
1995-06-06,535.55,513.398196721311,22.1518032786885
1995-06-07,533.13,514.057868852459,19.072131147541
1995-06-08,532.35,514.72131147541,17.6286885245902
1995-06-09,527.94,515.254590163934,12.6854098360657
1995-06-12,530.88,515.834262295082,15.045737704918
1995-06-13,536.05,516.488360655738,19.5616393442623
1995-06-14,536.47,517.167049180328,19.3029508196721
1995-06-15,537.12,517.846557377049,19.2734426229508
1995-06-16,539.83,518.565901639344,21.2640983606558
1995-06-19,545.16,519.290327868853,25.8696721311475
1995-06-20,544.98,519.975245901639,25.0047540983606
1995-06-21,543.98,520.632295081967,23.3477049180328
1995-06-22,551.07,521.418360655738,29.6516393442623
1995-06-23,549.71,522.196885245902,27.5131147540984
1995-06-26,544.13,522.90868852459,21.2213114754098
1995-06-27,542.43,523.57393442623,18.8560655737705
1995-06-28,544.73,524.22131147541,20.5086885245902
1995-06-29,543.87,524.849180327869,19.0208196721311
1995-06-30,544.75,525.483114754098,19.2668852459017
1995-07-03,547.09,526.149508196721,20.9404918032787
1995-07-04,547.09,526.806557377049,20.2834426229508
1995-07-05,547.26,527.490655737705,19.769344262295
1995-07-06,553.99,528.258196721311,25.7318032786885
1995-07-07,556.37,529.030983606557,27.3390163934426
1995-07-10,557.19,529.817213114754,27.372786885246
1995-07-11,554.78,530.614754098361,24.1652459016393
1995-07-12,560.89,531.524918032787,29.3650819672131
1995-07-13,561,532.444262295082,28.555737704918
1995-07-14,559.89,533.339344262295,26.5506557377049
1995-07-17,562.72,534.228360655738,28.4916393442624
1995-07-18,558.46,534.975409836066,23.4845901639345
1995-07-19,550.98,535.612786885246,15.3672131147541
1995-07-20,553.54,536.282950819672,17.2570491803278
1995-07-21,553.62,536.939836065574,16.6801639344262
1995-07-24,556.63,537.627049180328,19.0029508196722
1995-07-25,561.1,538.394918032787,22.7050819672131
1995-07-26,561.61,539.16131147541,22.4486885245901
1995-07-27,565.22,539.894754098361,25.3252459016394
1995-07-28,562.93,540.589672131147,22.3403278688525
1995-07-31,562.06,541.277213114754,20.7827868852459
1995-08-01,559.64,541.862131147541,17.777868852459
1995-08-02,558.8,542.439836065574,16.3601639344262
1995-08-03,558.75,543.003606557377,15.746393442623
1995-08-04,558.94,543.570327868852,15.3696721311476
1995-08-07,560.03,544.135573770492,15.8944262295082
1995-08-08,560.39,544.670819672131,15.7191803278688
1995-08-09,559.71,545.187540983607,14.5224590163934
1995-08-10,557.45,545.685573770492,11.7644262295082
1995-08-11,555.11,546.268032786885,8.8419672131148
1995-08-14,559.74,546.932786885246,12.8072131147541
1995-08-15,558.57,547.505245901639,11.0647540983607
1995-08-16,559.97,548.019672131148,11.9503278688525
1995-08-17,559.04,548.518524590164,10.5214754098361
1995-08-18,559.21,549.020491803279,10.1895081967214
1995-08-21,558.11,549.585409836066,8.52459016393448
1995-08-22,559.52,550.173442622951,9.34655737704918
1995-08-23,557.14,550.723606557377,6.41639344262296
1995-08-24,557.46,551.117868852459,6.34213114754107
1995-08-25,560.1,551.554098360656,8.54590163934427
1995-08-28,559.05,551.989180327869,7.06081967213106
1995-08-29,560,552.381639344262,7.61836065573766
1995-08-30,560.93,552.797704918033,8.13229508196719
1995-08-31,561.88,553.269016393443,8.6109836065574
1995-09-01,563.84,553.785245901639,10.0547540983607
1995-09-04,563.84,554.373770491803,9.46622950819676
1995-09-05,569.17,555.001475409836,14.1685245901639
1995-09-06,570.17,555.560819672131,14.6091803278688
1995-09-07,570.29,556.115245901639,14.1747540983606
1995-09-08,572.68,556.698196721311,15.9818032786885
1995-09-11,573.91,557.256885245902,16.6531147540983
1995-09-12,576.51,557.770819672131,18.7391803278689
1995-09-13,578.77,558.324754098361,20.4452459016393
1995-09-14,583.09,558.965901639344,24.1240983606558
1995-09-15,583.35,559.495081967213,23.8549180327869
1995-09-18,582.77,560.037049180328,22.7329508196722
1995-09-19,584.2,560.69393442623,23.5060655737706
1995-09-20,586.77,561.420819672131,25.3491803278688
1995-09-21,583,562.048196721311,20.9518032786885
1995-09-22,581.73,562.668852459016,19.0611475409836
1995-09-25,581.81,563.276393442623,18.533606557377
1995-09-26,581.41,563.839016393443,17.5709836065573
1995-09-27,581.04,564.395573770492,16.6444262295082
1995-09-28,585.87,565.028524590164,20.8414754098361
1995-09-29,584.41,565.527213114754,18.8827868852459
1995-10-02,581.72,565.942786885246,15.7772131147541
1995-10-03,582.34,566.355081967213,15.9849180327869
1995-10-04,581.47,566.79262295082,14.6773770491803
1995-10-05,582.63,567.149016393443,15.4809836065574
1995-10-06,582.49,567.50131147541,14.9886885245902
1995-10-09,578.37,567.804262295082,10.5657377049181
1995-10-10,577.52,568.046885245902,9.47311475409833
1995-10-11,579.46,568.391147540984,11.0688524590164
1995-10-12,583.1,568.917704918033,14.1822950819673
1995-10-13,584.5,569.425245901639,15.0747540983607
1995-10-16,583.03,569.90737704918,13.1226229508196
1995-10-17,586.78,570.401639344262,16.3783606557377
1995-10-18,587.44,570.833442622951,16.6065573770493
1995-10-19,590.65,571.309508196721,19.3404918032787
1995-10-20,587.46,571.674098360656,15.7859016393443
1995-10-23,585.06,572.036885245902,13.0231147540983
1995-10-24,586.56,572.438524590164,14.121475409836
1995-10-25,582.47,572.812786885246,9.65721311475409
1995-10-26,576.72,573.106557377049,3.61344262295086
1995-10-27,579.7,573.45,6.25
1995-10-30,583.25,573.848524590164,9.40147540983605
1995-10-31,581.5,574.200491803279,7.29950819672126
1995-11-01,584.22,574.591147540984,9.62885245901646
1995-11-02,589.72,575.083114754098,14.6368852459017
1995-11-03,590.57,575.62606557377,14.9439344262296
1995-11-06,588.46,576.172786885246,12.2872131147541
1995-11-07,586.32,576.608524590164,9.71147540983611
1995-11-08,591.71,577.151803278688,14.5581967213116
1995-11-09,593.26,577.697540983607,15.5624590163934
1995-11-10,592.72,578.249672131148,14.4703278688525
1995-11-13,592.3,578.792131147541,13.507868852459
1995-11-14,589.29,579.303278688525,9.98672131147532
1995-11-15,593.96,579.867868852459,14.0921311475411
1995-11-16,597.34,580.526885245902,16.8131147540984
1995-11-17,600.07,581.225409836066,18.8445901639345
1995-11-20,596.85,581.827868852459,15.022131147541
1995-11-21,600.24,582.503114754098,17.7368852459016
1995-11-22,598.4,583.13262295082,15.2673770491803
1995-11-23,598.4,583.746885245902,14.6531147540983
1995-11-24,599.97,584.37131147541,15.5986885245902
1995-11-27,601.32,584.985737704918,16.334262295082
1995-11-28,606.45,585.684262295082,20.765737704918
1995-11-29,607.64,586.314918032787,21.3250819672131
1995-11-30,605.37,586.891967213115,18.4780327868853
1995-12-01,606.98,587.493442622951,19.4865573770492
1995-12-04,613.68,588.165573770492,25.5144262295081
1995-12-05,617.68,588.883114754098,28.7968852459015
1995-12-06,620.18,589.599016393443,30.5809836065573
1995-12-07,616.17,590.212131147541,25.957868852459
1995-12-08,617.48,590.775901639344,26.7040983606557
1995-12-11,619.52,591.368852459016,28.1511475409836
1995-12-12,618.78,591.959180327869,26.8208196721312
1995-12-13,621.69,592.573770491803,29.1162295081967
1995-12-14,616.92,593.068032786885,23.8519672131147
1995-12-15,616.34,593.614590163934,22.7254098360656
1995-12-18,606.81,594.025737704918,12.7842622950819
1995-12-19,611.93,594.519508196721,17.4104918032787
1995-12-20,605.94,594.921639344262,11.0183606557378
1995-12-21,610.49,595.404426229508,15.0855737704918
1995-12-22,611.96,595.832131147541,16.1278688524591
1995-12-25,611.96,596.283770491803,15.6762295081968
1995-12-26,614.3,596.817868852459,17.4821311475409
1995-12-27,614.53,597.345573770492,17.1844262295082
1995-12-28,614.12,597.880819672131,16.2391803278689
1995-12-29,615.93,598.426721311475,17.5032786885246
1996-01-01,615.93,598.974918032787,16.9550819672131
1996-01-02,620.73,599.669344262295,21.0606557377049
1996-01-03,621.32,600.38737704918,20.9326229508197
1996-01-04,617.7,601.014262295082,16.6857377049181
1996-01-05,616.71,601.565245901639,15.1447540983606
1996-01-08,618.46,602.121967213115,16.3380327868853
1996-01-09,609.45,602.555081967213,6.8949180327869
1996-01-10,598.48,602.746885245902,-4.26688524590168
1996-01-11,602.69,602.996885245902,-0.30688524590164
1996-01-12,601.81,603.179836065574,-1.36983606557385
1996-01-15,599.82,603.382459016393,-3.5624590163934
1996-01-16,608.44,603.765737704918,4.67426229508203
1996-01-17,606.37,604.090491803279,2.27950819672128
1996-01-18,608.24,604.512950819672,3.72704918032787
1996-01-19,611.83,605.088524590164,6.74147540983608
1996-01-22,613.4,605.640983606557,7.75901639344261
1996-01-23,612.79,606.125245901639,6.66475409836062
1996-01-24,619.96,606.755737704918,13.204262295082
1996-01-25,617.03,607.293606557377,9.7363934426229
1996-01-26,621.62,607.816557377049,13.8034426229508
1996-01-29,624.22,608.368196721312,15.8518032786885
1996-01-30,630.15,609.051639344262,21.0983606557377
1996-01-31,636.02,609.866393442623,26.153606557377
1996-02-01,638.46,610.632786885246,27.8272131147542
1996-02-02,635.84,611.330819672131,24.5091803278689
1996-02-05,641.43,612.129344262295,29.3006557377049
1996-02-06,646.33,613.015081967213,33.314918032787
1996-02-07,649.93,614.009180327869,35.9208196721311
1996-02-08,656.07,615.02737704918,41.0426229508197
1996-02-09,656.37,615.995081967213,40.3749180327869
1996-02-12,661.45,617.00131147541,44.4486885245902
1996-02-13,660.51,618.044918032787,42.4650819672131
1996-02-14,655.58,618.952131147541,36.6278688524591
1996-02-15,651.32,619.819672131148,31.5003278688525
1996-02-16,647.98,620.632459016393,27.3475409836066
1996-02-19,647.98,621.419508196721,26.5604918032788
1996-02-20,640.65,622.064262295082,18.585737704918
1996-02-21,648.1,622.747049180328,25.3529508196722
1996-02-22,658.86,623.586721311475,35.2732786885246
1996-02-23,659.08,624.467213114754,34.6127868852459
1996-02-26,650.46,625.18,25.2800000000001
1996-02-27,647.24,625.730163934426,21.5098360655737
1996-02-28,644.75,626.17393442623,18.5760655737705
1996-02-29,640.43,626.505901639344,13.9240983606556
1996-03-01,644.37,626.968196721312,17.4018032786885
1996-03-04,650.81,627.514590163934,23.2954098360655
1996-03-05,655.79,628.109180327869,27.6808196721311
1996-03-06,652,628.653770491803,23.3462295081968
1996-03-07,653.65,629.177704918033,24.4722950819672
1996-03-08,633.5,629.449508196721,4.05049180327865
1996-03-11,640.02,629.837704918033,10.1822950819671
1996-03-12,637.09,630.334098360656,6.7559016393443
1996-03-13,638.56,630.770655737705,7.789344262295
1996-03-14,640.87,631.343278688525,9.5267213114754
1996-03-15,641.43,631.850491803279,9.57950819672124
1996-03-18,652.65,632.517540983607,20.1324590163935
1996-03-19,651.69,633.168852459016,18.5211475409836
1996-03-20,649.98,633.753770491803,16.2262295081968
1996-03-21,649.19,634.321967213115,14.8680327868852
1996-03-22,650.62,634.920327868852,15.6996721311475
1996-03-25,650.04,635.479508196721,14.5604918032786
1996-03-26,652.97,636.086721311475,16.8832786885246
1996-03-27,648.91,636.54868852459,12.3613114754098
1996-03-28,648.94,637.001475409836,11.938524590164
1996-03-29,645.5,637.457213114754,8.04278688524585
1996-04-01,653.73,638.064098360656,15.6659016393443
1996-04-02,655.26,638.66737704918,16.5926229508196
1996-04-03,655.88,639.428524590164,16.451475409836
1996-04-04,655.86,640.369180327869,15.4908196721311
1996-04-05,655.86,641.240819672131,14.6191803278689
1996-04-08,644.24,641.936393442623,2.30360655737707
1996-04-09,642.19,642.630983606557,-0.440983606557324
1996-04-10,633.5,643.041803278689,-9.54180327868858
1996-04-11,631.18,643.448524590164,-12.268524590164
1996-04-12,636.71,643.915245901639,-7.20524590163927
1996-04-15,642.49,644.417868852459,-1.92786885245903
1996-04-16,645,644.935901639344,0.0640983606557484
1996-04-17,641.61,645.408360655738,-3.79836065573772
1996-04-18,643.61,645.79606557377,-2.18606557377052
1996-04-19,645.07,646.255737704918,-1.18573770491798
1996-04-22,647.89,646.686393442623,1.20360655737704
1996-04-23,651.58,647.134918032787,4.44508196721313
1996-04-24,650.17,647.463114754098,2.70688524590162
1996-04-25,652.87,647.739344262295,5.13065573770496
1996-04-26,653.46,647.985245901639,5.47475409836068
1996-04-29,654.16,648.285573770492,5.87442622950812
1996-04-30,654.17,648.494426229508,5.67557377049172
1996-05-01,654.58,648.629672131148,5.95032786885247
1996-05-02,643.38,648.522295081967,-5.14229508196718
1996-05-03,641.63,648.285573770492,-6.65557377049186
1996-05-06,640.81,648.030491803279,-7.22049180327872
1996-05-07,638.26,647.650327868853,-9.39032786885252
1996-05-08,644.77,647.392295081967,-2.6222950819672
1996-05-09,645.44,647.22606557377,-1.78606557377043
1996-05-10,652.09,647.23868852459,4.85131147540983
1996-05-13,661.51,647.460491803279,14.0495081967213
1996-05-14,665.6,647.749344262295,17.850655737705
1996-05-15,665.42,648.155409836066,17.2645901639344
1996-05-16,664.85,648.43,16.4200000000001
1996-05-17,668.91,648.594754098361,20.3152459016393
1996-05-20,673.15,648.825409836066,24.3245901639344
1996-05-21,672.76,649.190983606557,23.5690163934427
1996-05-22,678.42,649.702131147541,28.717868852459
1996-05-23,676,650.214426229508,25.7855737704919
1996-05-24,678.51,650.83868852459,27.6713114754099
1996-05-27,678.51,651.398360655738,27.1116393442622
1996-05-28,672.23,651.749508196721,20.4804918032787
1996-05-29,667.93,651.948524590164,15.981475409836
1996-05-30,671.7,652.271475409836,19.428524590164
1996-05-31,669.12,652.525081967213,16.5949180327868
1996-06-03,667.68,653.085409836066,14.5945901639344
1996-06-04,672.56,653.618852459016,18.9411475409836
1996-06-05,678.44,654.296721311475,24.1432786885247
1996-06-06,673.03,654.861803278689,18.1681967213115
1996-06-07,673.31,655.393606557377,17.9163934426228
1996-06-10,672.16,655.89737704918,16.2626229508196
1996-06-11,670.97,656.197704918033,14.7722950819673
1996-06-12,669.04,656.482131147541,12.557868852459
1996-06-13,667.92,656.776229508197,11.1437704918033
1996-06-14,665.85,657.049344262295,8.80065573770491
1996-06-17,665.16,657.287704918033,7.8722950819672
1996-06-18,662.06,657.484754098361,4.57524590163928
1996-06-19,661.96,657.632131147541,4.327868852459
1996-06-20,662.1,657.848360655738,4.25163934426234
1996-06-21,666.84,658.141803278688,8.69819672131155
1996-06-24,668.85,658.524590163934,10.3254098360655
1996-06-25,668.48,658.766393442623,9.71360655737703
1996-06-26,664.39,658.91606557377,5.47393442622945
1996-06-27,668.55,659.123770491803,9.42622950819668
1996-06-28,670.63,659.365901639344,11.2640983606557
1996-07-01,675.88,659.694098360656,16.1859016393443
1996-07-02,673.61,660.175573770492,13.4344262295082
1996-07-03,672.4,660.670819672131,11.7291803278688
1996-07-04,672.4,661.308524590164,11.091475409836
1996-07-05,657.44,661.739016393443,-4.29901639344257
1996-07-08,652.54,661.998524590164,-9.45852459016396
1996-07-09,654.75,662.199508196721,-7.44950819672135
1996-07-10,656.06,662.380819672131,-6.32081967213117
1996-07-11,645.67,662.44737704918,-16.7773770491804
1996-07-12,646.19,662.489672131148,-16.2996721311475
1996-07-15,629.8,662.239344262295,-32.4393442622951
1996-07-16,628.37,661.919344262295,-33.5493442622951
1996-07-17,634.07,661.632295081967,-27.5622950819671
1996-07-18,643.56,661.52393442623,-17.9639344262296
1996-07-19,638.73,661.292131147541,-22.562131147541
1996-07-22,633.77,660.969344262295,-27.1993442622951
1996-07-23,626.87,660.521967213115,-33.6519672131147
1996-07-24,626.65,660.070819672131,-33.4208196721312
1996-07-25,631.17,659.687049180328,-28.5170491803279
1996-07-26,635.9,659.564426229508,-23.6644262295082
1996-07-29,630.91,659.38868852459,-28.4786885245902
1996-07-30,635.26,659.297704918033,-24.0377049180328
1996-07-31,639.95,659.325409836066,-19.3754098360655
1996-08-01,650.02,659.411475409836,-9.39147540983606
1996-08-02,662.49,659.690983606557,2.79901639344268
1996-08-05,660.23,659.824426229508,0.405573770491856
1996-08-06,662.38,659.83868852459,2.54131147540988
1996-08-07,664.16,659.815081967213,4.34491803278684
1996-08-08,662.59,659.76868852459,2.82131147540986
1996-08-09,662.1,659.723606557377,2.376393442623
1996-08-12,665.77,659.672131147541,6.09786885245899
1996-08-13,660.2,659.459836065574,0.740163934426278
1996-08-14,662.05,659.284262295082,2.76573770491802
1996-08-15,662.28,659.019672131148,3.26032786885241
1996-08-16,665.21,658.842786885246,6.36721311475412
1996-08-19,666.58,658.647213114754,7.93278688524595
1996-08-20,665.69,658.437049180328,7.25295081967215
1996-08-21,665.07,658.319672131148,6.75032786885254
1996-08-22,670.68,658.364754098361,12.3152459016393
1996-08-23,667.03,658.288196721311,8.74180327868851
1996-08-26,663.88,658.202295081967,5.67770491803276
1996-08-27,666.4,658.18131147541,8.21868852459011
1996-08-28,664.8,658.054098360656,6.7459016393442
1996-08-29,657.4,657.709180327869,-0.30918032786883
1996-08-30,651.99,657.364262295082,-5.37426229508196
1996-09-02,651.99,657.014754098361,-5.02475409836063
1996-09-03,654.72,656.728852459016,-2.00885245901634
1996-09-04,655.61,656.477049180328,-0.867049180327854
1996-09-05,649.44,656.155737704918,-6.71573770491796
1996-09-06,655.68,655.955081967213,-0.275081967213168
1996-09-09,663.76,655.920819672131,7.8391803278688
1996-09-10,663.81,655.89868852459,7.91131147540978
1996-09-11,667.28,655.984262295082,11.295737704918
1996-09-12,671.15,656.134918032787,15.0150819672131
1996-09-13,680.54,656.437213114754,24.1027868852459
1996-09-16,683.98,656.718196721311,27.2618032786886
1996-09-17,682.94,656.949180327869,25.9908196721312
1996-09-18,681.47,657.162131147541,24.307868852459
1996-09-19,683,657.467213114754,25.5327868852459
1996-09-20,687.03,657.770163934426,29.2598360655737
1996-09-23,686.48,658.03,28.45
1996-09-24,685.61,658.189508196721,27.4204918032787
1996-09-25,685.83,658.389836065574,27.4401639344263
1996-09-26,685.86,658.610491803279,27.2495081967213
1996-09-27,686.19,658.836557377049,27.3534426229509
1996-09-30,687.31,659.326229508197,27.9837704918032
1996-10-01,689.08,659.925245901639,29.1547540983607
1996-10-02,694.01,660.568852459016,33.4411475409836
1996-10-03,692.78,661.170819672131,31.6091803278688
1996-10-04,701.46,662.085409836066,39.3745901639345
1996-10-07,703.34,663.022295081967,40.3177049180329
1996-10-08,700.64,664.183606557377,36.4563934426229
1996-10-09,696.74,665.304426229508,31.4355737704918
1996-10-10,694.61,666.296885245902,28.3131147540984
1996-10-11,700.66,667.232950819672,33.4270491803278
1996-10-14,703.54,668.295409836066,35.2445901639344
1996-10-15,702.57,669.423278688525,33.1467213114754
1996-10-16,704.41,670.694426229508,33.7155737704918
1996-10-17,706.99,672.011475409836,34.9785245901639
1996-10-18,710.82,673.317213114754,37.502786885246
1996-10-21,709.85,674.529508196721,35.3204918032787
1996-10-22,706.57,675.769836065574,30.8001639344262
1996-10-23,697.31,676.787049180328,20.522950819672
1996-10-24,702.29,677.809016393443,24.4809836065573
1996-10-25,700.92,678.643442622951,22.2765573770491
1996-10-28,697.26,679.213442622951,18.0465573770492
1996-10-29,701.5,679.89,21.61
1996-10-30,700.9,680.521475409836,20.3785245901639
1996-10-31,705.27,681.195409836066,24.0745901639344
1996-11-01,703.77,681.870491803279,21.8995081967213
1996-11-04,706.73,682.602131147541,24.1278688524591
1996-11-05,714.14,683.395081967213,30.7449180327869
1996-11-06,724.59,684.450655737705,40.1393442622951
1996-11-07,727.65,685.52606557377,42.1239344262295
1996-11-08,730.82,686.649672131148,44.1703278688525
1996-11-11,731.87,687.742459016393,44.1275409836065
1996-11-12,729.56,688.774918032787,40.785081967213
1996-11-13,731.13,689.847704918033,41.2822950819672
1996-11-14,735.88,691.008524590164,44.8714754098361
1996-11-15,737.62,692.105901639344,45.5140983606558
1996-11-18,737.02,693.253278688525,43.7667213114754
1996-11-19,742.16,694.536557377049,47.6234426229507
1996-11-20,743.95,695.807868852459,48.142131147541
1996-11-21,742.75,697.085737704918,45.6642622950819
1996-11-22,748.73,698.582950819672,50.1470491803279
1996-11-25,757.03,700.304918032787,56.7250819672131
1996-11-26,755.96,702.009344262295,53.950655737705
1996-11-27,755,703.653278688525,51.3467213114754
1996-11-28,755,705.28262295082,49.7173770491803
1996-11-29,757.02,707.046229508197,49.9737704918033
1996-12-02,756.56,708.7,47.8599999999999
1996-12-03,748.28,710.085573770492,38.1944262295082
1996-12-04,745.1,711.418196721311,33.6818032786886
1996-12-05,744.38,712.682131147541,31.697868852459
1996-12-06,739.6,713.804262295082,25.7957377049181
1996-12-09,749.76,714.939016393443,34.8209836065573
1996-12-10,747.54,715.980983606557,31.5590163934426
1996-12-11,740.73,716.928360655738,23.8016393442623
1996-12-12,729.33,717.712950819672,11.6170491803279
1996-12-13,728.64,718.461147540984,10.1788524590164
1996-12-16,720.98,719.017704918033,1.96229508196723
1996-12-17,726.04,719.666229508197,6.37377049180327
1996-12-18,731.54,720.419180327869,11.1208196721311
1996-12-19,745.76,721.401639344262,24.3583606557377
1996-12-20,748.87,722.434590163934,26.4354098360656
1996-12-23,746.92,723.430163934426,23.4898360655737
1996-12-24,751.03,724.474754098361,26.5552459016393
1996-12-25,751.03,725.490327868852,25.5396721311475
1996-12-26,755.82,726.503606557377,29.316393442623
1996-12-27,756.79,727.552950819672,29.2370491803279
1996-12-30,753.85,728.411803278688,25.4381967213116
1996-12-31,740.74,729.024918032787,11.7150819672131
1997-01-01,740.74,729.682295081967,11.0577049180328
1997-01-02,737.01,730.342459016393,6.6675409836065
1997-01-03,748.03,731.218196721311,16.8118032786886
1997-01-06,747.65,731.988524590164,15.661475409836
1997-01-07,753.23,732.803114754098,20.4268852459016
1997-01-08,748.41,733.554590163934,14.8554098360655
1997-01-09,754.85,734.381475409836,20.468524590164
1997-01-10,759.5,735.242295081967,24.2577049180328
1997-01-13,759.51,736.040491803279,23.4695081967213
1997-01-14,768.86,737.007868852459,31.8521311475411
1997-01-15,767.2,738.001803278688,29.1981967213115
1997-01-16,769.75,739.189344262295,30.5606557377049
1997-01-17,776.17,740.400491803279,35.7695081967213
1997-01-20,776.7,741.642786885246,35.0572131147542
1997-01-21,782.72,743.043770491803,39.6762295081968
1997-01-22,786.23,744.432786885246,41.7972131147541
1997-01-23,777.56,745.689508196721,31.8704918032786
1997-01-24,770.52,746.759180327869,23.7608196721311
1997-01-27,765.02,747.763278688525,17.2567213114754
1997-01-28,765.02,748.718852459016,16.3011475409836
1997-01-29,772.5,749.675573770492,22.8244262295082
1997-01-30,784.17,750.652295081967,33.5177049180328
1997-01-31,786.16,751.611475409836,34.5485245901639
1997-02-03,786.73,752.528032786885,34.2019672131148
1997-02-04,788.57,753.457540983607,35.1124590163935
1997-02-05,778.28,754.256229508197,24.0237704918032
1997-02-06,780.15,755.059836065574,25.0901639344262
1997-02-07,789.56,755.939836065574,33.6201639344262
1997-02-10,785.43,756.723606557377,28.7063934426229
1997-02-11,789.59,757.585409836066,32.0045901639345
1997-02-12,802.77,758.579016393443,44.1909836065573
1997-02-13,811.82,759.691639344262,52.1283606557378
1997-02-14,808.48,760.769180327869,47.7108196721312
1997-02-17,808.48,761.74868852459,46.7313114754098
1997-02-18,816.29,762.720163934426,53.5698360655738
1997-02-19,812.49,763.646885245902,48.8431147540983
1997-02-20,802.8,764.430491803279,38.3695081967213
1997-02-21,801.77,765.197213114754,36.5727868852459
1997-02-24,810.28,766.070327868852,44.2096721311475
1997-02-25,812.1,766.980819672131,45.1191803278689
1997-02-26,805.68,767.921803278689,37.7581967213114
1997-02-27,795.07,768.740983606557,26.3290163934427
1997-02-28,790.82,769.502295081967,21.3177049180329
1997-03-03,795.31,770.415573770492,24.8944262295081
1997-03-04,790.95,771.090819672131,19.8591803278689
1997-03-05,801.99,771.983442622951,30.0065573770491
1997-03-06,798.56,772.931475409836,25.6285245901639
1997-03-07,804.97,774.171475409836,30.798524590164
1997-03-10,813.65,775.565081967213,38.0849180327868
1997-03-11,811.34,777.046393442623,34.2936065573771
1997-03-12,804.26,778.32868852459,25.9313114754099
1997-03-13,789.56,779.279836065574,10.2801639344261
1997-03-14,793.17,780.057049180328,13.1129508196721
1997-03-17,795.71,780.824918032787,14.8850819672132
1997-03-18,789.66,781.525573770492,8.13442622950822
1997-03-19,785.77,782.095081967213,3.67491803278688
1997-03-20,782.65,782.613442622951,0.036557377049121
1997-03-21,784.1,783.077049180328,1.02295081967213
1997-03-24,790.89,783.63606557377,7.25393442622953
1997-03-25,789.07,784.213442622951,4.85655737704928
1997-03-26,790.5,785.029180327869,5.47081967213114
1997-03-27,773.88,785.572459016393,-11.6924590163934
1997-03-28,773.88,786.176885245902,-12.2968852459016
1997-03-31,757.12,786.325901639344,-29.2059016393442
1997-04-01,759.64,786.522459016393,-26.8824590163935
1997-04-02,750.11,786.47131147541,-36.3613114754098
1997-04-03,750.32,786.50262295082,-36.1826229508196
1997-04-04,757.9,786.55262295082,-28.6526229508197
1997-04-07,762.13,786.595737704918,-24.4657377049181
1997-04-08,766.12,786.704098360656,-20.5840983606557
1997-04-09,760.6,786.56868852459,-25.9686885245901
1997-04-10,758.34,786.423442622951,-28.0834426229508
1997-04-11,737.65,785.897213114754,-48.2472131147541
1997-04-14,743.73,785.365409836066,-41.6354098360656
1997-04-15,754.72,785.005081967213,-30.285081967213
1997-04-16,763.53,784.690491803279,-21.1604918032787
1997-04-17,761.77,784.289508196721,-22.5195081967213
1997-04-18,766.34,784.105573770492,-17.7655737704918
1997-04-21,760.37,783.939180327869,-23.5691803278688
1997-04-22,774.61,784.096393442623,-9.4863934426229
1997-04-23,773.64,784.237704918033,-10.5977049180328
1997-04-24,771.18,784.21606557377,-13.0360655737705
1997-04-25,765.37,783.907868852459,-18.537868852459
1997-04-28,772.96,783.691475409836,-10.731475409836
1997-04-29,794.05,783.811475409836,10.2385245901639
1997-04-30,801.34,784.020819672131,17.3191803278689
1997-05-01,798.53,784.352786885246,14.1772131147541
1997-05-02,812.97,784.890819672131,28.0791803278689
1997-05-05,830.24,785.557704918033,44.6822950819673
1997-05-06,827.76,786.251639344262,41.5083606557376
1997-05-07,815.62,786.678360655738,28.9416393442623
1997-05-08,820.26,786.965081967213,33.2949180327869
1997-05-09,824.78,787.177540983607,37.6024590163934
1997-05-12,837.66,787.655901639344,50.0040983606557
1997-05-13,833.13,788.06,45.07
1997-05-14,836.04,788.383770491803,47.6562295081967
1997-05-15,841.88,788.865573770492,53.0144262295082
1997-05-16,829.75,789.30737704918,40.4426229508197
1997-05-19,833.27,789.823770491803,43.4462295081967
1997-05-20,841.66,790.338196721311,51.3218032786885
1997-05-21,839.35,790.784918032787,48.5650819672131
1997-05-22,835.66,791.276393442623,44.383606557377
1997-05-23,847.03,792.128196721311,54.9018032786885
1997-05-26,847.03,793.049672131148,53.9803278688524
1997-05-27,849.71,793.941475409836,55.768524590164
1997-05-28,847.21,794.863770491803,52.3462295081968
1997-05-29,844.08,795.553770491803,48.5262295081968
1997-05-30,848.28,796.368852459016,51.9111475409836
1997-06-02,846.36,797.04737704918,49.3126229508197
1997-06-03,845.48,797.569180327869,47.9108196721312
1997-06-04,840.11,798.040819672131,42.0691803278688
1997-06-05,843.43,798.682950819672,44.7470491803278
1997-06-06,858.01,799.805081967213,58.2049180327868
1997-06-09,862.91,800.948360655738,61.9616393442623
1997-06-10,865.27,802.08868852459,63.1813114754099
1997-06-11,869.57,803.39868852459,66.1713114754099
1997-06-12,883.48,805.000491803279,78.4795081967213
1997-06-13,893.27,806.81393442623,86.4560655737705
1997-06-16,893.9,808.61393442623,85.2860655737704
1997-06-17,894.42,810.311147540984,84.1088524590164
1997-06-18,889.06,811.950327868852,77.1096721311475
1997-06-19,897.99,813.712459016393,84.2775409836065
1997-06-20,898.7,815.75868852459,82.9413114754099
1997-06-23,878.62,817.475737704918,61.144262295082
1997-06-24,896.34,819.758032786885,76.5819672131148
1997-06-25,888.99,821.878524590164,67.1114754098361
1997-06-26,883.68,824.068196721311,59.6118032786885
1997-06-27,887.3,826.313770491803,60.9862295081966
1997-06-30,885.14,828.399672131148,56.7403278688524
1997-07-01,891.03,830.512786885246,60.5172131147541
1997-07-02,904.03,832.773606557377,71.256393442623
1997-07-03,916.92,835.336229508197,81.5837704918033
1997-07-04,916.92,837.935901639344,78.9840983606557
1997-07-07,912.2,840.79737704918,71.4026229508197
1997-07-08,918.75,843.666557377049,75.0834426229509
1997-07-09,907.54,846.171803278689,61.3681967213114
1997-07-10,913.78,848.634918032787,65.1450819672131
1997-07-11,916.68,851.174426229508,65.5055737704918
1997-07-14,918.38,853.666885245902,64.7131147540983
1997-07-15,925.76,856.378196721311,69.3818032786885
1997-07-16,936.59,859.033606557377,77.556393442623
1997-07-17,931.61,861.623278688525,69.9867213114754
1997-07-18,915.3,863.985901639344,51.3140983606557
1997-07-21,912.94,866.405081967213,46.5349180327869
1997-07-22,933.38,869.034918032787,64.3450819672131
1997-07-23,936.56,871.371147540984,65.1888524590164
1997-07-24,940.28,873.648852459016,66.6311475409836
1997-07-25,938.79,875.948196721311,62.8418032786885
1997-07-28,936.45,877.972459016393,58.4775409836066
1997-07-29,942.29,879.809344262295,62.4806557377049
1997-07-30,952.29,881.850819672131,70.4391803278688
1997-07-31,954.29,884.124098360656,70.1659016393443
1997-08-01,947.14,886.204098360656,60.9359016393443
1997-08-04,950.3,888.261803278688,62.0381967213115
1997-08-05,952.37,890.142295081967,62.2277049180328
1997-08-06,960.32,892.22737704918,68.0926229508198
1997-08-07,951.19,894.115081967213,57.074918032787
1997-08-08,933.54,895.617704918033,37.9222950819671
1997-08-11,937,897.375901639344,39.6240983606557
1997-08-12,926.53,898.904754098361,27.6252459016393
1997-08-13,922.02,900.222131147541,21.797868852459
1997-08-14,924.77,901.622459016393,23.1475409836065
1997-08-15,900.81,902.690491803279,-1.88049180327869
1997-08-18,912.49,903.763606557377,8.72639344262302
1997-08-19,926.01,905.058360655738,20.9516393442623
1997-08-20,939.35,906.527868852459,32.822131147541
1997-08-21,925.05,907.80393442623,17.2460655737705
1997-08-22,923.54,909.106557377049,14.4334426229508
1997-08-25,920.16,910.284918032787,9.87508196721308
1997-08-26,913.02,911.377704918033,1.64229508196718
1997-08-27,913.7,912.49606557377,1.20393442622958
1997-08-28,903.67,913.538032786885,-9.86803278688524
1997-08-29,899.47,914.456721311475,-14.9867213114753
1997-09-01,899.47,915.136393442623,-15.666393442623
1997-09-02,927.58,916.196557377049,11.3834426229508
1997-09-03,927.85,917.222459016393,10.6275409836065
1997-09-04,930.87,918.22737704918,12.6426229508197
1997-09-05,929.05,918.974426229508,10.0755737704918
1997-09-08,931.2,919.596229508197,11.6037704918033
1997-09-09,927,920.138852459016,6.86114754098367
1997-09-10,919.03,920.542295081967,-1.51229508196718
1997-09-11,912.59,920.928032786885,-8.33803278688515
1997-09-12,923.91,921.352950819672,2.55704918032779
1997-09-15,919.77,921.698360655738,-1.92836065573772
1997-09-16,945.64,922.797049180328,22.8429508196722
1997-09-17,943,923.561967213115,19.4380327868853
1997-09-18,947.29,924.517704918033,22.7722950819672
1997-09-19,950.51,925.613278688525,24.8967213114754
1997-09-22,955.43,926.730163934426,28.6998360655738
1997-09-23,951.93,927.825081967213,24.1049180327868
1997-09-24,944.48,928.70131147541,15.7786885245902
1997-09-25,937.91,929.256721311475,8.65327868852455
1997-09-26,945.22,929.720655737705,15.4993442622952
1997-09-29,953.34,930.317704918033,23.0222950819673
1997-09-30,947.28,930.892786885246,16.3872131147541
1997-10-01,955.41,931.493770491803,23.9162295081967
1997-10-02,960.46,932.36131147541,28.0986885245902
1997-10-03,965.03,933.201475409836,31.828524590164
1997-10-06,972.69,934.119672131148,38.5703278688525
1997-10-07,983.12,935.180983606557,47.9390163934427
1997-10-08,973.84,935.969180327869,37.8708196721312
1997-10-09,970.62,936.527049180328,34.0929508196722
1997-10-10,966.98,937.106885245902,29.8731147540984
1997-10-13,968.1,937.972459016393,30.1275409836065
1997-10-14,970.28,938.912459016393,31.3675409836065
1997-10-15,965.72,939.44262295082,26.2773770491804
1997-10-16,955.25,939.749016393443,15.5009836065574
1997-10-17,944.16,939.81262295082,4.3473770491803
1997-10-20,955.61,940.088360655738,15.5216393442623
1997-10-21,972.28,940.675737704918,31.604262295082
1997-10-22,968.49,941.105245901639,27.3847540983606
1997-10-23,950.69,941.079016393443,9.6109836065574
1997-10-24,941.64,940.871639344262,0.768360655737638
1997-10-27,876.98,939.721475409836,-62.7414754098361
1997-10-28,921.85,939.255081967213,-17.405081967213
1997-10-29,919.16,938.710655737705,-19.5506557377049
1997-10-30,903.68,937.782131147541,-34.1021311475411
1997-10-31,914.62,937.18262295082,-22.5626229508197
1997-11-03,938.99,937.271967213115,1.71803278688526
1997-11-04,940.76,937.333606557377,3.42639344262295
1997-11-05,942.76,937.599672131147,5.1603278688525
1997-11-06,938.03,937.862131147541,0.167868852459037
1997-11-07,927.51,937.907049180328,-10.3970491803278
1997-11-10,921.13,938.240163934426,-17.1101639344263
1997-11-11,923.78,938.425245901639,-14.6452459016393
1997-11-12,905.96,938.096557377049,-32.1365573770491
1997-11-13,916.66,937.724590163934,-21.0645901639344
1997-11-14,928.35,937.77868852459,-9.42868852459014
1997-11-17,946.2,938.150163934426,8.0498360655738
1997-11-18,938.23,938.446393442623,-0.216393442622916
1997-11-19,944.59,938.96393442623,5.62606557377057
1997-11-20,958.98,939.706229508197,19.2737704918032
1997-11-21,963.09,940.680327868852,22.4096721311475
1997-11-24,946.67,941.454098360656,5.21590163934422
1997-11-25,950.82,942.295901639344,8.52409836065578
1997-11-26,951.64,942.690327868852,8.94967213114751
1997-11-27,951.64,943.080327868852,8.55967213114752
1997-11-28,955.4,943.482459016393,11.9175409836065
1997-12-01,974.77,944.231967213115,30.5380327868852
1997-12-02,971.68,944.895573770492,26.7844262295082
1997-12-03,976.77,945.711475409836,31.0585245901639
1997-12-04,973.1,946.597868852459,26.502131147541
1997-12-05,983.79,947.765081967213,36.0249180327869
1997-12-08,982.37,948.723442622951,33.6465573770491
1997-12-09,975.78,949.641639344262,26.1383606557376
1997-12-10,969.79,950.037540983607,19.7524590163935
1997-12-11,954.94,950.233278688525,4.70672131147546
1997-12-12,953.39,950.333278688525,3.05672131147537
1997-12-15,963.39,950.544426229508,12.8455737704918
1997-12-16,968.04,950.751147540984,17.2888524590163
1997-12-17,965.54,950.974262295082,14.565737704918
1997-12-18,955.3,951.151639344262,4.14836065573763
1997-12-19,946.78,951.297049180328,-4.51704918032794
1997-12-22,953.7,951.43606557377,2.26393442622953
1997-12-23,939.12,951.202950819672,-12.0829508196721
1997-12-24,932.7,950.96393442623,-18.2639344262294
1997-12-25,932.7,950.591639344262,-17.8916393442622
1997-12-26,936.46,950.198196721311,-13.7381967213114
1997-12-29,953.36,950.006885245902,3.35311475409833
1997-12-30,970.84,949.976557377049,20.8634426229509
1997-12-31,970.43,949.768524590164,20.661475409836
1998-01-01,970.43,949.71262295082,20.7173770491803
1998-01-02,975,949.784426229508,25.2155737704918
1998-01-05,977.07,949.949836065574,27.1201639344263
1998-01-06,966.58,949.924918032787,16.6550819672132
1998-01-07,964,949.821967213115,14.1780327868853
1998-01-08,956.04,949.663278688525,6.37672131147542
1998-01-09,934.94,949.330327868852,-14.3903278688524
1998-01-12,939.21,949.249180327869,-10.0391803278688
1998-01-13,952.12,949.191967213115,2.9280327868853
1998-01-14,957.94,948.956885245902,8.98311475409844
1998-01-15,950.73,948.665737704918,2.06426229508202
1998-01-16,961.51,948.843114754098,12.6668852459017
1998-01-19,961.51,949.168852459016,12.3411475409836
1998-01-20,978.6,950.834754098361,27.7652459016393
1998-01-21,970.78,951.636885245902,19.1431147540983
1998-01-22,963.04,952.356229508197,10.6837704918032
1998-01-23,957.58,953.239836065574,4.3401639344263
1998-01-26,956.95,953.933770491803,3.01622950819672
1998-01-27,969.02,954.42606557377,14.5939344262295
1998-01-28,977.46,955.027704918033,22.4322950819673
1998-01-29,985.49,955.728196721312,29.7618032786885
1998-01-30,980.28,956.420819672131,23.8591803278688
1998-02-02,1001.27,957.63,43.64
1998-02-03,1005.99,959.021147540984,46.9688524590164
1998-02-04,1006.9,960.383770491803,46.5162295081967
1998-02-05,1003.54,961.983442622951,41.5565573770491
1998-02-06,1012.46,963.55393442623,48.9060655737705
1998-02-09,1010.74,964.904590163934,45.8354098360655
1998-02-10,1019.01,966.098196721312,52.9118032786885
1998-02-11,1020.01,967.438852459016,52.5711475409836
1998-02-12,1024.14,968.742950819672,55.3970491803279
1998-02-13,1020.09,969.744754098361,50.3452459016394
1998-02-16,1020.09,970.679180327869,49.4108196721312
1998-02-17,1022.76,971.926557377049,50.8334426229508
1998-02-18,1032.06,973.258360655738,58.8016393442622
1998-02-19,1028.28,974.514754098361,53.7652459016393
1998-02-20,1034.21,975.868360655738,58.3416393442624
1998-02-23,1038.14,977.224754098361,60.9152459016394
1998-02-24,1030.56,978.139344262295,52.4206557377048
1998-02-25,1042.9,979.306885245902,63.5931147540985
1998-02-26,1048.67,980.485573770492,68.1844262295083
1998-02-27,1049.34,981.735409836066,67.6045901639343
1998-03-02,1047.7,982.783114754098,64.9168852459017
1998-03-03,1052.02,983.924918032787,68.0950819672131
1998-03-04,1047.33,985.097868852459,62.2321311475409
1998-03-05,1035.04,986.167540983607,48.8724590163933
1998-03-06,1055.69,987.819180327869,67.8708196721312
1998-03-09,1052.31,989.440819672131,62.8691803278688
1998-03-10,1064.25,991.094262295082,73.155737704918
1998-03-11,1068.47,992.740655737705,75.7293442622951
1998-03-12,1069.92,994.451803278689,75.4681967213115
1998-03-13,1068.59,996.309016393443,72.2809836065572
1998-03-16,1079.27,998.480983606557,80.7890163934426
1998-03-17,1080.45,1000.55885245902,79.8911475409836
1998-03-18,1085.52,1002.95885245902,82.5611475409836
1998-03-19,1089.74,1005.53327868852,84.2067213114755
1998-03-20,1099.16,1008.26213114754,90.897868852459
1998-03-23,1095.55,1010.87016393443,84.6798360655737
1998-03-24,1105.65,1013.36672131148,92.2832786885247
1998-03-25,1101.92,1015.51557377049,86.4044262295083
1998-03-26,1100.8,1017.65278688525,83.1472131147541
1998-03-27,1095.44,1019.70213114754,75.7378688524591
1998-03-30,1093.55,1021.64557377049,71.9044262295082
1998-03-31,1101.75,1023.68950819672,78.0604918032786
1998-04-01,1108.15,1026.01032786885,82.1396721311476
1998-04-02,1119.77,1028.56393442623,91.2060655737705
1998-04-03,1122.7,1031.29606557377,91.4039344262296
1998-04-06,1121.39,1034.35262295082,87.0373770491803
1998-04-07,1109.55,1037.14508196721,72.4049180327868
1998-04-08,1101.65,1039.59639344262,62.0536065573772
1998-04-09,1110.67,1042.10016393443,68.5698360655738
1998-04-10,1110.67,1044.72213114754,65.9478688524591
1998-04-13,1109.69,1047.15131147541,62.5386885245903
1998-04-14,1115.75,1049.67983606557,66.0701639344263
1998-04-15,1119.32,1051.98672131148,67.3332786885246
1998-04-16,1108.17,1054.23901639344,53.9309836065574
1998-04-17,1122.72,1056.85672131148,65.8632786885246
1998-04-20,1123.65,1059.57918032787,64.0708196721312
1998-04-21,1126.34,1062.35606557377,63.9839344262293
1998-04-22,1130,1064.99508196721,65.0049180327869
1998-04-23,1119.58,1067.32491803279,52.2550819672131
1998-04-24,1107.9,1069.33163934426,38.5683606557377
1998-04-27,1086.54,1071.07360655738,15.4663934426228
1998-04-28,1085.11,1072.44803278689,12.6619672131146
1998-04-29,1094.63,1073.90114754098,20.7288524590165
1998-04-30,1111.75,1075.62,36.1299999999999
1998-05-01,1121,1077.54557377049,43.4544262295083
1998-05-04,1122.07,1079.34245901639,42.7275409836066
1998-05-05,1115.65,1081.06229508197,34.5877049180328
1998-05-06,1104.92,1082.4706557377,22.4493442622952
1998-05-07,1095.14,1083.70229508197,11.437704918033
1998-05-08,1108.14,1085.0793442623,23.060655737705
1998-05-11,1106.64,1086.49819672131,20.1418032786887
1998-05-12,1115.8,1088.06721311475,27.7327868852458
1998-05-13,1118.86,1089.64262295082,29.2173770491802
1998-05-14,1117.37,1091.04114754098,26.3288524590162
1998-05-15,1108.74,1092.36016393443,16.3798360655737
1998-05-18,1105.82,1093.53409836066,12.2859016393443
1998-05-19,1109.52,1094.70426229508,14.8157377049181
1998-05-20,1119.06,1096.15508196721,22.9049180327868
1998-05-21,1114.64,1097.33114754098,17.3088524590164
1998-05-22,1110.47,1098.34426229508,12.125737704918
1998-05-25,1110.47,1099.34639344262,11.1236065573771
1998-05-26,1094.02,1100.10573770492,-6.08573770491807
1998-05-27,1092.23,1100.76491803279,-8.53491803278689
1998-05-28,1097.59,1101.58885245902,-3.99885245901646
1998-05-29,1090.82,1102.50327868852,-11.6832786885248
1998-06-01,1090.98,1103.08180327869,-12.1018032786885
1998-06-02,1093.03,1103.7493442623,-10.7193442622952
1998-06-03,1082.74,1104.05245901639,-21.3124590163934
1998-06-04,1094.83,1104.48459016393,-9.65459016393447
1998-06-05,1113.86,1105.20491803279,8.65508196721294
1998-06-08,1115.72,1105.97754098361,9.74245901639347
1998-06-09,1118.41,1106.61918032787,11.7908196721312
1998-06-10,1112.28,1107.14098360656,5.13901639344249
1998-06-11,1094.58,1107.28950819672,-12.7095081967213
1998-06-12,1098.84,1107.43868852459,-8.59868852459022
1998-06-15,1077.01,1107.07557377049,-30.0655737704917
1998-06-16,1087.58,1106.94491803279,-19.364918032787
1998-06-17,1107.1,1106.96868852459,0.131311475409802
1998-06-18,1106.37,1107.04163934426,-0.671639344262303
1998-06-19,1100.65,1107.03918032787,-6.38918032786887
1998-06-22,1103.2,1107.16639344262,-3.9663934426228
1998-06-23,1119.49,1107.59163934426,11.8983606557376
1998-06-24,1132.88,1108.10196721311,24.7780327868854
1998-06-25,1129.28,1108.44836065574,20.8316393442622
1998-06-26,1133.2,1108.66852459016,24.531475409836
1998-06-29,1138.49,1108.92737704918,29.5626229508198
1998-06-30,1133.84,1109.13147540984,24.708524590164
1998-07-01,1148.56,1109.77098360656,38.7890163934426
1998-07-02,1146.42,1110.50491803279,35.9150819672132
1998-07-03,1146.42,1111.09098360656,35.3290163934428
1998-07-06,1157.31,1111.85557377049,45.454426229508
1998-07-07,1154.66,1112.59278688525,42.0672131147542
1998-07-08,1166.37,1113.42262295082,52.9473770491802
1998-07-09,1158.56,1114.06590163934,44.4940983606557
1998-07-10,1164.33,1114.98655737705,49.3434426229508
1998-07-13,1165.19,1115.68278688525,49.5072131147542
1998-07-14,1177.58,1116.5668852459,61.0131147540983
1998-07-15,1174.81,1117.36147540984,57.448524590164
1998-07-16,1184.02,1118.24704918033,65.7729508196721
1998-07-17,1186.75,1119.34819672131,67.4018032786885
1998-07-20,1184.1,1120.59737704918,63.5026229508196
1998-07-21,1165.07,1121.88475409836,43.1852459016393
1998-07-22,1164.08,1123.1793442623,40.9006557377049
1998-07-23,1139.75,1123.91901639344,15.8309836065573
1998-07-24,1140.8,1124.39524590164,16.4047540983606
1998-07-27,1147.27,1124.82590163934,22.4440983606557
1998-07-28,1130.24,1124.95983606557,5.28016393442635
1998-07-29,1125.21,1125.11655737705,0.0934426229507608
1998-07-30,1142.86,1125.73852459016,17.121475409836
1998-07-31,1120.67,1126.15704918033,-5.48704918032786
1998-08-03,1112.44,1126.22754098361,-13.7875409836065
1998-08-04,1072.12,1125.66163934426,-53.5416393442624
1998-08-05,1081.43,1125.09819672131,-43.6681967213115
1998-08-06,1089.63,1124.61901639344,-34.9890163934424
1998-08-07,1089.45,1124.16131147541,-34.7113114754097
1998-08-10,1083.14,1123.74163934426,-40.6016393442621
1998-08-11,1068.98,1123.13770491803,-54.1577049180328
1998-08-12,1084.22,1122.72295081967,-38.5029508196722
1998-08-13,1074.91,1121.99918032787,-47.0891803278687
1998-08-14,1062.75,1121.14852459016,-58.398524590164
1998-08-17,1083.67,1120.70918032787,-37.0391803278687
1998-08-18,1101.2,1120.55721311475,-19.3572131147541
1998-08-19,1098.06,1120.62344262295,-22.5634426229508
1998-08-20,1091.6,1120.6131147541,-29.0131147540985
1998-08-21,1081.18,1120.34409836066,-39.1640983606558
1998-08-24,1088.14,1120.30016393443,-32.1601639344262
1998-08-25,1092.86,1120.33098360656,-27.4709836065574
1998-08-26,1084.19,1120.18606557377,-35.9960655737705
1998-08-27,1042.59,1119.52786885246,-76.9378688524591
1998-08-28,1027.25,1118.42,-91.1700000000001
1998-08-31,957.28,1115.8531147541,-158.573114754098
1998-09-01,994.24,1113.86163934426,-119.621639344262
1998-09-02,990.48,1111.76442622951,-121.284426229508
1998-09-03,982.26,1109.63295081967,-127.372950819672
1998-09-04,973.89,1107.65442622951,-133.764426229508
1998-09-07,973.89,1105.60606557377,-131.716065573771
1998-09-08,1023.46,1104.72819672131,-81.2681967213114
1998-09-09,1006.2,1103.39409836066,-97.1940983606557
1998-09-10,980.19,1101.31360655738,-121.123606557377
1998-09-11,1009.06,1099.71836065574,-90.6583606557379
1998-09-14,1029.72,1098.55557377049,-68.8355737704917
1998-09-15,1037.68,1097.48147540984,-59.801475409836
1998-09-16,1045.48,1096.26819672131,-50.7881967213114
1998-09-17,1018.87,1094.39918032787,-75.5291803278689
1998-09-18,1020.09,1092.60918032787,-72.5191803278689
1998-09-21,1023.89,1090.81721311475,-66.9272131147542
1998-09-22,1029.63,1089.03262295082,-59.4026229508195
1998-09-23,1066.09,1087.92196721311,-21.8319672131149
1998-09-24,1042.72,1086.1868852459,-43.4668852459017
1998-09-25,1044.75,1084.52016393443,-39.7701639344261
1998-09-28,1048.69,1082.91803278689,-34.2280327868853
1998-09-29,1049.02,1081.14278688525,-32.1227868852459
1998-09-30,1017.01,1078.8862295082,-61.8762295081967
1998-10-01,986.39,1075.93573770492,-89.545737704918
1998-10-02,1002.6,1073.37901639344,-70.7790163934427
1998-10-05,988.56,1070.49754098361,-81.9375409836066
1998-10-06,984.59,1067.5368852459,-82.9468852459016
1998-10-07,970.68,1064.14508196721,-93.4650819672132
1998-10-08,959.44,1060.61442622951,-101.174426229508
1998-10-09,984.39,1057.34180327869,-72.9518032786885
1998-10-12,997.71,1054.24278688525,-56.532786885246
1998-10-13,994.8,1051.13950819672,-56.3395081967215
1998-10-14,1005.53,1048.52409836066,-42.9940983606557
1998-10-15,1047.49,1046.61278688525,0.877213114754113
1998-10-16,1056.42,1045.24672131148,11.1732786885248
1998-10-19,1062.39,1043.96131147541,18.4286885245901
1998-10-20,1063.93,1042.59508196721,21.3349180327868
1998-10-21,1069.92,1041.6062295082,28.3137704918033
1998-10-22,1078.48,1040.84016393443,37.6398360655737
1998-10-23,1070.67,1039.65672131148,31.0132786885247
1998-10-26,1072.32,1038.86409836066,33.4559016393441
1998-10-27,1065.34,1038.09196721311,27.2480327868852
1998-10-28,1068.09,1038.02590163934,30.0640983606556
1998-10-29,1085.93,1038.09967213115,47.8303278688525
1998-10-30,1098.67,1038.24786885246,60.422131147541
1998-11-02,1111.6,1038.61098360656,72.9890163934426
1998-11-03,1110.84,1039.06508196721,71.7749180327869
1998-11-04,1118.67,1039.87967213115,78.7903278688525
1998-11-05,1133.68,1040.69049180328,92.9895081967213
1998-11-06,1141.01,1041.77409836066,99.2359016393443
1998-11-09,1130.2,1042.87983606557,87.3201639344263
1998-11-10,1128.26,1043.61081967213,84.6491803278689
1998-11-11,1120.97,1043.93491803279,77.035081967213
1998-11-12,1128.26,1044.43,83.8299999999999
1998-11-13,1125.72,1044.9893442623,80.7306557377049
1998-11-16,1135.87,1045.88590163934,89.9840983606557
1998-11-17,1139.32,1046.72491803279,92.595081967213
1998-11-18,1144.48,1047.57114754098,96.9088524590163
1998-11-19,1152.61,1048.69278688525,103.917213114754
1998-11-20,1163.55,1050.67573770492,112.874262295082
1998-11-23,1188.21,1053.31442622951,134.895573770492
1998-11-24,1182.99,1057.01459016393,125.975409836066
1998-11-25,1182.99,1060.10885245902,122.881147540984
1998-11-26,1182.99,1063.26475409836,119.725245901639
1998-11-27,1192.29,1066.70786885246,125.582131147541
1998-11-30,1163.63,1069.81836065574,93.8116393442624
1998-12-01,1175.28,1073.11983606557,102.160163934426
1998-12-02,1171.25,1075.54262295082,95.7073770491804
1998-12-03,1150.14,1077.90229508197,72.2377049180329
1998-12-04,1176.74,1081.12442622951,95.6155737704919
1998-12-07,1187.7,1084.05295081967,103.647049180328
1998-12-08,1181.38,1086.53918032787,94.8408196721311
1998-12-09,1183.49,1088.92950819672,94.5604918032786
1998-12-10,1165.02,1090.88918032787,74.1308196721311
1998-12-11,1166.46,1093.30868852459,73.1513114754098
1998-12-14,1141.2,1095.29409836066,45.9059016393444
1998-12-15,1162.83,1097.57180327869,65.2581967213114
1998-12-16,1161.97,1099.74131147541,62.2286885245901
1998-12-17,1179.98,1101.60836065574,78.3716393442623
1998-12-18,1188.03,1103.99049180328,84.0395081967213
1998-12-21,1202.84,1106.58213114754,96.2578688524588
1998-12-22,1203.57,1109.12114754098,94.4488524590163
1998-12-23,1228.54,1112.06409836066,116.475901639344
1998-12-24,1226.27,1115.49459016393,110.775409836066
1998-12-25,1226.27,1119.42704918033,106.842950819672
1998-12-28,1225.49,1123.08098360656,102.409016393443
1998-12-29,1241.81,1127.23262295082,114.57737704918
1998-12-30,1231.93,1131.28737704918,100.64262295082
1998-12-31,1229.23,1135.52590163934,93.7040983606557
1999-01-01,1226.27,1139.90016393443,86.3698360655737
1999-01-04,1228.1,1143.89540983607,84.2045901639344
1999-01-05,1244.78,1147.94573770492,96.834262295082
1999-01-06,1272.34,1152.49557377049,119.844426229508
1999-01-07,1269.73,1156.82672131148,112.903278688525
1999-01-08,1275.09,1160.55786885246,114.532131147541
1999-01-11,1263.88,1163.95885245902,99.9211475409836
1999-01-12,1239.51,1166.86245901639,72.6475409836066
1999-01-13,1234.4,1169.65704918033,64.7429508196722
1999-01-14,1212.19,1171.9893442623,40.2006557377049
1999-01-15,1243.26,1174.6906557377,68.5693442622951
1999-01-18,1243.26,1177.52,65.74
1999-01-19,1250.89,1180.44737704918,70.4426229508197
1999-01-20,1256.62,1183.5831147541,73.0368852459014
1999-01-21,1235.16,1186.32196721311,48.8380327868854
1999-01-22,1225.19,1188.60491803279,36.5850819672132
1999-01-25,1233.98,1190.8231147541,43.1568852459015
1999-01-26,1252.31,1193.12983606557,59.1801639344262
1999-01-27,1243.19,1195.29950819672,47.8904918032788
1999-01-28,1265.37,1197.70442622951,67.6655737704916
1999-01-29,1279.64,1200.09721311475,79.542786885246
1999-02-01,1273.04,1202.26163934426,70.7783606557377
1999-02-02,1261.99,1204.42213114754,57.567868852459
1999-02-03,1272.07,1206.77967213115,65.2903278688525
1999-02-04,1248.49,1208.87016393443,39.6198360655737
1999-02-05,1239.4,1210.69213114754,28.7078688524591
1999-02-08,1243.77,1212.62737704918,31.1426229508197
1999-02-09,1216.14,1213.94327868852,2.19672131147559
1999-02-10,1223.55,1215.32409836066,8.2259016393441
1999-02-11,1254.04,1217.12016393443,36.9198360655737
1999-02-12,1230.13,1218.39098360656,11.7390163934426
1999-02-15,1230.13,1219.48245901639,10.6475409836066
1999-02-16,1241.87,1220.36213114754,21.5078688524588
1999-02-17,1224.03,1221.03491803279,2.99508196721308
1999-02-18,1237.28,1221.92491803279,15.355081967213
1999-02-19,1239.19,1222.8462295082,16.3437704918033
1999-02-22,1272.14,1224.15524590164,47.9847540983608
1999-02-23,1271.18,1225.91836065574,45.2616393442624
1999-02-24,1253.41,1227.19918032787,26.2108196721313
1999-02-25,1245.02,1228.40852459016,16.611475409836
1999-02-26,1238.33,1229.85426229508,8.47573770491795
1999-03-01,1236.16,1230.82836065574,5.33163934426238
1999-03-02,1225.5,1231.44803278689,-5.94803278688528
1999-03-03,1227.7,1232.20737704918,-4.50737704918038
1999-03-04,1246.64,1233.24262295082,13.3973770491805
1999-03-05,1275.47,1235.05327868852,40.4167213114754
1999-03-08,1282.73,1236.9593442623,45.7706557377048
1999-03-09,1279.84,1239.23213114754,40.607868852459
1999-03-10,1286.84,1241.26508196721,45.5749180327869
1999-03-11,1297.68,1243.48983606557,54.1901639344262
1999-03-12,1294.59,1245.36868852459,49.2213114754097
1999-03-15,1307.26,1247.32327868852,59.9367213114754
1999-03-16,1306.36,1249.02032786885,57.3396721311474
1999-03-17,1297.82,1250.56540983607,47.2545901639344
1999-03-18,1316.55,1252.00819672131,64.5418032786886
1999-03-19,1299.29,1253.20524590164,46.0847540983607
1999-03-22,1297.01,1254.36491803279,42.6450819672132
1999-03-23,1262.14,1254.96573770492,7.17426229508214
1999-03-24,1268.59,1255.40475409836,13.1852459016393
1999-03-25,1289.99,1256.35655737705,33.6334426229507
1999-03-26,1282.8,1257.23475409836,25.5652459016394
1999-03-29,1310.17,1258.61016393443,51.5598360655738
1999-03-30,1300.75,1259.80114754098,40.9488524590163
1999-03-31,1286.37,1260.48295081967,25.8870491803277
1999-04-01,1293.72,1260.83344262295,32.8865573770493
1999-04-02,1293.72,1261.22672131148,32.4932786885247
1999-04-05,1321.12,1261.98131147541,59.13868852459
1999-04-06,1317.89,1262.86672131148,55.0232786885247
1999-04-07,1326.89,1264.29918032787,62.5908196721311
1999-04-08,1343.98,1266.09557377049,77.8844262295081
1999-04-09,1348.35,1268.32770491803,80.0222950819671
1999-04-12,1358.63,1270.21901639344,88.4109836065575
1999-04-13,1349.82,1271.96590163934,77.8540983606556
1999-04-14,1328.44,1273.23721311475,55.202786885246
1999-04-15,1322.85,1274.32295081967,48.5270491803278
1999-04-16,1319,1275.69737704918,43.3026229508196
1999-04-19,1289.48,1276.75131147541,12.7286885245901
1999-04-20,1306.17,1277.93475409836,28.2352459016395
1999-04-21,1336.12,1279.30868852459,56.8113114754096
1999-04-22,1358.83,1281.20442622951,77.6255737704917
1999-04-23,1356.85,1282.70409836066,74.1459016393442
1999-04-26,1360.04,1284.02213114754,76.0178688524591
1999-04-27,1362.8,1285.49360655738,77.306393442623
1999-04-28,1350.91,1286.95131147541,63.9586885245903
1999-04-29,1342.83,1288.11131147541,54.7186885245901
1999-04-30,1335.18,1289.53245901639,45.6475409836066
1999-05-03,1354.63,1291.42147540984,63.208524590164
1999-05-04,1332,1292.86786885246,39.132131147541
1999-05-05,1347.31,1295.01819672131,52.2918032786886
1999-05-06,1332.05,1296.7968852459,35.2531147540983
1999-05-07,1345,1298.28803278689,46.7119672131148
1999-05-10,1340.3,1300.09409836066,40.2059016393441
1999-05-11,1355.61,1302.15114754098,53.4588524590163
1999-05-12,1364,1304.15327868852,59.8467213114754
1999-05-13,1367.56,1306.5062295082,61.0537704918033
1999-05-14,1337.8,1308.15409836066,29.6459016393442
1999-05-17,1339.49,1309.79836065574,29.6916393442623
1999-05-18,1333.32,1310.80131147541,22.5186885245901
1999-05-19,1344.23,1311.99885245902,32.2311475409836
1999-05-20,1338.83,1313.39918032787,25.4308196721311
1999-05-21,1330.29,1314.79704918033,15.4929508196722
1999-05-24,1306.65,1315.91704918033,-9.26704918032783
1999-05-25,1284.4,1316.70786885246,-32.307868852459
1999-05-26,1304.76,1318.00721311475,-13.247213114754
1999-05-27,1281.41,1318.88770491803,-37.4777049180327
1999-05-28,1301.84,1319.79262295082,-17.9526229508197
1999-05-31,1301.84,1320.22491803279,-18.384918032787
1999-06-01,1294.26,1320.41393442623,-26.1539344262294
1999-06-02,1294.81,1320.6593442623,-25.8493442622951
1999-06-03,1299.54,1320.86754098361,-21.3275409836065
1999-06-04,1327.75,1321.36049180328,6.38950819672141
1999-06-07,1334.52,1322.01508196721,12.5049180327869
1999-06-08,1317.33,1322.18016393443,-4.85016393442629
1999-06-09,1318.64,1322.38147540984,-3.74147540983586
1999-06-10,1302.82,1322.46344262295,-19.6434426229509
1999-06-11,1293.64,1322.08786885246,-28.4478688524589
1999-06-14,1294,1322.00114754098,-28.0011475409835
1999-06-15,1301.16,1322.06918032787,-20.9091803278689
1999-06-16,1330.41,1323.18836065574,7.22163934426248
1999-06-17,1339.9,1324.35737704918,15.5426229508198
1999-06-18,1342.84,1325.2237704918,17.6162295081967
1999-06-21,1349,1326.30901639344,22.6909836065574
1999-06-22,1335.88,1326.73049180328,9.1495081967214
1999-06-23,1333.06,1327.26016393443,5.7998360655738
1999-06-24,1315.78,1327.74229508197,-11.9622950819673
1999-06-25,1315.31,1328.0962295082,-12.7862295081968
1999-06-28,1331.35,1328.7131147541,2.63688524590157
1999-06-29,1351.45,1329.21032786885,22.2396721311477
1999-06-30,1372.71,1330.10901639344,42.6009836065575
1999-07-01,1380.96,1330.99540983607,49.9645901639344
1999-07-02,1391.22,1331.76983606557,59.4501639344262
1999-07-05,1391.22,1332.47262295082,58.7473770491804
1999-07-06,1388.12,1332.95606557377,55.1639344262294
1999-07-07,1395.86,1333.71081967213,62.1491803278689
1999-07-08,1394.42,1334.79245901639,59.6275409836067
1999-07-09,1403.28,1336.11098360656,67.1690163934427
1999-07-12,1399.1,1337.42409836066,61.6759016393441
1999-07-13,1393.56,1339.13032786885,54.4296721311475
1999-07-14,1398.17,1340.63852459016,57.531475409836
1999-07-15,1409.62,1341.84344262295,67.7765573770491
1999-07-16,1418.78,1342.8262295082,75.9537704918032
1999-07-19,1407.65,1343.65901639344,63.9909836065574
1999-07-20,1377.1,1343.93868852459,33.1613114754098
1999-07-21,1379.29,1344.20901639344,35.0809836065573
1999-07-22,1360.97,1344.37393442623,16.5960655737706
1999-07-23,1356.94,1344.60524590164,12.3347540983607
1999-07-26,1347.76,1344.81147540984,2.94852459016397
1999-07-27,1362.84,1344.94606557377,17.8939344262294
1999-07-28,1365.4,1345.49360655738,19.9063934426231
1999-07-29,1341.03,1345.3906557377,-4.36065573770497
1999-07-30,1328.72,1345.33606557377,-16.6160655737704
1999-08-02,1328.05,1345.05819672131,-17.0081967213116
1999-08-03,1322.18,1344.76114754098,-22.5811475409835
1999-08-04,1305.33,1343.9368852459,-38.6068852459016
1999-08-05,1313.71,1343.11245901639,-29.4024590163933
1999-08-06,1300.29,1342.00967213115,-41.7196721311475
1999-08-09,1297.8,1341.35393442623,-43.5539344262295
1999-08-10,1281.43,1340.40213114754,-58.972131147541
1999-08-11,1301.93,1339.88754098361,-37.9575409836066
1999-08-12,1298.16,1339.13229508197,-40.9722950819671
1999-08-13,1327.68,1338.94950819672,-11.2695081967213
1999-08-16,1330.77,1338.95737704918,-8.18737704918044
1999-08-17,1344.16,1339.57229508197,4.58770491803284
1999-08-18,1332.84,1340.36639344262,-7.52639344262298
1999-08-19,1323.59,1340.67508196721,-17.0850819672132
1999-08-20,1336.61,1341.58,-4.97000000000003
1999-08-23,1360.22,1342.53704918033,17.6829508196722
1999-08-24,1363.5,1343.54786885246,19.952131147541
1999-08-25,1381.79,1344.98278688525,36.8072131147542
1999-08-26,1362.01,1346.08442622951,15.9255737704918
1999-08-27,1348.27,1346.88327868852,1.38672131147541
1999-08-30,1324.02,1346.82213114754,-22.8021311475411
1999-08-31,1320.41,1346.59081967213,-26.1808196721311
1999-09-01,1331.07,1346.81606557377,-15.7460655737705
1999-09-02,1319.11,1346.8237704918,-27.7137704918034
1999-09-03,1357.24,1347.71590163934,9.52409836065567
1999-09-06,1357.24,1348.75852459016,8.48147540983609
1999-09-07,1350.45,1349.68393442623,0.766065573770447
1999-09-08,1344.15,1350.38868852459,-6.23868852459009
1999-09-09,1347.66,1350.67147540984,-3.01147540983607
1999-09-10,1351.66,1350.86426229508,0.79573770491811
1999-09-13,1341.7,1350.84557377049,-9.14557377049186
1999-09-14,1336.29,1350.63721311475,-14.3472131147541
1999-09-15,1317.97,1350.34360655738,-32.3736065573771
1999-09-16,1318.48,1350.10459016393,-31.6245901639345
1999-09-17,1335.42,1350.42655737705,-15.0065573770491
1999-09-20,1335.53,1350.75803278689,-15.2280327868853
1999-09-21,1307.58,1350.36836065574,-42.7883606557377
1999-09-22,1310.51,1349.69721311475,-39.1872131147541
1999-09-23,1280.77,1348.19,-67.4200000000001
1999-09-24,1277.36,1346.49163934426,-69.1316393442623
1999-09-27,1283.31,1344.72262295082,-61.4126229508197
1999-09-28,1282.2,1342.93540983607,-60.7354098360656
1999-09-29,1268.37,1340.97229508197,-72.6022950819672
1999-09-30,1282.71,1339.11737704918,-56.4073770491802
1999-10-01,1282.81,1337.28770491803,-54.4777049180329
1999-10-04,1304.6,1335.67,-31.0700000000002
1999-10-05,1301.35,1334.06754098361,-32.7175409836066
1999-10-06,1325.4,1332.95016393443,-7.55016393442611
1999-10-07,1317.64,1331.63,-13.99
1999-10-08,1336.02,1330.42344262295,5.59655737704907
1999-10-11,1335.21,1329.05344262295,6.15655737704924
1999-10-12,1313.04,1327.50245901639,-14.4624590163935
1999-10-13,1285.55,1326.00163934426,-40.4516393442623
1999-10-14,1283.42,1324.43,-41.01
1999-10-15,1247.41,1322.56836065574,-75.1583606557376
1999-10-18,1254.13,1320.88295081967,-66.7529508196719
1999-10-19,1261.32,1319.46590163934,-58.1459016393444
1999-10-20,1289.43,1318.26245901639,-28.8324590163934
1999-10-21,1283.61,1316.92163934426,-33.3116393442624
1999-10-22,1301.65,1316.27606557377,-14.6260655737703
1999-10-25,1293.63,1315.70081967213,-22.0708196721309
1999-10-26,1281.91,1314.94442622951,-33.0344262295082
1999-10-27,1296.71,1314.5268852459,-17.8168852459016
1999-10-28,1342.44,1315.13524590164,27.3047540983607
1999-10-29,1362.93,1315.94213114754,46.9878688524591
1999-11-01,1354.12,1316.82459016393,37.2954098360653
1999-11-02,1347.74,1317.64327868852,30.0967213114754
1999-11-03,1354.93,1318.84819672131,36.0818032786885
1999-11-04,1362.64,1319.84344262295,42.7965573770493
1999-11-05,1370.23,1321.02491803279,49.2050819672131
1999-11-08,1377.01,1321.83360655738,55.1763934426228
1999-11-09,1365.28,1322.3993442623,42.880655737705
1999-11-10,1373.46,1322.87967213115,50.5803278688525
1999-11-11,1381.46,1323.67672131148,57.7832786885247
1999-11-12,1396.04,1324.86442622951,71.1755737704918
1999-11-15,1394.39,1325.81163934426,68.5783606557377
1999-11-16,1420.03,1326.79213114754,93.2378688524591
1999-11-17,1410.71,1327.56606557377,83.1439344262296
1999-11-18,1424.94,1328.27344262295,96.6665573770492
1999-11-19,1422,1329.2568852459,92.7431147540983
1999-11-22,1420.94,1330.44819672131,90.4918032786886
1999-11-23,1404.64,1331.76983606557,72.8701639344263
1999-11-24,1417.08,1333.35459016393,83.7254098360654
1999-11-25,1417.08,1334.76459016393,82.3154098360656
1999-11-26,1416.62,1336.3631147541,80.2568852459015
1999-11-29,1407.83,1337.19245901639,70.6375409836064
1999-11-30,1388.91,1337.71163934426,51.1983606557378
1999-12-01,1397.72,1338.48655737705,59.2334426229509
1999-12-02,1409.04,1339.55032786885,69.4896721311475
1999-12-03,1433.3,1340.95426229508,92.3457377049181
1999-12-06,1423.34,1342.1293442623,81.2106557377049
1999-12-07,1409.17,1343.23540983607,65.9345901639344
1999-12-08,1403.88,1344.34344262295,59.5365573770493
1999-12-09,1408.11,1345.82114754098,62.2888524590162
1999-12-10,1417.04,1347.4368852459,69.6031147540982
1999-12-13,1415.22,1348.74508196721,66.474918032787
1999-12-14,1403.17,1349.85393442623,53.3160655737706
1999-12-15,1413.19,1351.58524590164,61.6047540983607
1999-12-16,1418.78,1353.36016393443,65.4198360655737
1999-12-17,1421.05,1355.65983606557,65.3901639344263
1999-12-20,1418.09,1357.9668852459,60.1231147540982
1999-12-21,1433.43,1360.42786885246,73.0021311475411
1999-12-22,1435.99,1362.94901639344,73.0409836065573
1999-12-23,1458.34,1366.06327868852,92.2767213114753
1999-12-24,1458.34,1368.94245901639,89.3975409836064
1999-12-27,1457.09,1371.79950819672,85.2904918032787
1999-12-28,1457.66,1374.30868852459,83.3513114754098
1999-12-29,1463.46,1376.9662295082,86.4937704918034
1999-12-30,1464.47,1379.24606557377,85.2239344262296
1999-12-31,1469.25,1381.73147540984,87.5185245901639
2000-01-03,1455.22,1383.68557377049,71.5344262295082
2000-01-04,1399.42,1384.73819672131,14.6818032786887
2000-01-05,1402.11,1386.19836065574,15.9116393442621
2000-01-06,1403.45,1388.13114754098,15.3188524590164
2000-01-07,1441.47,1390.72213114754,50.7478688524591
2000-01-10,1457.6,1394.16786885246,63.432131147541
2000-01-11,1438.56,1397.19131147541,41.3686885245902
2000-01-12,1432.25,1399.99344262295,32.2565573770491
2000-01-13,1449.68,1402.62049180328,47.0595081967215
2000-01-14,1465.15,1405.59655737705,59.5534426229508
2000-01-17,1465.15,1408.2768852459,56.8731147540984
2000-01-18,1455.14,1410.92459016393,44.2154098360656
2000-01-19,1455.9,1413.7768852459,42.1231147540984
2000-01-20,1445.57,1416.21721311475,29.3527868852459
2000-01-21,1441.36,1417.83885245902,23.5211475409835
2000-01-24,1401.53,1418.47163934426,-16.9416393442623
2000-01-25,1410.03,1419.38819672131,-9.35819672131151
2000-01-26,1404.09,1420.31196721311,-16.2219672131148
2000-01-27,1398.56,1421.02721311475,-22.4672131147543
2000-01-28,1360.16,1420.98655737705,-60.8265573770491
2000-01-31,1394.46,1421.3837704918,-26.9237704918032
2000-02-01,1409.28,1421.91278688525,-12.6327868852459
2000-02-02,1409.12,1422.63147540984,-13.5114754098361
2000-02-03,1424.97,1423.47590163934,1.4940983606557
2000-02-04,1424.37,1424.1793442623,0.190655737704901
2000-02-07,1424.24,1424.64163934426,-0.401639344262321
2000-02-08,1441.72,1425.41754098361,16.3024590163934
2000-02-09,1411.7,1425.28098360656,-13.5809836065573
2000-02-10,1416.83,1425.38131147541,-8.55131147540988
2000-02-11,1387.12,1424.76131147541,-37.64131147541
2000-02-14,1389.94,1424.23573770492,-34.2957377049179
2000-02-15,1402.05,1423.92606557377,-21.8760655737706
2000-02-16,1387.67,1423.64786885246,-35.9778688524589
2000-02-17,1388.26,1423.17540983607,-34.9154098360655
2000-02-18,1346.09,1422.01163934426,-75.9216393442623
2000-02-21,1346.09,1420.85540983607,-74.7654098360656
2000-02-22,1352.17,1419.94295081967,-67.7729508196721
2000-02-23,1360.69,1419.48032786885,-58.7903278688525
2000-02-24,1353.43,1418.75426229508,-65.324262295082
2000-02-25,1333.36,1417.51360655738,-84.1536065573771
2000-02-28,1348.05,1416.11606557377,-68.0660655737706
2000-02-29,1366.42,1415.18295081967,-48.7629508196721
2000-03-01,1379.19,1414.69147540984,-35.5014754098361
2000-03-02,1381.76,1414.32885245902,-32.5688524590164
2000-03-03,1409.17,1414.3462295082,-5.17622950819668
2000-03-06,1391.28,1413.92393442623,-22.6439344262296
2000-03-07,1355.62,1412.9468852459,-57.3268852459018
2000-03-08,1366.7,1412.34901639344,-45.6490163934425
2000-03-09,1401.69,1412.16049180328,-10.4704918032787
2000-03-10,1395.07,1411.77180327869,-16.7018032786887
2000-03-13,1383.62,1411.15819672131,-27.5381967213116
2000-03-14,1359.15,1410.19196721311,-51.0419672131147
2000-03-15,1392.15,1409.51524590164,-17.3652459016394
2000-03-16,1458.47,1409.8837704918,48.5862295081968
2000-03-17,1464.47,1409.98426229508,54.4857377049182
2000-03-20,1456.63,1409.9562295082,46.6737704918035
2000-03-21,1493.87,1410.55918032787,83.310819672131
2000-03-22,1500.64,1411.2637704918,89.3762295081967
2000-03-23,1527.35,1412.31114754098,115.038852459016
2000-03-24,1527.46,1413.3437704918,114.116229508197
2000-03-27,1523.86,1414.23901639344,109.620983606557
2000-03-28,1507.73,1415.09983606557,92.6301639344263
2000-03-29,1508.52,1416.88836065574,91.6316393442623
2000-03-30,1487.92,1418.29508196721,69.624918032787
2000-03-31,1498.58,1419.85459016393,78.7254098360654
2000-04-03,1505.97,1420.91196721311,85.0580327868852
2000-04-04,1494.73,1421.5206557377,73.2093442622952
2000-04-05,1487.37,1422.32081967213,65.0491803278687
2000-04-06,1501.34,1423.45344262295,77.886557377049
2000-04-07,1516.35,1424.54639344262,91.803606557377
2000-04-10,1504.46,1425.19081967213,79.269180327869
2000-04-11,1500.59,1425.77180327869,74.8181967213113
2000-04-12,1467.17,1425.96901639344,41.2009836065574
2000-04-13,1440.51,1425.71672131148,14.7932786885247
2000-04-14,1356.56,1424.25754098361,-67.6975409836066
2000-04-17,1401.44,1423.6031147541,-22.1631147540984
2000-04-18,1441.61,1424.26016393443,17.3498360655738
2000-04-19,1427.47,1424.54606557377,2.92393442622961
2000-04-20,1434.54,1425.04524590164,9.49475409836054
2000-04-21,1434.54,1425.63508196721,8.90491803278678
2000-04-24,1429.86,1426.77770491803,3.08229508196723
2000-04-25,1477.44,1428.13803278689,49.3019672131147
2000-04-26,1460.99,1428.98573770492,32.0042622950821
2000-04-27,1464.92,1429.90049180328,35.0195081967213
2000-04-28,1452.43,1430.3506557377,22.0793442622951
2000-05-01,1468.25,1431.07,37.1800000000001
2000-05-02,1446.29,1431.43147540984,14.8585245901638
2000-05-03,1415.1,1430.99508196721,-15.8950819672132
2000-05-04,1409.57,1430.96016393443,-21.3901639344263
2000-05-05,1432.63,1431.21918032787,1.41081967213131
2000-05-08,1424.17,1431.82655737705,-7.65655737704901
2000-05-09,1412.14,1432.19049180328,-20.0504918032786
2000-05-10,1383.05,1431.87901639344,-48.8290163934428
2000-05-11,1407.81,1432.20918032787,-24.3991803278689
2000-05-12,1420.96,1432.74524590164,-11.7852459016392
2000-05-15,1452.36,1434.48737704918,17.8726229508195
2000-05-16,1466.04,1436.4537704918,29.5862295081968
2000-05-17,1447.8,1438.02147540984,9.7785245901639
2000-05-18,1437.21,1439.27590163934,-2.06590163934425
2000-05-19,1406.95,1440.15327868852,-33.2032786885245
2000-05-22,1400.72,1441.25754098361,-40.5375409836065
2000-05-23,1373.86,1441.6806557377,-67.820655737705
2000-05-24,1399.05,1442.21557377049,-43.1655737704918
2000-05-25,1381.52,1442.2537704918,-60.7337704918034
2000-05-26,1378.02,1442.19245901639,-64.1724590163935
2000-05-29,1378.02,1441.68180327869,-63.6618032786885
2000-05-30,1422.45,1442.19278688525,-19.7427868852458
2000-05-31,1420.6,1443.25803278689,-22.6580327868853
2000-06-01,1448.81,1444.60409836066,4.20590163934412
2000-06-02,1477.26,1445.84295081967,31.4170491803279
2000-06-05,1467.63,1447.03245901639,20.5975409836067
2000-06-06,1457.84,1448.24918032787,9.59081967213115
2000-06-07,1471.36,1450.08868852459,21.2713114754097
2000-06-08,1461.67,1451.22836065574,10.4416393442623
2000-06-09,1456.95,1451.20344262295,5.74655737704916
2000-06-12,1446,1450.9006557377,-4.90065573770494
2000-06-13,1469.44,1451.1106557377,18.3293442622951
2000-06-14,1470.54,1450.72819672131,19.8118032786886
2000-06-15,1478.73,1450.36901639344,28.3609836065575
2000-06-16,1464.46,1449.33803278689,15.1219672131149
2000-06-19,1486,1448.65836065574,37.3416393442624
2000-06-20,1475.95,1447.87295081967,28.077049180328
2000-06-21,1479.13,1447.40409836066,31.7259016393443
2000-06-22,1452.18,1446.48049180328,5.69950819672135
2000-06-23,1441.48,1445.71918032787,-4.23918032786878
2000-06-26,1455.31,1445.00983606557,10.3001639344261
2000-06-27,1450.55,1444.10131147541,6.44868852459012
2000-06-28,1454.82,1443.44704918033,11.372950819672
2000-06-29,1442.39,1442.70967213115,-0.319672131147399
2000-06-30,1454.6,1441.94344262295,12.656557377049
2000-07-03,1469.54,1441.17606557377,28.3639344262294
2000-07-04,1469.32,1440.6,28.72
2000-07-05,1446.23,1439.70885245902,6.52114754098352
2000-07-06,1456.67,1439.53672131148,17.1332786885246
2000-07-07,1478.9,1440.16606557377,38.7339344262296
2000-07-10,1475.62,1442.11786885246,33.5021311475409
2000-07-11,1480.88,1443.42016393443,37.4598360655739
2000-07-12,1492.92,1444.26131147541,48.6586885245902
2000-07-13,1495.84,1445.38213114754,50.4578688524589
2000-07-14,1509.98,1446.61885245902,63.3611475409837
2000-07-17,1510.49,1447.86393442623,62.6260655737706
2000-07-18,1493.74,1448.91114754098,44.8288524590164
2000-07-19,1481.96,1448.98524590164,32.9747540983608
2000-07-20,1495.57,1449.55213114754,46.0178688524591
2000-07-21,1480.19,1449.80245901639,30.3875409836066
2000-07-24,1464.29,1449.9968852459,14.2931147540983
2000-07-25,1474.47,1450.09885245902,24.3711475409837
2000-07-26,1452.42,1450.1993442623,2.2206557377051
2000-07-27,1449.62,1450.76524590164,-1.14524590163956
2000-07-28,1419.89,1450.93442622951,-31.0444262295082
2000-07-31,1430.83,1450.90491803279,-20.0749180327869
2000-08-01,1438.1,1451.13327868852,-13.0332786885247
2000-08-02,1438.7,1451.56868852459,-12.8686885245902
2000-08-03,1452.56,1452.70819672131,-0.148196721311479
2000-08-04,1462.93,1453.61180327869,9.31819672131155
2000-08-07,1479.32,1454.56852459016,24.7514754098361
2000-08-08,1482.8,1455.06754098361,27.7324590163935
2000-08-09,1472.87,1455.17950819672,17.6904918032785
2000-08-10,1460.25,1455.38360655738,4.86639344262289
2000-08-11,1471.84,1455.95131147541,15.8886885245902
2000-08-14,1491.56,1457.33836065574,34.2216393442623
2000-08-15,1484.43,1458.7106557377,25.7193442622952
2000-08-16,1479.85,1460.44819672131,19.4018032786885
2000-08-17,1496.07,1462.03868852459,34.0313114754097
2000-08-18,1491.72,1463.84524590164,27.8747540983607
2000-08-21,1499.48,1465.83639344262,33.6436065573771
2000-08-22,1498.13,1467.80540983607,30.3245901639345
2000-08-23,1505.97,1469.17459016393,36.7954098360656
2000-08-24,1508.31,1470.61245901639,37.6975409836066
2000-08-25,1506.45,1471.55737704918,34.8926229508197
2000-08-28,1514.09,1472.16114754098,41.9288524590163
2000-08-29,1509.84,1472.8531147541,36.9868852459015
2000-08-30,1502.59,1473.58672131148,29.0032786885245
2000-08-31,1517.68,1474.34606557377,43.3339344262295
2000-09-01,1520.77,1475.31491803279,45.4550819672131
2000-09-04,1520.77,1476.36114754098,44.4088524590163
2000-09-05,1507.08,1477.36245901639,29.7175409836066
2000-09-06,1492.25,1477.73639344262,14.513606557377
2000-09-07,1502.51,1478.26049180328,24.2495081967213
2000-09-08,1494.5,1478.51901639344,15.9809836065574
2000-09-11,1489.26,1478.92557377049,10.3344262295082
2000-09-12,1481.99,1478.85983606557,3.13016393442626
2000-09-13,1484.91,1479.00672131148,5.90327868852478
2000-09-14,1480.87,1479.03524590164,1.83475409836046
2000-09-15,1465.81,1479.25868852459,-13.4486885245901
2000-09-18,1444.51,1479.30836065574,-34.7983606557377
2000-09-19,1459.9,1479.38360655738,-19.483606557377
2000-09-20,1451.34,1479.39655737705,-28.0565573770493
2000-09-21,1449.05,1479.30196721311,-30.2519672131148
2000-09-22,1448.72,1479.40573770492,-30.685737704918
2000-09-25,1439.03,1479.15049180328,-40.1204918032788
2000-09-26,1427.21,1478.45655737705,-51.2465573770492
2000-09-27,1426.57,1477.75573770492,-51.185737704918
2000-09-28,1458.29,1477.95344262295,-19.6634426229509
2000-09-29,1436.51,1477.62295081967,-41.112950819672
2000-10-02,1436.23,1476.92344262295,-40.6934426229509
2000-10-03,1426.46,1476.11754098361,-49.6575409836066
2000-10-04,1434.32,1475.35426229508,-41.034262295082
2000-10-05,1436.28,1474.42573770492,-38.145737704918
2000-10-06,1408.99,1473.00196721311,-64.0119672131148
2000-10-09,1402.03,1471.23229508197,-69.2022950819671
2000-10-10,1387.02,1469.20819672131,-82.1881967213114
2000-10-11,1364.59,1467.09098360656,-102.500983606557
2000-10-12,1329.78,1464.5962295082,-134.816229508197
2000-10-13,1374.17,1462.60606557377,-88.4360655737703
2000-10-16,1374.62,1460.87540983607,-86.2554098360656
2000-10-17,1349.97,1459.00131147541,-109.03131147541
2000-10-18,1342.13,1456.83180327869,-114.701803278688
2000-10-19,1388.76,1455.78819672131,-67.0281967213114
2000-10-20,1396.93,1454.92442622951,-57.994426229508
2000-10-23,1395.78,1454.52918032787,-58.7491803278688
2000-10-24,1398.13,1453.9931147541,-55.8631147540982
2000-10-25,1364.9,1452.7931147541,-87.8931147540982
2000-10-26,1364.44,1451.57573770492,-87.135737704918
2000-10-27,1379.58,1450.3793442623,-70.7993442622951
2000-10-30,1398.66,1449.32573770492,-50.665737704918
2000-10-31,1429.4,1448.50737704918,-19.1073770491803
2000-11-01,1421.22,1447.49786885246,-26.277868852459
2000-11-02,1428.32,1446.76754098361,-18.4475409836066
2000-11-03,1426.69,1446.21737704918,-19.5273770491804
2000-11-06,1432.19,1445.56737704918,-13.3773770491803
2000-11-07,1431.87,1444.58885245902,-12.7188524590165
2000-11-08,1409.28,1443.3568852459,-34.0768852459016
2000-11-09,1400.14,1442.05016393443,-41.9101639344262
2000-11-10,1365.98,1439.91754098361,-73.9375409836066
2000-11-13,1351.26,1437.61491803279,-86.3549180327868
2000-11-14,1382.95,1435.70459016393,-52.7545901639344
2000-11-15,1389.81,1433.92885245902,-44.1188524590164
2000-11-16,1372.32,1431.73786885246,-59.4178688524592
2000-11-17,1367.72,1429.4331147541,-61.7131147540983
2000-11-20,1342.62,1426.74737704918,-84.1273770491805
2000-11-21,1347.35,1424.01393442623,-76.6639344262296
2000-11-22,1322.36,1420.94049180328,-98.5804918032788
2000-11-23,1322.36,1417.98590163934,-95.6259016393444
2000-11-24,1341.77,1415.10213114754,-73.3321311475411
2000-11-27,1348.97,1412.28573770492,-63.3157377049181
2000-11-28,1336.09,1409.25819672131,-73.1681967213115
2000-11-29,1341.91,1406.55049180328,-64.6404918032786
2000-11-30,1314.95,1403.64393442623,-88.6939344262294
2000-12-01,1315.23,1400.5737704918,-85.3437704918033
2000-12-04,1324.97,1397.79459016393,-72.8245901639343
2000-12-05,1376.54,1395.94672131148,-19.4067213114754
2000-12-06,1351.46,1393.8068852459,-42.3468852459016
2000-12-07,1343.55,1391.48950819672,-47.9395081967214
2000-12-08,1369.89,1389.67016393443,-19.7801639344261
2000-12-11,1380.2,1388.26672131148,-8.06672131147548
2000-12-12,1371.18,1387.06459016393,-15.8845901639343
2000-12-13,1359.99,1385.42672131148,-25.4367213114754
2000-12-14,1340.93,1383.61672131148,-42.6867213114754
2000-12-15,1312.15,1381.37245901639,-69.2224590163933
2000-12-18,1322.74,1379.30721311475,-56.5672131147542
2000-12-19,1305.6,1377.11983606557,-71.5198360655738
2000-12-20,1264.74,1374.45639344262,-109.716393442623
2000-12-21,1274.86,1371.9693442623,-97.1093442622953
2000-12-22,1305.97,1369.47229508197,-63.5022950819671
2000-12-25,1305.95,1367.33196721311,-61.3819672131146
2000-12-26,1315.19,1365.34770491803,-50.1577049180328
2000-12-27,1328.92,1363.74868852459,-34.82868852459
2000-12-28,1334.22,1362.10770491803,-27.8877049180328
2000-12-29,1320.28,1360.20606557377,-39.9260655737705
2001-01-01,1320.28,1358.75180327869,-38.4718032786886
2001-01-02,1283.27,1356.80491803279,-73.5349180327869
2001-01-03,1347.56,1356.15803278689,-8.59803278688537
2001-01-04,1333.34,1355.64573770492,-22.3057377049181
2001-01-05,1298.35,1355.13049180328,-56.7804918032789
2001-01-08,1295.86,1353.84672131148,-57.9867213114755
2001-01-09,1300.8,1352.63655737705,-51.8365573770493
2001-01-10,1313.27,1352.03491803279,-38.7649180327869
2001-01-11,1326.82,1351.78393442623,-24.9639344262296
2001-01-12,1318.32,1350.62918032787,-32.3091803278689
2001-01-15,1318.55,1349.34426229508,-30.794262295082
2001-01-16,1326.65,1348.21098360656,-21.5609836065573
2001-01-17,1329.47,1347.08540983607,-17.6154098360655
2001-01-18,1347.97,1346.80786885246,1.162131147541
2001-01-19,1342.54,1346.44885245902,-3.90885245901632
2001-01-22,1342.9,1345.84754098361,-2.94754098360636
2001-01-23,1360.4,1345.22032786885,15.1796721311475
2001-01-24,1364.3,1344.1531147541,20.1468852459016
2001-01-25,1357.51,1343.10868852459,14.4013114754098
2001-01-26,1354.95,1341.90590163934,13.0440983606559
2001-01-29,1364.17,1340.88098360656,23.2890163934428
2001-01-30,1373.73,1339.92262295082,33.8073770491803
2001-01-31,1366.01,1338.84295081967,27.1670491803279
2001-02-01,1373.47,1338.25590163934,35.2140983606557
2001-02-02,1349.47,1337.42524590164,12.0447540983607
2001-02-05,1354.31,1337.23393442623,17.0760655737704
2001-02-06,1352.26,1337.25032786885,15.0096721311475
2001-02-07,1340.89,1336.56081967213,4.32918032786893
2001-02-08,1332.53,1335.62180327869,-3.09180327868853
2001-02-09,1314.76,1334.67819672131,-19.9181967213115
2001-02-12,1330.31,1334.06491803279,-3.75491803278692
2001-02-13,1318.8,1333.67442622951,-14.8744262295083
2001-02-14,1315.92,1333.15918032787,-17.2391803278688
2001-02-15,1326.61,1333.22885245902,-6.61885245901658
2001-02-16,1301.53,1332.88737704918,-31.3573770491803
2001-02-19,1301.55,1332.22803278689,-30.6780327868853
2001-02-20,1278.94,1331.08,-52.1399999999999
2001-02-21,1255.27,1329.75508196721,-74.4850819672131
2001-02-22,1252.82,1328.29459016393,-75.4745901639344
2001-02-23,1245.86,1327.16196721311,-81.301967213115
2001-02-26,1267.65,1326.38196721311,-58.7319672131146
2001-02-27,1257.94,1325.2831147541,-67.3431147540982
2001-02-28,1239.94,1323.0437704918,-83.1037704918033
2001-03-01,1241.23,1321.23672131148,-80.0067213114753
2001-03-02,1234.18,1319.4437704918,-85.2637704918031
2001-03-05,1241.41,1317.33754098361,-75.9275409836064
2001-03-06,1253.8,1315.26540983607,-61.4654098360656
2001-03-07,1261.89,1313.4737704918,-51.5837704918031
2001-03-08,1264.74,1311.91229508197,-47.1722950819671
2001-03-09,1233.42,1310.14983606557,-76.7298360655736
2001-03-12,1180.16,1307.98606557377,-127.82606557377
2001-03-13,1197.66,1305.93557377049,-108.275573770492
2001-03-14,1166.71,1303.65868852459,-136.94868852459
2001-03-15,1173.56,1302.16393442623,-128.60393442623
2001-03-16,1150.53,1300.12573770492,-149.595737704918
2001-03-19,1170.81,1297.91,-127.1
2001-03-20,1142.62,1295.23245901639,-152.612459016394
2001-03-21,1122.14,1292.06770491803,-169.927704918033
2001-03-22,1117.58,1288.6031147541,-171.023114754099
2001-03-23,1139.83,1285.41639344262,-145.586393442623
2001-03-26,1152.69,1282.66901639344,-129.979016393443
2001-03-27,1182.17,1280.40491803279,-98.2349180327867
2001-03-28,1153.29,1278.27409836066,-124.984098360656
2001-03-29,1147.95,1275.00180327869,-127.051803278689
2001-03-30,1160.33,1272.16557377049,-111.835573770492
2001-04-02,1145.87,1269.66590163934,-123.795901639344
2001-04-03,1106.46,1266.56098360656,-160.100983606557
2001-04-04,1103.25,1263.32245901639,-160.072459016393
2001-04-05,1151.44,1260.66950819672,-109.229508196721
2001-04-06,1128.43,1257.41721311475,-128.987213114754
2001-04-09,1137.59,1254.45442622951,-116.864426229508
2001-04-10,1168.38,1251.99262295082,-83.6126229508195
2001-04-11,1165.89,1249.35721311475,-83.467213114754
2001-04-12,1183.5,1246.96426229508,-63.4642622950819
2001-04-13,1183.5,1244.26803278689,-60.7680327868852
2001-04-16,1179.68,1241.59819672131,-61.9181967213115
2001-04-17,1191.81,1239.12131147541,-47.3113114754099
2001-04-18,1238.16,1237.11737704918,1.0426229508198
2001-04-19,1253.7,1235.30426229508,18.395737704918
2001-04-20,1242.98,1233.42672131148,9.55327868852464
2001-04-23,1224.36,1231.28590163934,-6.92590163934437
2001-04-24,1209.47,1228.74983606557,-19.2798360655738
2001-04-25,1228.75,1226.3731147541,2.37688524590158
2001-04-26,1234.52,1224.21754098361,10.3024590163934
2001-04-27,1253.05,1222.24344262295,30.8065573770491
2001-04-30,1249.46,1220.60393442623,28.8560655737706
2001-05-01,1266.44,1219.16344262295,47.2765573770491
2001-05-02,1267.43,1217.77278688525,49.6572131147541
2001-05-03,1248.58,1216.25950819672,32.3204918032786
2001-05-04,1266.61,1215.17885245902,51.4311475409836
2001-05-07,1263.51,1214.33868852459,49.1713114754098
2001-05-08,1261.2,1213.20573770492,47.9942622950821
2001-05-09,1255.54,1212.16868852459,43.3713114754098
2001-05-10,1255.18,1211.17295081967,44.0070491803278
2001-05-11,1245.67,1209.84606557377,35.8239344262295
2001-05-14,1248.92,1208.98360655738,39.9363934426231
2001-05-15,1249.44,1208.1293442623,41.310655737705
2001-05-16,1284.99,1208.22852459016,76.7614754098361
2001-05-17,1288.49,1208.7731147541,79.7168852459017
2001-05-18,1291.96,1209.41475409836,82.5452459016394
2001-05-21,1312.83,1210.51262295082,102.31737704918
2001-05-22,1309.38,1211.19672131148,98.1832786885248
2001-05-23,1289.05,1211.70672131148,77.3432786885246
2001-05-24,1293.17,1212.5793442623,80.590655737705
2001-05-25,1277.89,1213.18032786885,64.7096721311477
2001-05-28,1277.89,1213.8968852459,63.9931147540985
2001-05-29,1267.93,1214.33163934426,53.5983606557377
2001-05-30,1248.08,1214.23786885246,33.8421311475408
2001-05-31,1255.82,1214.13836065574,41.6816393442623
2001-06-01,1260.67,1214.07163934426,46.5983606557377
2001-06-04,1267.11,1214.62393442623,52.4860655737705
2001-06-05,1283.57,1216.31918032787,67.250819672131
2001-06-06,1270.03,1217.50557377049,52.5244262295082
2001-06-07,1276.96,1219.31295081967,57.6470491803279
2001-06-08,1264.96,1220.81131147541,44.1486885245902
2001-06-11,1254.39,1222.51393442623,31.8760655737706
2001-06-12,1255.85,1223.90803278689,31.9419672131146
2001-06-13,1241.6,1225.5306557377,16.0693442622951
2001-06-14,1219.87,1227.13278688525,-7.26278688524599
2001-06-15,1214.36,1228.7193442623,-14.3593442622953
2001-06-18,1208.43,1229.84393442623,-21.4139344262294
2001-06-19,1212.58,1230.82573770492,-18.2457377049182
2001-06-20,1223.14,1231.49737704918,-8.35737704918029
2001-06-21,1237.04,1232.87032786885,4.16967213114754
2001-06-22,1225.35,1234.13918032787,-8.78918032786896
2001-06-25,1218.6,1235.09442622951,-16.4944262295082
2001-06-26,1216.76,1236.25655737705,-19.4965573770492
2001-06-27,1211.07,1237.97147540984,-26.9014754098362
2001-06-28,1226.2,1239.98704918033,-13.7870491803278
2001-06-29,1224.42,1241.18344262295,-16.7634426229508
2001-07-02,1236.71,1242.95852459016,-6.24852459016392
2001-07-03,1234.45,1244.54639344262,-10.0963934426229
2001-07-04,1234.45,1245.62950819672,-11.1795081967214
2001-07-05,1219.24,1246.50409836066,-27.2640983606557
2001-07-06,1190.59,1246.62032786885,-56.0303278688525
2001-07-09,1198.78,1246.87081967213,-48.0908196721311
2001-07-10,1181.52,1246.90098360656,-65.3809836065575
2001-07-11,1180.18,1246.71032786885,-66.5303278688525
2001-07-12,1208.14,1246.21819672131,-38.0781967213113
2001-07-13,1215.68,1245.59491803279,-29.9149180327868
2001-07-16,1202.45,1244.93049180328,-42.4804918032787
2001-07-17,1214.44,1244.76786885246,-30.327868852459
2001-07-18,1207.71,1244.73901639344,-37.0290163934426
2001-07-19,1215.02,1244.51393442623,-29.4939344262295
2001-07-20,1210.85,1244.12590163934,-33.2759016393443
2001-07-23,1191.03,1243.10918032787,-52.0791803278689
2001-07-24,1171.65,1241.83360655738,-70.1836065573771
2001-07-25,1190.49,1240.58852459016,-50.0985245901638
2001-07-26,1202.93,1239.53114754098,-36.6011475409834
2001-07-27,1205.82,1238.83016393443,-33.0101639344264
2001-07-30,1204.52,1237.81229508197,-33.2922950819673
2001-07-31,1211.23,1236.95524590164,-25.7252459016393
2001-08-01,1215.93,1236.2131147541,-20.2831147540983
2001-08-02,1220.75,1235.64278688525,-14.8927868852459
2001-08-03,1214.35,1234.97344262295,-20.623442622951
2001-08-06,1200.48,1234.23262295082,-33.7526229508196
2001-08-07,1204.4,1233.50278688525,-29.1027868852459
2001-08-08,1183.53,1232.42229508197,-48.8922950819672
2001-08-09,1183.43,1230.75737704918,-47.3273770491803
2001-08-10,1190.16,1229.14540983607,-38.9854098360654
2001-08-13,1191.29,1227.49508196721,-36.2050819672131
2001-08-14,1186.73,1225.42786885246,-38.6978688524589
2001-08-15,1178.02,1223.27442622951,-45.2544262295082
2001-08-16,1181.66,1221.51393442623,-39.8539344262294
2001-08-17,1161.97,1219.3631147541,-57.3931147540984
2001-08-20,1171.41,1217.61754098361,-46.2075409836066
2001-08-21,1157.26,1215.64,-58.3800000000001
2001-08-22,1165.31,1213.95770491803,-48.6477049180328
2001-08-23,1162.09,1212.54803278689,-50.4580327868853
2001-08-24,1184.93,1211.38590163934,-26.4559016393441
2001-08-27,1179.21,1210.05049180328,-30.8404918032786
2001-08-28,1161.51,1208.3193442623,-46.8093442622951
2001-08-29,1148.6,1206.10672131148,-57.5067213114755
2001-08-30,1129.03,1203.79524590164,-74.7652459016394
2001-08-31,1133.58,1201.44475409836,-67.8647540983607
2001-09-03,1133.58,1199.29098360656,-65.7109836065574
2001-09-04,1132.94,1197.3,-64.3599999999999
2001-09-05,1131.74,1195.26540983607,-63.5254098360656
2001-09-06,1106.4,1193.04901639344,-86.6490163934425
2001-09-07,1085.78,1190.85081967213,-105.070819672131
2001-09-10,1092.54,1188.8537704918,-96.3137704918033
2001-09-11,1092.54,1186.95393442623,-94.4139344262296
2001-09-12,1092.54,1184.98606557377,-92.4460655737705
2001-09-13,1092.54,1182.84508196721,-90.3050819672133
2001-09-14,1092.54,1180.4762295082,-87.9362295081967
2001-09-17,1038.77,1177.41754098361,-138.647540983607
2001-09-18,1032.74,1174.3706557377,-141.630655737705
2001-09-19,1016.1,1171.08114754098,-154.981147540984
2001-09-20,984.54,1167.36754098361,-182.827540983607
2001-09-21,965.8,1163.09868852459,-197.29868852459
2001-09-24,1003.45,1159.4762295082,-156.026229508197
2001-09-25,1012.27,1155.7968852459,-143.526885245902
2001-09-26,1007.04,1152.06885245902,-145.028852459016
2001-09-27,1018.61,1148.53049180328,-129.920491803279
2001-09-28,1040.94,1145.60754098361,-104.667540983607
2001-10-01,1038.55,1143.11508196721,-104.565081967213
2001-10-02,1051.33,1140.69786885246,-89.3678688524592
2001-10-03,1072.28,1138.90704918033,-66.627049180328
2001-10-04,1069.63,1137.09475409836,-67.4647540983606
2001-10-05,1071.38,1134.85278688525,-63.4727868852458
2001-10-08,1062.44,1132.3406557377,-69.9006557377049
2001-10-09,1056.75,1129.95213114754,-73.202131147541
2001-10-10,1080.99,1127.76442622951,-46.7744262295082
2001-10-11,1097.43,1125.95655737705,-28.5265573770491
2001-10-12,1091.65,1123.93409836066,-32.2840983606557
2001-10-15,1089.98,1121.95262295082,-31.9726229508196
2001-10-16,1097.54,1120.42,-22.8800000000001
2001-10-17,1077.09,1118.86983606557,-41.7798360655738
2001-10-18,1068.61,1116.87180327869,-48.2618032786886
2001-10-19,1073.48,1114.74967213115,-41.2696721311474
2001-10-22,1089.9,1112.8493442623,-22.949344262295
2001-10-23,1084.78,1110.88639344262,-26.1063934426229
2001-10-24,1085.2,1108.82032786885,-23.6203278688524
2001-10-25,1100.09,1106.92131147541,-6.83131147540985
2001-10-26,1104.61,1105.01737704918,-0.407377049180468
2001-10-29,1078.3,1102.78704918033,-24.4870491803279
2001-10-30,1059.79,1100.4806557377,-40.6906557377049
2001-10-31,1059.78,1098.10983606557,-38.3298360655738
2001-11-01,1084.1,1096.47983606557,-12.379836065574
2001-11-02,1087.2,1094.90229508197,-7.70229508196712
2001-11-05,1102.84,1093.47081967213,9.36918032786889
2001-11-06,1118.86,1092.28344262295,26.5765573770491
2001-11-07,1115.8,1091.1206557377,24.679344262295
2001-11-08,1118.54,1090.14557377049,28.3944262295081
2001-11-09,1120.31,1089.13983606557,31.1701639344262
2001-11-12,1118.33,1088.42442622951,29.9055737704919
2001-11-13,1139.09,1087.89459016393,51.1954098360654
2001-11-14,1141.21,1087.63147540984,53.5785245901641
2001-11-15,1142.24,1087.25327868852,54.9867213114753
2001-11-16,1138.65,1086.86901639344,51.7809836065576
2001-11-19,1151.06,1086.3137704918,64.7462295081966
2001-11-20,1142.66,1085.71459016393,56.9454098360657
2001-11-21,1137.03,1085.31327868852,51.7167213114753
2001-11-22,1137.03,1085.12360655738,51.9063934426229
2001-11-23,1150.34,1085.47295081967,64.8670491803277
2001-11-26,1157.42,1085.8637704918,71.5562295081968
2001-11-27,1149.5,1086.12475409836,63.3752459016393
2001-11-28,1128.52,1086.05229508197,42.4677049180327
2001-11-29,1140.2,1086.19098360656,54.0090163934426
2001-11-30,1139.45,1086.73278688525,52.7172131147543
2001-12-03,1129.9,1087.45606557377,42.4439344262296
2001-12-04,1144.8,1088.31278688525,56.487213114754
2001-12-05,1170.35,1089.58836065574,80.7616393442622
2001-12-06,1167.1,1090.8106557377,76.2893442622949
2001-12-07,1158.31,1091.88885245902,66.4211475409836
2001-12-10,1139.93,1092.66573770492,47.2642622950821
2001-12-11,1136.76,1094.27213114754,42.4878688524591
2001-12-12,1137.07,1095.98245901639,41.0875409836065
2001-12-13,1119.38,1097.67557377049,21.7044262295083
2001-12-14,1123.09,1099.9468852459,23.1431147540982
2001-12-17,1134.36,1102.71016393443,31.6498360655737
2001-12-18,1142.92,1104.99655737705,37.9234426229509
2001-12-19,1149.56,1107.24721311475,42.3127868852459
2001-12-20,1139.93,1109.42573770492,30.5042622950821
2001-12-21,1144.89,1111.49590163934,33.3940983606558
2001-12-24,1144.65,1113.19606557377,31.4539344262296
2001-12-25,1144.65,1114.93540983607,29.7145901639344
2001-12-26,1149.37,1116.54262295082,32.8273770491803
2001-12-27,1157.13,1117.93360655738,39.196393442623
2001-12-28,1161.02,1119.43180327869,41.5881967213115
2001-12-31,1148.08,1120.68918032787,27.3908196721311
2002-01-01,1148.08,1122.0931147541,25.9868852459015
2002-01-02,1154.67,1123.69836065574,30.9716393442625
2002-01-03,1165.27,1125.08,40.1900000000001
2002-01-04,1172.51,1126.31081967213,46.1991803278688
2002-01-07,1164.89,1127.51147540984,37.378524590164
2002-01-08,1160.71,1128.67098360656,32.0390163934426
2002-01-09,1155.14,1129.61524590164,25.5247540983607
2002-01-10,1156.55,1130.91786885246,25.632131147541
2002-01-11,1145.6,1132.18,13.4199999999998
2002-01-14,1138.41,1133.24442622951,5.16557377049185
2002-01-15,1146.19,1134.16721311475,12.022786885246
2002-01-16,1127.57,1134.86868852459,-7.29868852459026
2002-01-17,1138.88,1135.74868852459,3.13131147541003
2002-01-18,1127.58,1136.1993442623,-8.61934426229504
2002-01-21,1127.58,1136.57590163934,-8.99590163934431
2002-01-22,1119.31,1137.24819672131,-17.9381967213114
2002-01-23,1128.18,1138.3693442623,-10.189344262295
2002-01-24,1132.15,1139.55573770492,-7.40573770491801
2002-01-25,1133.28,1140.36196721311,-7.0819672131147
2002-01-28,1133.06,1141.1137704918,-8.05377049180333
2002-01-29,1100.64,1141.07770491803,-40.4377049180328
2002-01-30,1113.57,1140.99098360656,-27.4209836065575
2002-01-31,1130.2,1141.22704918033,-11.0270491803278
2002-02-01,1122.2,1141.28704918033,-19.0870491803278
2002-02-04,1094.44,1140.86295081967,-46.422950819672
2002-02-05,1090.02,1140.39885245902,-50.3788524590163
2002-02-06,1083.51,1139.48770491803,-55.9777049180327
2002-02-07,1080.17,1138.48704918033,-58.3170491803278
2002-02-08,1096.22,1137.73262295082,-41.5126229508196
2002-02-11,1111.94,1137.29475409836,-25.3547540983607
2002-02-12,1107.5,1136.5806557377,-29.080655737705
2002-02-13,1118.51,1136.18475409836,-17.6747540983606
2002-02-14,1116.48,1135.84786885246,-19.367868852459
2002-02-15,1104.18,1135.3093442623,-31.129344262295
2002-02-18,1104.18,1134.55262295082,-30.3726229508197
2002-02-19,1083.34,1133.33819672131,-49.9981967213116
2002-02-20,1097.98,1132.49360655738,-34.513606557377
2002-02-21,1080.95,1131.7137704918,-50.7637704918031
2002-02-22,1089.84,1130.88819672131,-41.0481967213116
2002-02-25,1109.43,1130.39606557377,-20.9660655737705
2002-02-26,1109.38,1130.05967213115,-20.6796721311475
2002-02-27,1109.89,1129.48737704918,-19.5973770491803
2002-02-28,1106.73,1128.44442622951,-21.7144262295083
2002-03-01,1131.78,1127.86540983607,3.91459016393446
2002-03-04,1153.84,1127.79213114754,26.047868852459
2002-03-05,1146.14,1127.89393442623,18.2460655737705
2002-03-06,1162.77,1128.32032786885,34.4496721311475
2002-03-07,1157.54,1128.65590163934,28.8840983606558
2002-03-08,1164.31,1129.39245901639,34.9175409836064
2002-03-11,1168.26,1130.13295081967,38.127049180328
2002-03-12,1165.58,1130.64475409836,34.9352459016393
2002-03-13,1154.09,1130.82786885246,23.2621311475409
2002-03-14,1153.04,1130.88491803279,22.1550819672132
2002-03-15,1166.16,1131.31491803279,34.8450819672132
2002-03-18,1165.55,1131.65360655738,33.8963934426229
2002-03-19,1170.29,1132.07393442623,38.2160655737705
2002-03-20,1151.85,1132.19196721311,19.6580327868851
2002-03-21,1153.59,1132.26114754098,21.3288524590164
2002-03-22,1148.7,1132.12295081967,16.577049180328
2002-03-25,1131.87,1131.64508196721,0.224918032786718
2002-03-26,1138.49,1131.48786885246,7.00213114754092
2002-03-27,1144.58,1131.43049180328,13.1495081967212
2002-03-28,1147.39,1131.31114754098,16.0788524590164
2002-03-29,1147.39,1131.01803278689,16.3719672131149
2002-04-01,1146.54,1130.59229508197,15.9477049180327
2002-04-02,1136.76,1130.13114754098,6.62885245901634
2002-04-03,1125.4,1129.55229508197,-4.15229508196717
2002-04-04,1126.34,1129.08016393443,-2.74016393442639
2002-04-05,1122.73,1128.52573770492,-5.79573770491811
2002-04-08,1125.29,1128.19278688525,-2.90278688524586
2002-04-09,1117.8,1127.85491803279,-10.0549180327869
2002-04-10,1130.46,1127.59704918033,2.86295081967228
2002-04-11,1103.69,1127.20557377049,-23.5155737704918
2002-04-12,1111.01,1126.74868852459,-15.7386885245901
2002-04-15,1102.55,1126.33836065574,-23.7883606557377
2002-04-16,1128.37,1126.35131147541,2.01868852459006
2002-04-17,1126.07,1126.46213114754,-0.392131147541022
2002-04-18,1124.47,1126.40131147541,-1.93131147540976
2002-04-19,1125.17,1126.2868852459,-1.11688524590159
2002-04-22,1107.83,1125.86967213115,-18.0396721311477
2002-04-23,1100.96,1125.34344262295,-24.3834426229507
2002-04-24,1093.14,1125.22049180328,-32.0804918032786
2002-04-25,1091.48,1124.85836065574,-33.3783606557377
2002-04-26,1076.32,1123.97508196721,-47.6550819672132
2002-04-29,1065.45,1123.04475409836,-57.5947540983607
2002-04-30,1076.92,1122.75754098361,-45.8375409836065
2002-05-01,1086.46,1122.69918032787,-36.2391803278688
2002-05-02,1084.56,1122.71639344262,-38.1563934426231
2002-05-03,1073.43,1122.60590163934,-49.1759016393441
2002-05-06,1052.67,1121.89196721311,-69.2219672131148
2002-05-07,1049.49,1120.86819672131,-71.3781967213115
2002-05-08,1088.85,1120.56245901639,-31.7124590163935
2002-05-09,1073.01,1119.81655737705,-46.8065573770491
2002-05-10,1054.99,1118.80852459016,-63.8185245901639
2002-05-13,1074.56,1118.32295081967,-43.7629508196721
2002-05-14,1097.28,1118.20983606557,-20.9298360655737
2002-05-15,1091.07,1118.33655737705,-27.2665573770491
2002-05-16,1098.23,1118.3406557377,-20.110655737705
2002-05-17,1106.59,1118.76098360656,-12.1709836065575
2002-05-20,1091.88,1118.79442622951,-26.9144262295081
2002-05-21,1079.88,1118.31,-38.4299999999998
2002-05-22,1086.02,1117.92704918033,-31.9070491803279
2002-05-23,1097.08,1117.71704918033,-20.637049180328
2002-05-24,1083.82,1117.34147540984,-33.5214754098361
2002-05-27,1083.82,1116.55524590164,-32.7352459016395
2002-05-28,1074.55,1115.25540983607,-40.7054098360657
2002-05-29,1067.66,1113.96885245902,-46.3088524590164
2002-05-30,1064.66,1112.36049180328,-47.7004918032785
2002-05-31,1067.14,1110.87852459016,-43.7385245901639
2002-06-03,1040.68,1108.85180327869,-68.1718032786885
2002-06-04,1040.69,1106.76049180328,-66.0704918032786
2002-06-05,1049.9,1104.86409836066,-54.9640983606557
2002-06-06,1029.15,1102.81590163934,-73.6659016393442
2002-06-07,1027.53,1100.75836065574,-73.2283606557378
2002-06-10,1030.74,1098.53836065574,-67.7983606557377
2002-06-11,1013.6,1096.04737704918,-82.4473770491803
2002-06-12,1020.26,1093.58786885246,-73.327868852459
2002-06-13,1009.56,1091.25524590164,-81.6952459016395
2002-06-14,1007.27,1088.85655737705,-81.5865573770493
2002-06-17,1036.17,1087.01180327869,-50.8418032786885
2002-06-18,1037.14,1085.45885245902,-48.3188524590164
2002-06-19,1019.99,1083.5162295082,-63.5262295081968
2002-06-20,1006.29,1081.24918032787,-74.9591803278688
2002-06-21,989.14,1078.65491803279,-89.5149180327868
2002-06-24,992.72,1076.1193442623,-83.399344262295
2002-06-25,976.14,1073.32590163934,-97.1859016393443
2002-06-26,973.53,1070.65,-97.1200000000001
2002-06-27,990.64,1068.44081967213,-77.8008196721311
2002-06-28,989.81,1066.20262295082,-76.3926229508197
2002-07-01,968.65,1063.67672131148,-95.0267213114754
2002-07-02,948.09,1060.77180327869,-112.681803278689
2002-07-03,953.99,1058.08639344262,-104.096393442623
2002-07-04,953.99,1055.19344262295,-101.203442622951
2002-07-05,989.03,1053.3137704918,-64.2837704918034
2002-07-08,976.98,1051.11655737705,-74.1365573770493
2002-07-09,952.83,1048.66213114754,-95.832131147541
2002-07-10,920.47,1045.25393442623,-124.78393442623
2002-07-11,927.38,1041.99672131148,-114.616721311475
2002-07-12,921.39,1038.66754098361,-117.277540983607
2002-07-15,917.93,1035.27016393443,-117.340163934426
2002-07-16,901.05,1031.88032786885,-130.830327868852
2002-07-17,906.04,1028.68491803279,-122.644918032787
2002-07-18,881.56,1025.21639344262,-143.656393442623
2002-07-19,847.76,1021.22098360656,-173.460983606557
2002-07-22,819.85,1017.01655737705,-197.166557377049
2002-07-23,797.7,1012.62721311475,-214.927213114754
2002-07-24,843.42,1008.7993442623,-165.379344262295
2002-07-25,838.68,1004.73737704918,-166.05737704918
2002-07-26,852.84,1000.93868852459,-148.09868852459
2002-07-29,898.96,998.078524590164,-99.1185245901639
2002-07-30,902.78,995.62131147541,-92.8413114754098
2002-07-31,911.62,993.361147540984,-81.7411475409837
2002-08-01,884.66,990.013770491803,-105.353770491803
2002-08-02,864.24,986.59131147541,-122.35131147541
2002-08-05,834.6,982.978360655738,-148.378360655738
2002-08-06,859.57,979.45393442623,-119.883934426229
2002-08-07,876.77,975.839016393443,-99.0690163934427
2002-08-08,905.46,972.796229508197,-67.3362295081967
2002-08-09,908.64,969.688196721311,-61.0481967213115
2002-08-12,903.8,966.363770491803,-62.5637704918033
2002-08-13,884.21,962.959344262295,-78.749344262295
2002-08-14,919.62,960.332131147541,-40.712131147541
2002-08-15,930.25,957.778524590164,-27.5285245901639
2002-08-16,928.77,955.019344262295,-26.2493442622952
2002-08-19,950.72,952.83737704918,-2.11737704918028
2002-08-20,937.43,950.437540983607,-13.0075409836066
2002-08-21,949.36,948.385245901639,0.974754098360677
2002-08-22,962.7,946.664590163934,16.0354098360656
2002-08-23,940.86,944.635081967213,-3.77508196721305
2002-08-26,947.95,942.681147540984,5.26885245901644
2002-08-27,934.82,940.945737704918,-6.12573770491804
2002-08-28,917.87,938.932295081967,-21.0622950819672
2002-08-29,917.8,936.766721311475,-18.9667213114755
2002-08-30,916.07,934.912950819672,-18.8429508196721
2002-09-02,916.07,933.085737704918,-17.015737704918
2002-09-03,878.02,930.582131147541,-52.562131147541
2002-09-04,893.41,928.611803278689,-35.2018032786885
2002-09-05,879.15,926.298524590164,-47.1485245901639
2002-09-06,893.92,924.402786885246,-30.4827868852459
2002-09-09,902.96,922.692786885246,-19.7327868852459
2002-09-10,909.58,920.617540983607,-11.0375409836065
2002-09-11,909.45,918.524262295082,-9.07426229508189
2002-09-12,886.91,916.34262295082,-29.4326229508197
2002-09-13,889.81,914.433114754098,-24.6231147540984
2002-09-16,891.1,912.825901639344,-21.7259016393442
2002-09-17,873.52,910.871803278689,-37.3518032786885
2002-09-18,869.46,909.122950819672,-39.6629508196721
2002-09-19,843.32,906.988360655738,-63.6683606557376
2002-09-20,845.39,904.607213114754,-59.2172131147541
2002-09-23,833.7,902.048032786885,-68.3480327868853
2002-09-24,819.29,899.599508196721,-80.3095081967214
2002-09-25,839.66,897.821967213115,-58.1619672131147
2002-09-26,854.95,896.198360655738,-41.2483606557377
2002-09-27,827.37,894.12262295082,-66.7526229508196
2002-09-30,815.28,891.274262295082,-75.994262295082
2002-10-01,847.91,889.158360655738,-41.2483606557378
2002-10-02,827.91,887.110491803279,-59.2004918032787
2002-10-03,818.95,885.446229508197,-66.4962295081966
2002-10-04,800.58,883.367540983607,-82.7875409836065
2002-10-07,785.28,881.136229508197,-95.8562295081967
2002-10-08,798.55,879.179180327869,-80.6291803278689
2002-10-09,776.76,877.141639344262,-100.381639344262
2002-10-10,803.92,875.467540983607,-71.5475409836066
2002-10-11,835.32,874.709508196721,-39.3895081967213
2002-10-14,841.44,874.605901639344,-33.1659016393442
2002-10-15,881.27,875.612786885246,5.65721311475409
2002-10-16,860.03,876.634590163934,-16.6045901639344
2002-10-17,879.2,877.221147540984,1.97885245901648
2002-10-18,884.39,877.970491803279,6.41950819672127
2002-10-21,899.72,878.739016393443,20.9809836065574
2002-10-22,890.16,878.594754098361,11.5652459016393
2002-10-23,896.14,878.485901639344,17.6540983606557
2002-10-24,882.5,878.008524590164,4.49147540983608
2002-10-25,897.65,878.221475409836,19.4285245901639
2002-10-28,890.22,878.64737704918,11.5726229508197
2002-10-29,882.15,879.426885245902,2.72311475409833
2002-10-30,890.71,879.93737704918,10.7726229508197
2002-10-31,885.76,880.084754098361,5.6752459016393
2002-11-01,900.96,880.010983606557,20.9490163934427
2002-11-04,908.35,880.006229508197,28.3437704918033
2002-11-05,915.39,880.196229508197,35.1937704918032
2002-11-06,923.76,880.844590163934,42.9154098360656
2002-11-07,902.65,880.566393442623,22.083606557377
2002-11-08,894.74,879.984262295082,14.755737704918
2002-11-11,876.19,879.122295081967,-2.93229508196714
2002-11-12,882.95,878.01131147541,4.93868852459025
2002-11-13,882.53,877.11131147541,5.41868852459015
2002-11-14,904.27,876.372131147541,27.8978688524589
2002-11-15,909.84,875.505573770492,34.3344262295083
2002-11-18,900.36,874.841639344262,25.5183606557378
2002-11-19,896.74,874.002131147541,22.737868852459
2002-11-20,914.15,873.663278688525,40.4867213114754
2002-11-21,933.76,873.923770491803,59.8362295081968
2002-11-22,930.55,874.132786885246,56.4172131147541
2002-11-25,932.88,874.408360655738,58.4716393442623
2002-11-26,913.31,874.363114754098,38.9468852459016
2002-11-27,938.87,875.360655737705,63.509344262295
2002-11-28,938.87,876.105901639344,62.7640983606558
2002-11-29,936.31,877.042950819672,59.2670491803278
2002-12-02,934.53,877.70868852459,56.8213114754099
2002-12-03,920.74,878.000163934426,42.7398360655737
2002-12-04,917.57,878.131147540984,39.4388524590164
2002-12-05,906.55,878.083606557377,28.4663934426229
2002-12-06,912.23,878.49868852459,33.7313114754098
2002-12-09,892,878.534590163934,13.4654098360655
2002-12-10,904.45,878.753442622951,25.6965573770492
2002-12-11,904.96,879.268852459016,25.6911475409836
2002-12-12,901.59,879.795573770492,21.7944262295082
2002-12-13,889.48,880.552295081967,8.92770491803276
2002-12-16,910.4,881.618032786885,28.7819672131147
2002-12-17,902.99,882.75393442623,20.2360655737705
2002-12-18,891.12,883.931475409836,7.18852459016398
2002-12-19,884.26,884.66262295082,-0.402622950819705
2002-12-20,895.75,885.331475409836,10.4185245901639
2002-12-23,897.38,886.479180327869,10.9008196721311
2002-12-24,892.47,887.744590163934,4.72540983606564
2002-12-25,897.38,888.555573770492,8.82442622950816
2002-12-26,889.66,889.567868852459,0.0921311475409539
2002-12-27,875.4,890.493278688525,-15.0932786885246
2002-12-30,879.39,891.785245901639,-12.3952459016393
2002-12-31,879.82,893.335081967213,-13.5150819672131
2003-01-01,879.82,894.66737704918,-14.8473770491803
2003-01-02,909.03,896.835737704918,12.1942622950819
2003-01-03,908.59,898.551639344262,10.0383606557377
2003-01-06,929.01,900.087540983607,28.9224590163934
2003-01-07,922.93,901.423442622951,21.5065573770491
2003-01-08,909.93,901.893278688525,8.03672131147539
2003-01-09,927.58,903.000655737705,24.5793442622951
2003-01-10,927.57,903.793606557377,23.776393442623
2003-01-13,926.26,904.48,21.78
2003-01-14,931.66,905.003606557377,26.656393442623
2003-01-15,918.22,905.463606557377,12.756393442623
2003-01-16,914.6,905.766229508197,8.83377049180331
2003-01-17,901.78,906.082295081967,-4.30229508196726
2003-01-20,901.78,906.15,-4.37
2003-01-21,887.62,906.10737704918,-18.4873770491803
2003-01-22,878.36,906.045245901639,-27.6852459016393
2003-01-23,887.34,905.99,-18.65
2003-01-24,861.4,905.590655737705,-44.1906557377049
2003-01-27,847.48,904.71393442623,-57.2339344262294
2003-01-28,858.54,903.89737704918,-45.3573770491804
2003-01-29,864.36,903.060819672131,-38.7008196721312
2003-01-30,844.61,901.763278688525,-57.1532786885246
2003-01-31,855.7,900.993606557377,-45.293606557377
2003-02-03,860.32,900.429344262295,-40.1093442622951
2003-02-04,848.2,899.970491803279,-51.7704918032787
2003-02-05,843.59,899.325245901639,-55.7352459016394
2003-02-06,838.15,898.597704918033,-60.4477049180329
2003-02-07,829.69,897.375081967213,-67.685081967213
2003-02-10,835.97,896.164098360656,-60.1940983606557
2003-02-11,829.2,894.997540983607,-65.7975409836065
2003-02-12,818.68,893.717868852459,-75.037868852459
2003-02-13,817.37,892.13131147541,-74.7613114754098
2003-02-14,834.89,890.510491803279,-55.6204918032787
2003-02-17,834.89,888.942295081967,-54.0522950819673
2003-02-18,851.17,887.602786885246,-36.4327868852459
2003-02-19,845.13,886.485081967213,-41.3550819672131
2003-02-20,837.1,884.816721311475,-47.7167213114753
2003-02-21,848.17,883.329836065574,-35.1598360655738
2003-02-24,832.58,881.629344262295,-49.049344262295
2003-02-25,838.58,880.056393442623,-41.4763934426229
2003-02-26,827.55,878.52868852459,-50.9786885245902
2003-02-27,837.28,877.212459016393,-39.9324590163935
2003-02-28,841.15,876.140327868852,-34.9903278688524
2003-03-03,834.81,874.871147540984,-40.0611475409837
2003-03-04,821.99,873.723442622951,-51.7334426229509
2003-03-05,829.85,872.500491803279,-42.6504918032787
2003-03-06,822.1,871.142131147541,-49.042131147541
2003-03-07,828.89,869.950327868852,-41.0603278688525
2003-03-10,807.48,868.60606557377,-61.1260655737705
2003-03-11,800.72,866.808032786885,-66.0880327868853
2003-03-12,804.18,865.188196721311,-61.0081967213115
2003-03-13,831.9,864.21737704918,-32.3173770491803
2003-03-14,833.27,863.381475409836,-30.1114754098361
2003-03-17,862.79,862.841147540984,-0.0511475409836066
2003-03-18,866.45,862.334098360656,4.11590163934432
2003-03-19,874.02,862.031639344262,11.9883606557377
2003-03-20,875.67,861.675737704918,13.994262295082
2003-03-21,895.79,861.776229508197,34.0137704918033
2003-03-24,864.23,861.593114754098,2.63688524590168
2003-03-25,874.74,861.516885245902,13.2231147540983
2003-03-26,869.95,861.355081967213,8.59491803278695
2003-03-27,868.52,861.169836065574,7.35016393442618
2003-03-28,863.5,860.423442622951,3.0765573770492
2003-03-31,848.18,859.433114754098,-11.2531147540984
2003-04-01,858.48,858.276885245902,0.203114754098351
2003-04-02,880.9,857.587868852459,23.312131147541
2003-04-03,876.45,857.039016393443,19.4109836065575
2003-04-04,878.85,856.240163934426,22.6098360655737
2003-04-07,879.93,855.459180327869,24.4708196721311
2003-04-08,878.29,854.672786885246,23.617213114754
2003-04-09,865.99,853.596229508197,12.3937704918033
2003-04-10,871.58,852.831639344262,18.7483606557378
2003-04-11,868.3,852.07262295082,16.2273770491803
2003-04-14,885.23,851.80131147541,33.4286885245901
2003-04-15,890.81,851.621475409836,39.1885245901639
2003-04-16,879.91,851.495081967213,28.4149180327869
2003-04-17,893.58,851.744590163934,41.8354098360657
2003-04-18,893.58,851.846885245902,41.7331147540984
2003-04-21,892.01,852.34868852459,39.6613114754098
2003-04-22,911.37,853.39606557377,57.9739344262296
2003-04-23,919.02,854.387540983607,64.6324590163935
2003-04-24,911.43,855.159180327869,56.2708196721311
2003-04-25,898.81,856.047704918033,42.7622950819672
2003-04-28,914.84,857.017213114754,57.8227868852459
2003-04-29,917.84,857.960163934426,59.8798360655738
2003-04-30,916.92,859.086721311475,57.8332786885245
2003-05-01,916.3,860.27868852459,56.0213114754098
2003-05-02,930.08,861.785737704918,68.294262295082
2003-05-05,926.55,863.373606557377,63.176393442623
2003-05-06,934.39,864.987049180328,69.4029508196721
2003-05-07,929.62,866.633278688525,62.9867213114754
2003-05-08,920.27,868.29868852459,51.9713114754098
2003-05-09,933.41,870.200983606557,63.2090163934427
2003-05-12,945.11,872.007868852459,73.1021311475411
2003-05-13,942.3,873.76868852459,68.5313114754098
2003-05-14,939.28,875.213114754098,64.0668852459016
2003-05-15,946.66,876.877540983607,69.7824590163934
2003-05-16,944.3,878.634918032787,65.665081967213
2003-05-19,920.77,879.825081967213,40.9449180327869
2003-05-20,919.73,881.253770491803,38.4762295081968
2003-05-21,923.42,882.644590163934,40.7754098360656
2003-05-22,931.87,884.354754098361,47.5152459016393
2003-05-23,933.22,885.927540983607,47.2924590163934
2003-05-26,933.22,887.436885245902,45.7831147540984
2003-05-27,951.48,889.349508196721,62.1304918032787
2003-05-28,953.22,891.500819672131,61.7191803278689
2003-05-29,949.64,893.464590163934,56.1754098360656
2003-05-30,963.59,895.784098360656,67.8059016393443
2003-06-02,967,898.048196721311,68.9518032786885
2003-06-03,971.56,900.738032786885,70.8219672131147
2003-06-04,986.24,903.779344262295,82.4606557377049
2003-06-05,990.14,906.827868852459,83.312131147541
2003-06-06,987.76,909.382950819672,78.3770491803278
2003-06-09,975.93,911.721639344262,64.2083606557377
2003-06-10,984.84,913.722459016393,71.1175409836065
2003-06-11,997.48,915.870491803279,81.6095081967213
2003-06-12,998.51,917.91131147541,80.5986885245902
2003-06-13,988.61,919.762786885246,68.8472131147541
2003-06-16,1010.74,921.647213114754,89.0927868852459
2003-06-17,1011.66,924.064098360656,87.5959016393442
2003-06-18,1010.09,926.282950819672,83.8070491803279
2003-06-19,994.7,928.328032786885,66.3719672131148
2003-06-20,995.69,930.412786885246,65.2772131147542
2003-06-23,981.65,932.349672131147,49.3003278688525
2003-06-24,983.45,934.567213114754,48.882786885246
2003-06-25,975.32,936.48262295082,38.8373770491804
2003-06-26,985.82,938.20262295082,47.6173770491804
2003-06-27,976.22,939.838196721311,36.3818032786886
2003-06-30,974.5,941.406229508197,33.0937704918033
2003-07-01,982.32,943.084754098361,39.2352459016394
2003-07-02,993.75,944.977540983607,48.7724590163934
2003-07-03,985.7,946.94,38.76
2003-07-04,985.7,948.810819672131,36.8891803278689
2003-07-07,1004.42,951.042295081967,53.3777049180327
2003-07-08,1007.84,953.052295081967,54.7877049180328
2003-07-09,1002.21,954.878524590164,47.3314754098361
2003-07-10,988.7,956.661967213115,32.0380327868853
2003-07-11,998.14,958.37606557377,39.7639344262295
2003-07-14,1003.86,960.18393442623,43.6760655737705
2003-07-15,1000.42,961.961147540984,38.4588524590164
2003-07-16,994,963.315737704918,30.684262295082
2003-07-17,981.73,964.343770491803,17.3862295081967
2003-07-18,993.32,965.686229508197,27.6337704918034
2003-07-21,978.8,966.997540983607,11.8024590163934
2003-07-22,988.11,968.19868852459,19.9113114754099
2003-07-23,988.61,969.358852459016,19.2511475409837
2003-07-24,981.6,970.419180327869,11.1808196721312
2003-07-25,998.68,971.769672131148,26.9103278688524
2003-07-28,996.52,972.858852459016,23.6611475409836
2003-07-29,989.28,973.887213114754,15.3927868852459
2003-07-30,987.49,974.757704918033,12.7322950819672
2003-07-31,990.31,975.75262295082,14.5573770491802
2003-08-01,980.15,976.734262295082,3.415737704918
2003-08-04,982.82,977.544262295082,5.27573770491813
2003-08-05,965.46,977.877868852459,-12.417868852459
2003-08-06,967.08,978.284098360656,-11.2040983606557
2003-08-07,974.12,978.855245901639,-4.73524590163936
2003-08-08,977.59,979.362295081967,-1.77229508196717
2003-08-11,980.59,979.957213114754,0.632786885245878
2003-08-12,990.35,981.097868852459,9.25213114754104
2003-08-13,984.03,982.151967213115,1.87803278688523
2003-08-14,990.51,983.251803278688,7.25819672131149
2003-08-15,990.67,984.215737704918,6.45426229508189
2003-08-18,999.74,985.306229508197,14.4337704918033
2003-08-19,1002.35,986.439508196721,15.9104918032787
2003-08-20,1000.3,987.239836065574,13.0601639344262
2003-08-21,1003.27,988.060327868852,15.2096721311475
2003-08-22,993.06,988.772131147541,4.28786885245893
2003-08-25,993.71,989.265901639344,4.44409836065574
2003-08-26,996.73,989.753278688525,6.97672131147544
2003-08-27,996.79,990.166885245902,6.62311475409831
2003-08-28,1002.84,990.439016393443,12.4009836065574
2003-08-29,1008.01,990.731967213115,17.2780327868852
2003-09-02,1021.99,991.293114754098,30.6968852459016
2003-09-03,1026.27,992.118360655738,34.1516393442623
2003-09-04,1027.97,992.825409836066,35.1445901639345
2003-09-05,1021.39,993.21737704918,28.1726229508197
2003-09-08,1031.64,993.760491803279,37.8795081967214
2003-09-09,1023.17,994.327049180328,28.8429508196721
2003-09-10,1010.92,994.33,16.5899999999999
2003-09-11,1016.42,994.408032786885,22.0119672131148
2003-09-12,1018.63,994.548032786885,24.0819672131147
2003-09-15,1014.81,994.877704918033,19.9322950819671
2003-09-16,1029.32,995.429016393443,33.8909836065573
2003-09-17,1025.97,996.155573770492,29.8144262295082
2003-09-18,1039.58,997.075737704918,42.5042622950818
2003-09-19,1036.3,998.075409836066,38.2245901639344
2003-09-22,1022.82,998.681967213115,24.1380327868853
2003-09-23,1029.03,999.547704918033,29.4822950819672
2003-09-24,1009.38,1000.11950819672,9.26049180327868
2003-09-25,1003.27,1000.46295081967,2.80704918032791
2003-09-26,996.85,1000.5137704918,-3.66377049180323
2003-09-29,1006.58,1000.85606557377,5.72393442622956
2003-09-30,995.97,1001.02442622951,-5.05442622950818
2003-10-01,1018.22,1001.2506557377,16.9693442622951
2003-10-02,1020.24,1001.45393442623,18.7860655737705
2003-10-03,1029.85,1001.90704918033,27.9429508196721
2003-10-06,1034.35,1002.65540983607,31.6945901639343
2003-10-07,1039.25,1003.3293442623,35.9206557377049
2003-10-08,1033.78,1003.81983606557,29.9601639344262
2003-10-09,1038.73,1004.44786885246,34.282131147541
2003-10-10,1038.06,1005.17016393443,32.8898360655737
2003-10-13,1045.35,1006.2131147541,39.1368852459016
2003-10-14,1049.48,1007.1337704918,42.3462295081968
2003-10-15,1046.76,1008.24786885246,38.512131147541
2003-10-16,1050.07,1009.26360655738,40.806393442623
2003-10-17,1039.32,1010.09491803279,29.2250819672131
2003-10-20,1044.68,1011.12901639344,33.5509836065575
2003-10-21,1046.03,1011.90524590164,34.1247540983607
2003-10-22,1030.36,1012.46,17.8999999999999
2003-10-23,1033.77,1013.1893442623,20.5806557377049
2003-10-24,1028.91,1013.86836065574,15.0416393442624
2003-10-27,1031.13,1014.53754098361,16.5924590163936
2003-10-28,1046.79,1015.63,31.16
2003-10-29,1048.11,1016.70032786885,31.4096721311474
2003-10-30,1046.94,1018.03606557377,28.9039344262296
2003-10-31,1050.71,1019.40704918033,31.3029508196722
2003-11-03,1059.02,1020.79885245902,38.2211475409836
2003-11-04,1053.25,1022.03918032787,31.2108196721312
2003-11-05,1051.81,1023.20672131148,28.6032786885246
2003-11-06,1058.05,1024.31655737705,33.7334426229509
2003-11-07,1053.21,1025.4506557377,27.7593442622951
2003-11-10,1047.11,1026.37852459016,20.7314754098359
2003-11-11,1046.57,1027.29491803279,19.2750819672131
2003-11-12,1058.56,1028.25918032787,30.3008196721312
2003-11-13,1058.41,1029.17819672131,29.2318032786886
2003-11-14,1050.35,1029.99868852459,20.3513114754098
2003-11-17,1043.63,1030.66032786885,12.9696721311477
2003-11-18,1034.15,1031.33393442623,2.81606557377063
2003-11-19,1042.44,1032.13278688525,10.3072131147542
2003-11-20,1033.65,1032.73803278689,0.911967213114849
2003-11-21,1035.28,1033.36901639344,1.91098360655747
2003-11-24,1052.08,1034.1762295082,17.9037704918032
2003-11-25,1053.89,1034.92836065574,18.9616393442625
2003-11-26,1058.45,1035.52606557377,22.9239344262296
2003-11-28,1058.2,1036.04950819672,22.1504918032788
2003-12-01,1070.12,1036.74049180328,33.3795081967212
2003-12-02,1066.62,1037.48196721311,29.1380327868851
2003-12-03,1064.73,1038.02442622951,26.7055737704918
2003-12-04,1069.72,1038.78754098361,30.9324590163935
2003-12-05,1061.5,1039.61672131148,21.8832786885246
2003-12-08,1069.3,1040.48360655738,28.8163934426229
2003-12-09,1060.18,1041.16475409836,19.0152459016394
2003-12-10,1059.05,1041.89,17.1599999999999
2003-12-11,1071.21,1042.57672131148,28.6332786885246
2003-12-12,1074.14,1043.36639344262,30.7736065573772
2003-12-15,1068.04,1043.83295081967,24.2070491803279
2003-12-16,1075.13,1044.46950819672,30.6604918032788
2003-12-17,1076.48,1045.34918032787,31.1308196721311
2003-12-18,1089.18,1046.33524590164,42.8447540983607
2003-12-19,1088.67,1047.63508196721,41.0349180327869
2003-12-22,1092.94,1049.10508196721,43.8349180327868
2003-12-23,1096.02,1050.73081967213,45.2891803278687
2003-12-24,1094.04,1052.16459016393,41.8754098360655
2003-12-26,1095.89,1053.80262295082,42.0873770491805
2003-12-29,1109.48,1055.29868852459,54.1813114754098
2003-12-30,1109.64,1056.76426229508,52.875737704918
2003-12-31,1111.92,1058.10967213115,53.8103278688525
2004-01-02,1108.48,1059.32491803279,49.1550819672132
2004-01-05,1122.22,1060.68508196721,61.5349180327869
2004-01-06,1123.67,1062.15868852459,61.5113114754099
2004-01-07,1126.33,1063.59475409836,62.7352459016392
2004-01-08,1131.92,1065.13344262295,66.7865573770493
2004-01-09,1121.86,1066.38770491803,55.4722950819671
2004-01-12,1127.23,1067.66229508197,59.5677049180329
2004-01-13,1121.22,1068.88295081967,52.337049180328
2004-01-14,1130.52,1070.20180327869,60.3181967213116
2004-01-15,1132.05,1071.72196721311,60.3280327868852
2004-01-16,1139.83,1073.28180327869,66.5481967213113
2004-01-20,1138.77,1074.80213114754,63.9678688524589
2004-01-21,1147.62,1076.72442622951,70.8955737704916
2004-01-22,1143.94,1078.53049180328,65.4095081967214
2004-01-23,1141.55,1080.37704918033,61.172950819672
2004-01-26,1155.37,1082.4137704918,72.9562295081967
2004-01-27,1144.05,1084.00819672131,60.0418032786886
2004-01-28,1128.48,1085.32573770492,43.1542622950819
2004-01-29,1134.11,1086.75475409836,47.3552459016391
2004-01-30,1131.13,1088.0731147541,43.0568852459016
2004-02-02,1135.26,1089.32295081967,45.9370491803279
2004-02-03,1136.03,1090.68,45.3499999999999
2004-02-04,1126.52,1091.90475409836,34.6152459016394
2004-02-05,1128.59,1093.06114754098,35.5288524590162
2004-02-06,1142.76,1094.52918032787,48.2308196721312
2004-02-09,1139.81,1096.04885245902,43.7611475409835
2004-02-10,1145.54,1097.67131147541,47.8686885245902
2004-02-11,1157.76,1099.29754098361,58.4624590163935
2004-02-12,1152.11,1100.83360655738,51.2763934426227
2004-02-13,1145.81,1102.39852459016,43.4114754098359
2004-02-17,1156.99,1104.2568852459,52.7331147540983
2004-02-18,1151.82,1106.18590163934,45.6340983606556
2004-02-19,1147.06,1107.90098360656,39.1590163934425
2004-02-20,1144.11,1109.71180327869,34.3981967213115
2004-02-23,1140.99,1111.44475409836,29.5452459016394
2004-02-24,1139.09,1112.87114754098,26.2188524590163
2004-02-25,1143.67,1114.34295081967,29.327049180328
2004-02-26,1144.91,1115.76032786885,29.1496721311476
2004-02-27,1144.94,1117.18229508197,27.7577049180329
2004-03-01,1155.96,1118.58950819672,37.3704918032788
2004-03-02,1149.1,1119.94163934426,29.1583606557376
2004-03-03,1151.04,1121.35655737705,29.6834426229507
2004-03-04,1154.88,1122.75262295082,32.1273770491805
2004-03-05,1156.87,1124.31606557377,32.5539344262295
2004-03-08,1147.21,1125.59327868852,21.6167213114754
2004-03-09,1140.58,1126.91131147541,13.6686885245902
2004-03-10,1123.89,1127.97426229508,-4.08426229508177
2004-03-11,1106.78,1128.55737704918,-21.7773770491804
2004-03-12,1120.57,1129.31852459016,-8.74852459016392
2004-03-15,1104.49,1129.91606557377,-25.4260655737705
2004-03-16,1110.7,1130.49918032787,-19.7991803278687
2004-03-17,1123.75,1131.27409836066,-7.52409836065567
2004-03-18,1122.32,1131.81737704918,-9.49737704918039
2004-03-19,1109.78,1132.16344262295,-22.3834426229507
2004-03-22,1095.4,1132.2037704918,-36.8037704918031
2004-03-23,1093.95,1132.16983606557,-38.2198360655736
2004-03-24,1091.33,1132.12540983607,-40.7954098360656
2004-03-25,1109.19,1132.34344262295,-23.1534426229507
2004-03-26,1108.06,1132.32016393443,-24.2601639344264
2004-03-29,1122.47,1132.53049180328,-10.0604918032786
2004-03-30,1127,1132.77770491803,-5.77770491803267
2004-03-31,1126.21,1133.06836065574,-6.85836065573767
2004-04-01,1132.17,1133.23147540984,-1.06147540983602
2004-04-02,1141.81,1133.52885245902,8.28114754098351
2004-04-05,1150.57,1133.9262295082,16.6437704918033
2004-04-06,1148.16,1134.19245901639,13.9675409836066
2004-04-07,1140.53,1134.49852459016,6.03147540983605
2004-04-08,1139.32,1134.69672131148,4.62327868852458
2004-04-12,1145.2,1135.08983606557,10.1101639344263
2004-04-13,1129.44,1135.07213114754,-5.6321311475408
2004-04-14,1128.17,1135.00852459016,-6.83852459016384
2004-04-15,1128.84,1134.82836065574,-5.98836065573778
2004-04-16,1134.61,1134.76016393443,-0.150163934426246
2004-04-19,1135.82,1134.56672131148,1.25327868852446
2004-04-20,1118.15,1134.14393442623,-15.9939344262293
2004-04-21,1124.09,1133.85770491803,-9.7677049180329
2004-04-22,1139.93,1133.60459016393,6.32540983606555
2004-04-23,1140.6,1133.54803278689,7.05196721311472
2004-04-26,1135.53,1133.66360655738,1.86639344262289
2004-04-27,1138.11,1133.72918032787,4.38081967213111
2004-04-28,1122.41,1133.5862295082,-11.1762295081967
2004-04-29,1113.89,1133.23590163934,-19.3459016393442
2004-04-30,1107.3,1132.76491803279,-25.464918032787
2004-05-03,1117.49,1132.6168852459,-15.1268852459016
2004-05-04,1119.55,1132.46868852459,-12.9186885245902
2004-05-05,1121.53,1132.1206557377,-10.590655737705
2004-05-06,1113.99,1131.69737704918,-17.7073770491804
2004-05-07,1098.7,1130.92950819672,-32.2295081967213
2004-05-10,1087.12,1129.77147540984,-42.6514754098362
2004-05-11,1095.45,1128.84262295082,-33.3926229508197
2004-05-12,1097.28,1128.04704918033,-30.7670491803278
2004-05-13,1096.44,1127.05442622951,-30.6144262295081
2004-05-14,1095.7,1126.13442622951,-30.4344262295081
2004-05-17,1084.1,1125.10229508197,-41.0022950819673
2004-05-18,1091.49,1124.23967213115,-32.7496721311475
2004-05-19,1088.68,1123.38213114754,-34.702131147541
2004-05-20,1089.19,1122.56409836066,-33.3740983606556
2004-05-21,1093.56,1121.74262295082,-28.1826229508197
2004-05-24,1095.41,1120.93114754098,-25.5211475409835
2004-05-25,1113.05,1120.40836065574,-7.35836065573767
2004-05-26,1114.94,1119.73590163934,-4.79590163934427
2004-05-27,1121.28,1119.27983606557,2.00016393442615
2004-05-28,1120.68,1118.78213114754,1.89786885245917
2004-05-31,1120.68,1118.22147540984,2.45852459016396
2004-06-01,1121.2,1117.63672131148,3.56327868852463
2004-06-02,1124.99,1117.27245901639,7.71754098360657
2004-06-03,1116.64,1116.88,-0.240000000000009
2004-06-04,1122.5,1116.85721311475,5.64278688524587
2004-06-07,1140.42,1117.40868852459,23.0113114754099
2004-06-08,1142.18,1117.76295081967,24.4170491803279
2004-06-09,1131.33,1118.20295081967,13.1270491803277
2004-06-10,1136.47,1118.62540983607,17.8445901639345
2004-06-14,1125.29,1118.6506557377,6.63934426229503
2004-06-15,1132.01,1118.80950819672,13.2004918032787
2004-06-16,1133.56,1119.1993442623,14.3606557377047
2004-06-17,1132.05,1119.80016393443,12.2498360655736
2004-06-18,1135.02,1120.47344262295,14.5465573770491
2004-06-21,1130.3,1121.11229508197,9.18770491803275
2004-06-22,1134.41,1121.52573770492,12.884262295082
2004-06-23,1144.06,1122.11590163934,21.9440983606557
2004-06-24,1140.65,1122.41393442623,18.2360655737705
2004-06-25,1134.43,1122.53573770492,11.8942622950819
2004-06-28,1133.35,1122.65278688525,10.697213114754
2004-06-29,1136.2,1122.71885245902,13.4811475409836
2004-06-30,1140.84,1122.70295081967,18.1370491803277
2004-07-01,1128.94,1122.34836065574,6.59163934426238
2004-07-02,1125.38,1121.97491803279,3.40508196721316
2004-07-06,1116.21,1121.5762295082,-5.36622950819674
2004-07-07,1118.33,1121.23213114754,-2.90213114754101
2004-07-08,1109.11,1120.64049180328,-11.5304918032789
2004-07-09,1112.81,1120.36786885246,-7.55786885245902
2004-07-12,1114.35,1120.14131147541,-5.79131147540988
2004-07-13,1115.14,1119.91672131148,-4.77672131147528
2004-07-14,1111.47,1119.53737704918,-8.06737704918032
2004-07-15,1106.69,1119.05983606557,-12.3698360655737
2004-07-16,1101.39,1118.78508196721,-17.3950819672129
2004-07-19,1100.9,1118.40491803279,-17.5049180327867
2004-07-20,1108.67,1117.89245901639,-9.22245901639349
2004-07-21,1093.88,1117.12655737705,-23.2465573770492
2004-07-22,1096.84,1116.49229508197,-19.6522950819674
2004-07-23,1086.2,1115.64131147541,-29.4413114754097
2004-07-26,1084.07,1115.01278688525,-30.942786885246
2004-07-27,1094.83,1114.70032786885,-19.8703278688524
2004-07-28,1095.42,1114.50557377049,-19.0855737704917
2004-07-29,1100.43,1114.22590163934,-13.7959016393443
2004-07-30,1101.72,1113.93360655738,-12.213606557377
2004-08-02,1106.62,1113.68918032787,-7.06918032786893
2004-08-03,1099.69,1113.45475409836,-13.7647540983605
2004-08-04,1098.63,1113.45360655738,-14.8236065573769
2004-08-05,1080.7,1113.34836065574,-32.6483606557376
2004-08-06,1063.97,1112.83229508197,-48.8622950819672
2004-08-09,1065.22,1112.30672131148,-47.0867213114755
2004-08-10,1079.04,1112.02147540984,-32.9814754098361
2004-08-11,1075.79,1111.69508196721,-35.9050819672132
2004-08-12,1063.23,1111.35295081967,-48.122950819672
2004-08-13,1064.8,1110.91540983607,-46.1154098360657
2004-08-16,1079.34,1110.76229508197,-31.4222950819674
2004-08-17,1081.71,1110.63967213115,-28.9296721311475
2004-08-18,1095.17,1110.66606557377,-15.4960655737705
2004-08-19,1091.23,1110.59754098361,-19.3675409836067
2004-08-20,1098.35,1110.35655737705,-12.0065573770494
2004-08-23,1095.68,1110.04081967213,-14.3608196721311
2004-08-24,1096.19,1109.62950819672,-13.4395081967214
2004-08-25,1104.96,1109.37180327869,-4.41180327868847
2004-08-26,1105.09,1109.1162295082,-4.02622950819682
2004-08-27,1107.77,1108.89606557377,-1.12606557377057
2004-08-30,1099.15,1108.47245901639,-9.3224590163934
2004-08-31,1104.24,1108.26918032787,-4.02918032786874
2004-09-01,1105.91,1107.99721311475,-2.08721311475392
2004-09-02,1118.31,1107.63475409836,10.6752459016393
2004-09-03,1113.63,1107.16672131148,6.46327868852472
2004-09-07,1121.3,1107.00229508197,14.2977049180327
2004-09-08,1116.27,1106.67114754098,9.59885245901637
2004-09-09,1118.38,1106.55786885246,11.8221311475411
2004-09-10,1123.92,1106.42524590164,17.4947540983608
2004-09-13,1125.82,1106.29836065574,19.5216393442622
2004-09-14,1128.33,1106.23737704918,22.0926229508195
2004-09-15,1120.37,1105.99721311475,14.3727868852459
2004-09-16,1123.5,1105.88573770492,17.614262295082
2004-09-17,1128.55,1105.78967213115,22.7603278688523
2004-09-20,1122.2,1105.43131147541,16.7686885245903
2004-09-21,1129.3,1105.24524590164,24.0547540983605
2004-09-22,1113.56,1104.9031147541,8.65688524590155
2004-09-23,1108.36,1104.49344262295,3.86655737704905
2004-09-24,1110.11,1104.06573770492,6.04426229508181
2004-09-27,1103.52,1103.45393442623,0.0660655737704019
2004-09-28,1110.06,1103.14442622951,6.91557377049185
2004-09-29,1114.8,1102.97098360656,11.8290163934425
2004-09-30,1114.58,1102.94426229508,11.635737704918
2004-10-01,1131.5,1103.16016393443,28.3398360655738
2004-10-04,1135.17,1103.58737704918,31.5826229508198
2004-10-05,1134.48,1103.94262295082,30.5373770491803
2004-10-06,1142.05,1104.39672131148,37.6532786885246
2004-10-07,1130.65,1104.65098360656,25.9990163934426
2004-10-08,1122.14,1104.82590163934,17.3140983606559
2004-10-11,1124.39,1105.11606557377,19.2739344262295
2004-10-12,1121.84,1105.45131147541,16.3886885245902
2004-10-13,1113.65,1105.66032786885,7.9896721311477
2004-10-14,1103.29,1105.57213114754,-2.28213114754112
2004-10-15,1108.2,1105.8068852459,2.39311475409841
2004-10-18,1114.02,1106.08852459016,7.93147540983614
2004-10-19,1103.23,1106.36770491803,-3.1377049180328
2004-10-20,1103.66,1106.68885245902,-3.02885245901621
2004-10-21,1106.49,1106.88,-0.3900000000001
2004-10-22,1095.74,1106.88524590164,-11.1452459016393
2004-10-25,1094.81,1106.7931147541,-11.9831147540983
2004-10-26,1111.09,1106.94672131148,4.14327868852456
2004-10-27,1125.4,1107.25459016393,18.1454098360657
2004-10-28,1127.44,1107.70950819672,19.7304918032787
2004-10-29,1130.2,1108.22704918033,21.9729508196722
2004-11-01,1130.51,1109.04360655738,21.466393442623
2004-11-02,1130.54,1110.13491803279,20.4050819672132
2004-11-03,1143.2,1111.41327868852,31.7867213114755
2004-11-04,1161.67,1112.76786885246,48.902131147541
2004-11-05,1166.17,1114.24950819672,51.9204918032788
2004-11-08,1164.89,1115.91606557377,48.9739344262296
2004-11-09,1164.08,1117.54360655738,46.536393442623
2004-11-10,1162.91,1118.91360655738,43.996393442623
2004-11-11,1173.48,1120.41803278689,53.0619672131147
2004-11-12,1184.17,1121.87704918033,62.2929508196721
2004-11-15,1183.81,1123.39475409836,60.4152459016393
2004-11-16,1175.43,1124.65836065574,50.7716393442624
2004-11-17,1181.94,1126.07245901639,55.8675409836067
2004-11-18,1183.55,1127.50459016393,56.0454098360656
2004-11-19,1170.34,1128.57639344262,41.763606557377
2004-11-22,1177.24,1129.75918032787,47.4808196721312
2004-11-23,1176.94,1130.8931147541,46.0468852459016
2004-11-24,1181.76,1132.24737704918,49.5126229508196
2004-11-26,1182.65,1133.53278688525,49.1172131147541
2004-11-29,1178.57,1134.72393442623,43.8460655737704
2004-11-30,1173.82,1135.63393442623,38.1860655737705
2004-12-01,1191.37,1136.90836065574,54.4616393442623
2004-12-02,1190.33,1138.04,52.29
2004-12-03,1191.17,1139.26786885246,51.902131147541
2004-12-06,1190.25,1140.44606557377,49.8039344262295
2004-12-07,1177.07,1141.31737704918,35.7526229508196
2004-12-08,1182.81,1142.25163934426,40.5583606557377
2004-12-09,1189.24,1143.25016393443,45.9898360655739
2004-12-10,1188,1144.35885245902,43.6411475409836
2004-12-13,1198.68,1145.59131147541,53.0886885245902
2004-12-14,1203.38,1146.81803278689,56.5619672131149
2004-12-15,1205.72,1148.18721311475,57.532786885246
2004-12-16,1203.21,1149.39885245902,53.8111475409837
2004-12-17,1194.22,1150.72114754098,43.4988524590165
2004-12-20,1194.65,1152.13573770492,42.5142622950821
2004-12-21,1205.45,1153.69868852459,51.7513114754099
2004-12-22,1209.57,1155.43721311475,54.1327868852459
2004-12-23,1210.13,1157.07770491803,53.0522950819673
2004-12-27,1204.92,1158.55508196721,46.364918032787
2004-12-28,1213.54,1160.17737704918,53.3626229508195
2004-12-29,1213.45,1161.52081967213,51.9291803278688
2004-12-30,1213.55,1162.80573770492,50.7442622950819
2004-12-31,1211.92,1164.07524590164,47.8447540983607
2005-01-03,1202.08,1165.0593442623,37.0206557377048
2005-01-04,1188.05,1166.00032786885,22.0496721311474
2005-01-05,1183.74,1167.01016393443,16.7298360655739
2005-01-06,1187.89,1168.05114754098,19.8388524590164
2005-01-07,1186.19,1169.10606557377,17.0839344262295
2005-01-10,1190.25,1170.36180327869,19.8881967213115
2005-01-11,1182.99,1171.66836065574,11.3216393442624
2005-01-12,1187.7,1172.97163934426,14.7283606557378
2005-01-13,1177.45,1174.01147540984,3.43852459016398
2005-01-14,1184.52,1175.34409836066,9.17590163934415
2005-01-18,1195.98,1176.85754098361,19.1224590163933
2005-01-19,1184.63,1178.13852459016,6.49147540983608
2005-01-20,1175.41,1179.44459016393,-4.03459016393435
2005-01-21,1167.87,1180.64229508197,-12.7722950819673
2005-01-24,1163.75,1181.50557377049,-17.7555737704918
2005-01-25,1168.41,1182.2106557377,-13.8006557377048
2005-01-26,1174.07,1182.97508196721,-8.90508196721316
2005-01-27,1174.55,1183.70213114754,-9.15213114754101
2005-01-28,1171.36,1184.37180327869,-13.0118032786886
2005-01-31,1181.27,1185.20344262295,-3.93344262295091
2005-02-01,1189.41,1185.96098360656,3.44901639344266
2005-02-02,1193.19,1186.47770491803,6.71229508196734
2005-02-03,1189.89,1186.86655737705,3.02344262295082
2005-02-04,1203.03,1187.49180327869,15.5381967213114
2005-02-07,1201.72,1188.10885245902,13.6111475409837
2005-02-08,1202.3,1188.75459016393,13.5454098360656
2005-02-09,1191.99,1189.05803278689,2.93196721311483
2005-02-10,1197.01,1189.26852459016,7.74147540983608
2005-02-11,1205.3,1189.62081967213,15.6791803278688
2005-02-14,1206.14,1190.12426229508,16.0157377049181
2005-02-15,1210.12,1190.5862295082,19.5337704918031
2005-02-16,1210.34,1191.02540983607,19.3145901639343
2005-02-17,1200.75,1191.52393442623,9.22606557377048
2005-02-18,1201.59,1191.9231147541,9.66688524590154
2005-02-22,1184.16,1192.04147540984,-7.88147540983596
2005-02-23,1190.8,1192.18967213115,-1.38967213114756
2005-02-24,1200.2,1192.47737704918,7.72262295081964
2005-02-25,1211.37,1193.01508196721,18.3549180327868
2005-02-28,1203.6,1193.50327868852,10.0967213114752
2005-03-01,1210.41,1193.81540983607,16.5945901639345
2005-03-02,1210.08,1194.13918032787,15.9408196721311
2005-03-03,1210.47,1194.45557377049,16.0144262295082
2005-03-04,1222.12,1194.97803278689,27.1419672131146
2005-03-07,1225.31,1195.76885245902,29.5411475409835
2005-03-08,1219.43,1196.36918032787,23.0608196721312
2005-03-09,1207.01,1196.66049180328,10.3495081967212
2005-03-10,1209.25,1197.00885245902,12.2411475409835
2005-03-11,1200.08,1197.03180327869,3.04819672131134
2005-03-14,1206.83,1197.08836065574,9.74163934426224
2005-03-15,1197.75,1196.95770491803,0.792295081967268
2005-03-16,1188.07,1196.70950819672,-8.63950819672141
2005-03-17,1190.21,1196.6437704918,-6.43377049180322
2005-03-18,1189.65,1196.56180327869,-6.91180327868847
2005-03-21,1183.78,1196.20655737705,-12.4265573770492
2005-03-22,1171.71,1195.58590163934,-23.8759016393442
2005-03-23,1172.53,1194.96950819672,-22.4395081967214
2005-03-24,1171.42,1194.42032786885,-23.0003278688523
2005-03-28,1174.28,1193.77672131148,-19.4967213114755
2005-03-29,1165.36,1192.98836065574,-27.6283606557379
2005-03-30,1181.41,1192.46147540984,-11.051475409836
2005-03-31,1180.59,1191.94786885246,-11.3578688524592
2005-04-01,1172.92,1191.46983606557,-18.5498360655738
2005-04-04,1176.12,1191.27426229508,-15.1542622950822
2005-04-05,1181.39,1191.23573770492,-9.84573770491784
2005-04-06,1184.07,1191.1731147541,-7.10311475409844
2005-04-07,1191.14,1191.25426229508,-0.114262295081971
2005-04-08,1181.2,1191.10590163934,-9.90590163934417
2005-04-11,1181.21,1191.07672131148,-9.86672131147543
2005-04-12,1187.76,1191.07770491803,-3.31770491803286
2005-04-13,1173.79,1191.01770491803,-17.2277049180327
2005-04-14,1162.05,1190.6493442623,-28.5993442622951
2005-04-15,1142.62,1189.77459016393,-47.1545901639345
2005-04-18,1145.98,1189.14098360656,-43.1609836065572
2005-04-19,1152.78,1188.77,-35.99
2005-04-20,1137.5,1188.27213114754,-50.7721311475409
2005-04-21,1159.95,1188.20983606557,-28.2598360655736
2005-04-22,1152.12,1187.94278688525,-35.8227868852459
2005-04-25,1162.1,1187.74655737705,-25.6465573770492
2005-04-26,1151.74,1187.37262295082,-35.6326229508197
2005-04-27,1156.38,1187.12704918033,-30.7470491803278
2005-04-28,1143.22,1186.50327868852,-43.2832786885247
2005-04-29,1156.85,1185.96950819672,-29.1195081967214
2005-05-02,1162.16,1185.46081967213,-23.300819672131
2005-05-03,1161.17,1184.99,-23.8199999999999
2005-05-04,1175.65,1184.54114754098,-8.89114754098341
2005-05-05,1172.63,1184.06426229508,-11.4342622950819
2005-05-06,1171.35,1183.5568852459,-12.2068852459017
2005-05-09,1178.84,1183.34131147541,-4.50131147540992
2005-05-10,1166.22,1182.83655737705,-16.616557377049
2005-05-11,1171.11,1182.27606557377,-11.1660655737705
2005-05-12,1159.36,1181.50918032787,-22.1491803278689
2005-05-13,1154.05,1180.59,-26.54
2005-05-16,1165.69,1179.85803278689,-14.1680327868851
2005-05-17,1173.8,1179.4162295082,-5.61622950819674
2005-05-18,1185.56,1179.15344262295,6.40655737704924
2005-05-19,1191.08,1179.2668852459,11.8131147540983
2005-05-20,1189.28,1179.24196721311,10.0380327868852
2005-05-23,1193.86,1179.13803278689,14.7219672131146
2005-05-24,1194.07,1178.85442622951,15.2155737704918
2005-05-25,1190.01,1178.63163934426,11.3783606557377
2005-05-26,1197.62,1178.42196721311,19.198032786885
2005-05-27,1198.78,1178.23672131148,20.5432786885247
2005-05-31,1191.5,1177.92573770492,13.574262295082
2005-06-01,1202.27,1177.60032786885,24.6696721311475
2005-06-02,1204.29,1177.25573770492,27.034262295082
2005-06-03,1196.02,1176.87196721311,19.1480327868853
2005-06-06,1197.51,1176.7162295082,20.7937704918033
2005-06-07,1197.26,1176.51967213115,20.7403278688525
2005-06-08,1194.67,1176.43098360656,18.2390163934426
2005-06-09,1200.93,1176.33426229508,24.5957377049181
2005-06-10,1198.11,1176.34016393443,21.7698360655736
2005-06-13,1200.82,1176.54918032787,24.270819672131
2005-06-14,1203.91,1176.7737704918,27.1362295081967
2005-06-15,1206.58,1177.05131147541,29.52868852459
2005-06-16,1210.96,1177.4968852459,33.4631147540983
2005-06-17,1216.96,1178.23868852459,38.72131147541
2005-06-20,1216.1,1178.95295081967,37.1470491803277
2005-06-21,1213.61,1179.64459016393,33.9654098360654
2005-06-22,1213.88,1180.2937704918,33.5862295081968
2005-06-23,1200.73,1180.87360655738,19.8563934426229
2005-06-24,1191.57,1181.04016393443,10.5298360655738
2005-06-27,1190.69,1181.20573770492,9.48426229508209
2005-06-28,1201.57,1181.67540983607,19.8945901639345
2005-06-29,1199.85,1182.06442622951,17.7855737704917
2005-06-30,1191.33,1182.22737704918,9.10262295081952
2005-07-01,1194.44,1182.39737704918,12.0426229508198
2005-07-05,1204.99,1182.62442622951,22.3655737704919
2005-07-06,1194.94,1182.84967213115,12.0903278688525
2005-07-07,1197.87,1183.12278688525,14.747213114754
2005-07-08,1211.86,1183.51786885246,28.3421311475408
2005-07-11,1219.44,1184.2662295082,35.1737704918035
2005-07-12,1222.21,1185.25245901639,36.9575409836066
2005-07-13,1223.29,1186.57491803279,36.7150819672131
2005-07-14,1226.5,1187.89491803279,38.6050819672132
2005-07-15,1227.92,1189.12672131148,38.7932786885247
2005-07-18,1221.13,1190.49770491803,30.6322950819674
2005-07-19,1229.35,1191.63540983607,37.7145901639344
2005-07-20,1235.2,1192.99737704918,42.2026229508197
2005-07-21,1227.04,1194.06196721311,32.9780327868853
2005-07-22,1233.68,1195.40524590164,38.2747540983607
2005-07-25,1229.03,1196.5962295082,32.4337704918032
2005-07-26,1231.16,1198.03786885246,33.122131147541
2005-07-27,1236.79,1199.34836065574,37.4416393442623
2005-07-28,1243.72,1200.68540983607,43.0345901639344
2005-07-29,1234.18,1201.88229508197,32.2977049180329
2005-08-01,1235.35,1202.86098360656,32.4890163934426
2005-08-02,1244.12,1204.03295081967,40.0870491803278
2005-08-03,1245.04,1205.24098360656,39.7990163934426
2005-08-04,1235.86,1206.17573770492,29.6842622950819
2005-08-05,1226.42,1207.16262295082,19.2573770491804
2005-08-08,1223.13,1208.01540983607,15.1145901639345
2005-08-09,1231.38,1209.19606557377,22.1839344262296
2005-08-10,1229.13,1210.4268852459,18.7031147540986
2005-08-11,1237.81,1211.60918032787,26.200819672131
2005-08-12,1230.39,1212.5368852459,17.8531147540984
2005-08-15,1233.87,1213.32885245902,20.5411475409835
2005-08-16,1219.34,1213.79213114754,5.54786885245903
2005-08-17,1220.24,1214.29967213115,5.94032786885236
2005-08-18,1219.02,1214.71213114754,4.30786885245902
2005-08-19,1219.71,1215.13245901639,4.5775409836067
2005-08-22,1221.73,1215.65245901639,6.07754098360647
2005-08-23,1217.57,1215.97950819672,1.59049180327861
2005-08-24,1209.59,1216.15672131148,-6.56672131147548
2005-08-25,1212.4,1216.4993442623,-4.09934426229506
2005-08-26,1205.1,1216.54573770492,-11.4457377049182
2005-08-29,1212.28,1216.67672131148,-4.3967213114754
2005-08-30,1208.41,1216.87983606557,-8.46983606557365
2005-08-31,1220.33,1217.25393442623,3.07606557377039
2005-09-01,1221.59,1217.65278688525,3.93721311475406
2005-09-02,1218.02,1218.03557377049,-0.0155737704917556
2005-09-06,1233.39,1218.56770491803,14.8222950819672
2005-09-07,1236.36,1219.19475409836,17.1652459016393
2005-09-08,1231.67,1219.70049180328,11.9695081967213
2005-09-09,1241.48,1220.31639344262,21.1636065573771
2005-09-12,1240.56,1220.87344262295,19.6865573770492
2005-09-13,1231.2,1221.20524590164,9.99475409836077
2005-09-14,1227.16,1221.37245901639,5.78754098360673
2005-09-15,1227.73,1221.5631147541,6.16688524590177
2005-09-16,1237.91,1221.96147540984,15.948524590164
2005-09-19,1231.02,1222.24245901639,8.77754098360651
2005-09-20,1221.34,1222.58032786885,-1.24032786885255
2005-09-21,1210.2,1222.88573770492,-12.685737704918
2005-09-22,1214.62,1223.27803278689,-8.65803278688531
2005-09-23,1215.29,1223.50295081967,-8.21295081967219
2005-09-26,1215.63,1223.76163934426,-8.13163934426211
2005-09-27,1215.66,1224.16049180328,-8.50049180327869
2005-09-28,1216.89,1224.52852459016,-7.6385245901638
2005-09-29,1227.68,1224.90049180328,2.77950819672128
2005-09-30,1228.81,1225.45573770492,3.35426229508198
2005-10-03,1226.7,1225.92836065574,0.771639344262439
2005-10-04,1214.47,1225.97114754098,-11.5011475409835
2005-10-05,1196.39,1225.59327868852,-29.2032786885245
2005-10-06,1191.49,1225.08967213115,-33.5996721311476
2005-10-07,1195.9,1224.6406557377,-28.7406557377049
2005-10-10,1187.33,1223.99852459016,-36.668524590164
2005-10-11,1184.87,1223.29278688525,-38.4227868852461
2005-10-12,1177.68,1222.58049180328,-44.9004918032786
2005-10-13,1176.84,1221.71967213115,-44.8796721311476
2005-10-14,1186.57,1220.92245901639,-34.3524590163936
2005-10-17,1190.1,1220.3168852459,-30.2168852459017
2005-10-18,1178.14,1219.40639344262,-41.2663934426228
2005-10-19,1195.76,1218.86098360656,-23.1009836065573
2005-10-20,1177.8,1217.9862295082,-40.1862295081967
2005-10-21,1179.59,1217.04852459016,-37.458524590164
2005-10-24,1199.38,1216.32163934426,-16.9416393442623
2005-10-25,1196.54,1215.70459016393,-19.1645901639345
2005-10-26,1191.38,1214.9837704918,-23.6037704918031
2005-10-27,1178.9,1213.91459016393,-35.0145901639344
2005-10-28,1198.41,1213.15016393443,-14.7401639344262
2005-10-31,1207.01,1212.67721311475,-5.66721311475408
2005-11-01,1202.76,1212.2893442623,-9.52934426229513
2005-11-02,1214.76,1212.15213114754,2.60786885245898
2005-11-03,1219.94,1211.96459016393,7.97540983606564
2005-11-04,1220.14,1211.81721311475,8.32278688524593
2005-11-07,1222.81,1211.57131147541,11.2386885245901
2005-11-08,1218.59,1211.37786885246,7.21213114754096
2005-11-09,1220.65,1211.16114754098,9.48885245901647
2005-11-10,1230.96,1211.35163934426,19.6083606557377
2005-11-11,1234.72,1211.58901639344,23.1309836065575
2005-11-14,1233.76,1211.8306557377,21.929344262295
2005-11-15,1229.01,1211.9831147541,17.0268852459017
2005-11-16,1231.21,1212.13852459016,19.071475409836
2005-11-17,1242.8,1212.55213114754,30.2478688524589
2005-11-18,1248.27,1213.1862295082,35.0837704918033
2005-11-21,1254.85,1213.88213114754,40.9678688524589
2005-11-22,1261.23,1214.80229508197,46.4277049180328
2005-11-23,1265.61,1215.67655737705,49.9334426229507
2005-11-25,1268.25,1216.65754098361,51.5924590163934
2005-11-28,1257.46,1217.2662295082,40.1937704918032
2005-11-29,1257.48,1217.85459016393,39.6254098360655
2005-11-30,1249.48,1218.37032786885,31.1096721311476
2005-12-01,1264.67,1218.8831147541,45.7868852459017
2005-12-02,1265.08,1219.35393442623,45.7260655737705
2005-12-05,1262.09,1219.85262295082,42.2373770491802
2005-12-06,1263.7,1220.2168852459,43.4831147540983
2005-12-07,1257.37,1220.49245901639,36.8775409836064
2005-12-08,1255.84,1220.89639344262,34.943606557377
2005-12-09,1259.37,1221.42442622951,37.9455737704916
2005-12-12,1260.43,1221.96049180328,38.4695081967213
2005-12-13,1267.43,1222.44442622951,44.9855737704918
2005-12-14,1272.74,1223.12836065574,49.6116393442624
2005-12-15,1270.94,1223.94147540984,46.9985245901639
2005-12-16,1267.32,1224.87786885246,42.442131147541
2005-12-19,1259.92,1225.62049180328,34.2995081967215
2005-12-20,1259.62,1226.34721311475,33.2727868852458
2005-12-21,1262.79,1227.12032786885,35.6696721311475
2005-12-22,1268.12,1227.98032786885,40.1396721311473
2005-12-23,1268.66,1228.82901639344,39.8309836065575
2005-12-27,1256.54,1229.30213114754,27.2378688524591
2005-12-28,1258.17,1229.78344262295,28.3865573770493
2005-12-29,1254.42,1230.23786885246,24.182131147541
2005-12-30,1248.29,1230.79229508197,17.4977049180327
2006-01-03,1268.8,1231.9793442623,36.8206557377048
2006-01-04,1273.46,1233.3231147541,40.1368852459016
2006-01-05,1273.48,1234.59491803279,38.8850819672132
2006-01-06,1285.45,1236.20344262295,49.2465573770492
2006-01-09,1290.15,1237.9293442623,52.2206557377051
2006-01-10,1289.69,1239.76557377049,49.9244262295083
2006-01-11,1294.18,1241.68918032787,52.4908196721312
2006-01-12,1286.06,1243.32016393443,42.7398360655736
2006-01-13,1287.61,1244.91868852459,42.6913114754097
2006-01-17,1282.93,1246.63655737705,36.2934426229508
2006-01-18,1277.93,1247.98360655738,29.946393442623
2006-01-19,1285.04,1249.74163934426,35.2983606557377
2006-01-20,1261.49,1251.08426229508,10.405737704918
2006-01-23,1263.82,1252.1406557377,11.679344262295
2006-01-24,1266.86,1253.29344262295,13.5665573770491
2006-01-25,1264.68,1254.49508196721,10.184918032787
2006-01-26,1273.83,1256.05131147541,17.7786885245901
2006-01-27,1283.72,1257.44983606557,26.2701639344264
2006-01-30,1285.2,1258.73163934426,26.4683606557378
2006-01-31,1280.08,1259.99918032787,20.0808196721312
2006-02-01,1282.46,1261.10901639344,21.3509836065575
2006-02-02,1270.84,1261.94344262295,8.89655737704902
2006-02-03,1264.03,1262.66295081967,1.36704918032774
2006-02-06,1265.02,1263.35491803279,1.66508196721315
2006-02-07,1254.78,1263.94819672131,-9.16819672131146
2006-02-08,1265.65,1264.68590163934,0.964098360655726
2006-02-09,1263.78,1265.22393442623,-1.44393442622959
2006-02-10,1266.99,1265.75295081967,1.23704918032786
2006-02-13,1262.86,1266.23,-3.37000000000012
2006-02-14,1275.53,1266.99262295082,8.53737704918035
2006-02-15,1280,1267.79245901639,12.2075409836066
2006-02-16,1289.38,1268.55606557377,20.8239344262297
2006-02-17,1287.24,1269.19491803279,18.045081967213
2006-02-21,1283.03,1269.6568852459,13.3731147540984
2006-02-22,1292.67,1270.17229508197,22.4977049180329
2006-02-23,1287.79,1270.53590163934,17.2540983606557
2006-02-24,1289.43,1270.8831147541,18.5468852459016
2006-02-27,1294.12,1271.48409836066,22.6359016393442
2006-02-28,1280.66,1271.86409836066,8.79590163934427
2006-03-01,1291.24,1272.54868852459,18.6913114754097
2006-03-02,1289.14,1272.94983606557,16.1901639344264
2006-03-03,1287.23,1273.31295081967,13.9170491803279
2006-03-06,1278.26,1273.57803278689,4.68196721311483
2006-03-07,1275.88,1273.77770491803,2.10229508196721
2006-03-08,1278.47,1274.12360655738,4.34639344262291
2006-03-09,1272.23,1274.39229508197,-2.16229508196716
2006-03-10,1281.58,1274.75639344262,6.82360655737693
2006-03-13,1284.13,1275.14491803279,8.98508196721332
2006-03-14,1297.48,1275.63754098361,21.8424590163934
2006-03-15,1303.02,1276.13393442623,26.8860655737706
2006-03-16,1305.33,1276.69770491803,28.6322950819672
2006-03-17,1307.25,1277.35229508197,29.8977049180328
2006-03-20,1305.08,1278.09262295082,26.9873770491802
2006-03-21,1297.23,1278.70918032787,18.5208196721312
2006-03-22,1305.04,1279.40180327869,25.6381967213115
2006-03-23,1301.67,1279.95180327869,21.7181967213116
2006-03-24,1302.95,1280.51393442623,22.4360655737705
2006-03-27,1301.61,1281.25278688525,20.3572131147539
2006-03-28,1293.23,1281.82754098361,11.4024590163935
2006-03-29,1302.89,1282.62213114754,20.2678688524591
2006-03-30,1300.25,1283.47393442623,16.7760655737704
2006-03-31,1294.83,1283.9006557377,10.929344262295
2006-04-03,1297.81,1284.29983606557,13.5101639344261
2006-04-04,1305.93,1284.83180327869,21.0981967213115
2006-04-05,1311.56,1285.25983606557,26.3001639344261
2006-04-06,1309.04,1285.56950819672,23.4704918032787
2006-04-07,1295.5,1285.66475409836,9.83524590163938
2006-04-10,1296.6,1285.70442622951,10.8955737704916
2006-04-11,1286.57,1285.71278688525,0.857213114754131
2006-04-12,1288.12,1285.72114754098,2.39885245901633
2006-04-13,1289.12,1285.82262295082,3.29737704918011
2006-04-17,1285.33,1285.94393442623,-0.613934426229662
2006-04-18,1307.65,1286.31459016393,21.3354098360658
2006-04-19,1309.93,1287.10868852459,22.8213114754099
2006-04-20,1311.46,1287.88967213115,23.5703278688525
2006-04-21,1311.28,1288.61786885246,22.662131147541
2006-04-24,1308.11,1289.32983606557,18.7801639344261
2006-04-25,1301.74,1289.78737704918,11.9526229508197
2006-04-26,1305.41,1290.14295081967,15.2670491803281
2006-04-27,1309.72,1290.54491803279,19.1750819672131
2006-04-28,1310.61,1291.04540983607,19.5645901639343
2006-05-01,1305.19,1291.41803278689,13.7719672131147
2006-05-02,1313.21,1292.11262295082,21.0973770491803
2006-05-03,1307.85,1292.83098360656,15.0190163934426
2006-05-04,1312.25,1293.60524590164,18.6447540983606
2006-05-05,1325.76,1294.76885245902,30.9911475409835
2006-05-08,1324.66,1295.7362295082,28.9237704918035
2006-05-09,1325.14,1296.74213114754,28.3978688524592
2006-05-10,1322.85,1297.65786885246,25.192131147541
2006-05-11,1305.92,1298.3637704918,7.55622950819679
2006-05-12,1291.24,1298.62131147541,-7.3813114754098
2006-05-15,1294.5,1298.85901639344,-4.35901639344252
2006-05-16,1292.08,1298.90327868852,-6.82327868852462
2006-05-17,1270.32,1298.62590163934,-28.3059016393443
2006-05-18,1261.81,1298.27803278689,-36.4680327868853
2006-05-19,1267.03,1297.85770491803,-30.8277049180329
2006-05-22,1262.07,1297.43606557377,-35.3660655737706
2006-05-23,1256.58,1296.89754098361,-40.3175409836067
2006-05-24,1258.57,1296.31475409836,-37.7447540983608
2006-05-25,1272.88,1296.18721311475,-23.307213114754
2006-05-26,1280.16,1296.00557377049,-15.8455737704917
2006-05-30,1259.84,1295.52524590164,-35.6852459016395
2006-05-31,1270.09,1295.24426229508,-25.1542622950819
2006-06-01,1285.71,1295.36639344262,-9.65639344262286
2006-06-02,1288.22,1295.56868852459,-7.34868852459022
2006-06-05,1265.29,1295.35262295082,-30.0626229508198
2006-06-06,1263.85,1295.21524590164,-31.3652459016394
2006-06-07,1256.15,1294.79836065574,-38.6483606557376
2006-06-08,1257.93,1294.36885245902,-36.4388524590163
2006-06-09,1252.3,1293.62819672131,-41.3281967213115
2006-06-12,1236.4,1292.53606557377,-56.1360655737703
2006-06-13,1223.69,1291.19770491803,-67.5077049180327
2006-06-14,1230.04,1289.93196721311,-59.8919672131149
2006-06-15,1256.16,1289.13,-32.9699999999998
2006-06-16,1251.54,1288.38098360656,-36.8409836065573
2006-06-19,1240.14,1287.31704918033,-47.1770491803277
2006-06-20,1240.12,1286.30803278689,-46.1880327868853
2006-06-21,1252.2,1285.47606557377,-33.2760655737704
2006-06-22,1245.6,1284.55786885246,-38.9578688524591
2006-06-23,1244.5,1283.75901639344,-39.2590163934426
2006-06-26,1250.56,1282.90114754098,-32.3411475409837
2006-06-27,1239.2,1281.90032786885,-42.7003278688524
2006-06-28,1246,1281.09983606557,-35.0998360655738
2006-06-29,1272.87,1280.69098360656,-7.82098360655755
2006-06-30,1270.2,1280.10524590164,-9.90524590163932
2006-07-03,1280.19,1279.59098360656,0.599016393442753
2006-07-05,1270.91,1278.96590163934,-8.05590163934426
2006-07-06,1274.08,1278.61475409836,-4.53475409836074
2006-07-07,1265.48,1278.10459016393,-12.6245901639345
2006-07-10,1267.34,1277.7893442623,-10.4493442622952
2006-07-11,1272.52,1277.53360655738,-5.01360655737699
2006-07-12,1258.6,1277.03327868852,-18.4332786885248
2006-07-13,1242.29,1276.32770491803,-34.0377049180329
2006-07-14,1236.2,1275.15639344262,-38.9563934426228
2006-07-17,1234.49,1273.91967213115,-39.4296721311475
2006-07-18,1236.86,1272.69672131148,-35.8367213114755
2006-07-19,1259.81,1271.85295081967,-12.0429508196721
2006-07-20,1249.13,1270.88606557377,-21.7560655737705
2006-07-21,1240.29,1269.87868852459,-29.5886885245902
2006-07-24,1260.91,1269.14918032787,-8.23918032786878
2006-07-25,1268.88,1268.47967213115,0.400327868852628
2006-07-26,1268.4,1267.78770491803,0.612295081967204
2006-07-27,1263.2,1267.0993442623,-3.89934426229502
2006-07-28,1278.55,1266.53114754098,12.0188524590164
2006-07-31,1276.66,1266.01983606557,10.6401639344263
2006-08-01,1270.92,1265.34229508197,5.57770491803285
2006-08-02,1278.55,1264.56836065574,13.9816393442622
2006-08-03,1280.27,1263.8406557377,16.429344262295
2006-08-04,1279.36,1263.09016393443,16.2698360655736
2006-08-07,1275.77,1262.31836065574,13.4516393442623
2006-08-08,1271.48,1261.7537704918,9.72622950819664
2006-08-09,1265.95,1261.33918032787,4.61081967213113
2006-08-10,1271.81,1260.96721311475,10.8427868852459
2006-08-11,1266.74,1260.55180327869,6.18819672131144
2006-08-14,1268.21,1260.51721311475,7.69278688524605
2006-08-15,1285.58,1260.9068852459,24.6731147540984
2006-08-16,1295.43,1261.37245901639,34.0575409836067
2006-08-17,1297.48,1261.95295081967,35.5270491803278
2006-08-18,1302.3,1262.70245901639,39.5975409836065
2006-08-21,1297.52,1263.34098360656,34.1790163934427
2006-08-22,1298.82,1263.7662295082,35.0537704918031
2006-08-23,1292.99,1263.97655737705,29.0134426229508
2006-08-24,1296.06,1264.57032786885,31.4896721311475
2006-08-25,1295.09,1264.98016393443,30.1098360655737
2006-08-28,1301.78,1265.24360655738,36.536393442623
2006-08-29,1304.28,1265.5068852459,38.7731147540983
2006-08-30,1304.27,1266.14590163934,38.1240983606558
2006-08-31,1303.82,1266.80114754098,37.0188524590164
2006-09-01,1311.01,1267.70049180328,43.3095081967213
2006-09-05,1313.25,1268.60737704918,44.6426229508197
2006-09-06,1300.26,1269.39360655738,30.8663934426229
2006-09-07,1294.02,1270.33819672131,23.6818032786884
2006-09-08,1298.92,1271.57147540984,27.3485245901641
2006-09-11,1299.54,1272.71081967213,26.8291803278689
2006-09-12,1313.11,1273.64442622951,39.4655737704918
2006-09-13,1318.07,1274.73508196721,43.3349180327868
2006-09-14,1316.28,1275.98327868852,40.2967213114755
2006-09-15,1319.87,1277.2906557377,42.5793442622951
2006-09-18,1321.18,1278.42147540984,42.7585245901639
2006-09-19,1318.31,1279.61344262295,38.6965573770492
2006-09-20,1325.18,1280.93606557377,44.2439344262295
2006-09-21,1318.03,1282.04213114754,35.9878688524591
2006-09-22,1314.78,1283.28114754098,31.4988524590165
2006-09-25,1326.37,1284.59868852459,41.7713114754097
2006-09-26,1336.34,1285.63918032787,50.700819672131
2006-09-27,1336.59,1286.72754098361,49.8624590163934
2006-09-28,1339.15,1287.69409836066,51.4559016393443
2006-09-29,1335.85,1288.75868852459,47.0913114754098
2006-10-02,1331.32,1289.69704918033,41.622950819672
2006-10-03,1334.11,1290.82213114754,43.287868852459
2006-10-04,1350.22,1292.18081967213,58.039180327869
2006-10-05,1353.22,1293.5037704918,59.7162295081969
2006-10-06,1349.58,1294.99524590164,54.5847540983607
2006-10-09,1350.66,1296.77180327869,53.8881967213115
2006-10-10,1353.42,1298.69344262295,54.7265573770492
2006-10-11,1349.95,1300.5862295082,49.3637704918033
2006-10-12,1362.83,1302.65131147541,60.1786885245901
2006-10-13,1365.62,1304.38590163934,61.2340983606557
2006-10-16,1369.05,1306.35180327869,62.6981967213114
2006-10-17,1364.05,1308.3806557377,55.669344262295
2006-10-18,1365.96,1310.10278688525,55.8572131147541
2006-10-19,1366.96,1311.7106557377,55.2493442622952
2006-10-20,1368.6,1313.35327868852,55.2467213114753
2006-10-23,1377.02,1315.21918032787,61.8008196721312
2006-10-24,1377.38,1316.8393442623,60.540655737705
2006-10-25,1382.22,1318.56983606557,63.6501639344262
2006-10-26,1389.08,1320.5068852459,68.5731147540982
2006-10-27,1377.34,1322.12639344262,55.213606557377
2006-10-30,1377.93,1323.72737704918,54.2026229508197
2006-10-31,1377.94,1325.34344262295,52.5965573770493
2006-11-01,1367.81,1326.85229508197,40.9577049180327
2006-11-02,1367.34,1328.4237704918,38.9162295081967
2006-11-03,1364.3,1330.03606557377,34.2639344262295
2006-11-06,1379.78,1331.80606557377,47.9739344262296
2006-11-07,1382.84,1333.7093442623,49.130655737705
2006-11-08,1385.72,1335.63573770492,50.084262295082
2006-11-09,1378.33,1337.1562295082,41.1737704918032
2006-11-10,1380.9,1338.55737704918,42.3426229508198
2006-11-13,1384.42,1339.98262295082,44.4373770491804
2006-11-14,1393.22,1341.4731147541,51.7468852459017
2006-11-15,1396.57,1343.0968852459,53.4731147540983
2006-11-16,1399.76,1344.75163934426,55.0083606557378
2006-11-17,1401.2,1346.52557377049,54.6744262295083
2006-11-20,1400.5,1348.23770491803,52.2622950819673
2006-11-21,1402.81,1350.00360655738,52.806393442623
2006-11-22,1406.09,1351.71360655738,54.3763934426229
2006-11-24,1400.95,1353.29836065574,47.6516393442623
2006-11-27,1381.9,1354.57098360656,27.3290163934428
2006-11-28,1386.72,1355.93,30.79
2006-11-29,1399.48,1357.38032786885,42.0996721311476
2006-11-30,1400.63,1358.81278688525,41.8172131147542
2006-12-01,1396.71,1360.39393442623,36.3160655737706
2006-12-04,1409.12,1362.28081967213,46.8391803278687
2006-12-05,1414.76,1364.17983606557,50.5801639344263
2006-12-06,1412.9,1366.03819672131,46.8618032786887
2006-12-07,1407.29,1367.58213114754,39.7078688524589
2006-12-08,1409.84,1369.08655737705,40.7534426229508
2006-12-11,1413.04,1370.67278688525,42.3672131147541
2006-12-12,1411.56,1372.17590163934,39.3840983606558
2006-12-13,1413.21,1373.68459016393,39.5254098360656
2006-12-14,1425.49,1375.44163934426,50.0483606557377
2006-12-15,1427.09,1377.11229508197,49.9777049180327
2006-12-18,1422.48,1378.82459016393,43.6554098360657
2006-12-19,1425.55,1380.64049180328,44.9095081967214
2006-12-20,1423.53,1382.23327868852,41.2967213114755
2006-12-21,1418.3,1383.5768852459,34.7231147540983
2006-12-22,1410.76,1384.79278688525,25.967213114754
2006-12-26,1416.9,1386.06737704918,30.8326229508198
2006-12-27,1426.84,1387.55901639344,39.2809836065574
2006-12-28,1424.73,1389.09032786885,35.6396721311476
2006-12-29,1418.3,1390.47049180328,27.8295081967212
2007-01-03,1416.6,1391.55868852459,25.0413114754097
2007-01-04,1418.34,1392.6262295082,25.7137704918032
2007-01-05,1409.71,1393.61196721311,16.0980327868854
2007-01-08,1412.84,1394.63131147541,18.2086885245901
2007-01-09,1412.11,1395.59344262295,16.5165573770491
2007-01-10,1414.85,1396.65737704918,18.1926229508197
2007-01-11,1423.82,1397.65721311475,26.1627868852459
2007-01-12,1430.73,1398.72459016393,32.0054098360656
2007-01-16,1431.9,1399.75491803279,32.1450819672132
2007-01-17,1430.62,1400.8462295082,29.7737704918031
2007-01-18,1426.37,1401.83655737705,24.5334426229508
2007-01-19,1430.5,1402.87819672131,27.6218032786885
2007-01-22,1422.95,1403.76918032787,19.1808196721313
2007-01-23,1427.99,1404.60475409836,23.3852459016393
2007-01-24,1440.13,1405.63344262295,34.4965573770494
2007-01-25,1423.9,1406.31672131148,17.5832786885246
2007-01-26,1422.18,1406.8593442623,15.320655737705
2007-01-29,1420.62,1407.56885245902,13.0511475409835
2007-01-30,1428.82,1408.4031147541,20.4168852459015
2007-01-31,1438.24,1409.39163934426,28.8483606557377
2007-02-01,1445.94,1410.67245901639,35.2675409836065
2007-02-02,1448.39,1412.00114754098,36.3888524590166
2007-02-05,1446.99,1413.35672131148,33.6332786885246
2007-02-06,1448,1414.47508196721,33.5249180327869
2007-02-07,1450.02,1415.57639344262,34.443606557377
2007-02-08,1448.31,1416.60245901639,31.7075409836066
2007-02-09,1438.06,1417.58163934426,20.4783606557376
2007-02-12,1433.37,1418.44180327869,14.9281967213115
2007-02-13,1444.26,1419.42278688525,24.8372131147541
2007-02-14,1455.3,1420.44049180328,34.8595081967212
2007-02-15,1456.81,1421.42803278689,35.3819672131146
2007-02-16,1455.54,1422.34245901639,33.1975409836066
2007-02-20,1459.68,1423.30114754098,36.3788524590166
2007-02-21,1457.63,1424.23770491803,33.3922950819674
2007-02-22,1456.38,1425.11590163934,31.2640983606559
2007-02-23,1451.19,1425.85524590164,25.3347540983607
2007-02-26,1449.37,1426.64901639344,22.7209836065572
2007-02-27,1399.04,1426.93,-27.8900000000001
2007-02-28,1406.82,1427.25950819672,-20.4395081967214
2007-03-01,1403.17,1427.32,-24.1499999999999
2007-03-02,1387.17,1427.0993442623,-39.929344262295
2007-03-05,1374.12,1426.72901639344,-52.6090163934427
2007-03-06,1395.41,1426.50426229508,-31.0942622950818
2007-03-07,1391.97,1426.1306557377,-34.1606557377049
2007-03-08,1401.89,1425.95016393443,-24.0601639344261
2007-03-09,1402.85,1425.87737704918,-23.0273770491804
2007-03-12,1406.6,1425.82426229508,-19.2242622950821
2007-03-13,1377.95,1425.24901639344,-47.2990163934426
2007-03-14,1387.17,1424.84918032787,-37.6791803278688
2007-03-15,1392.28,1424.50606557377,-32.2260655737705
2007-03-16,1386.95,1423.87426229508,-36.9242622950819
2007-03-19,1402.06,1423.46393442623,-21.4039344262296
2007-03-20,1410.94,1423.27475409836,-12.3347540983607
2007-03-21,1435.04,1423.43032786885,11.6096721311476
2007-03-22,1434.54,1423.61081967213,10.9291803278688
2007-03-23,1436.11,1423.90278688525,12.207213114754
2007-03-26,1437.5,1424.34114754098,13.1588524590163
2007-03-27,1428.61,1424.5331147541,4.07688524590162
2007-03-28,1417.23,1424.37557377049,-7.14557377049186
2007-03-29,1422.53,1424.33950819672,-1.80950819672125
2007-03-30,1420.86,1424.38147540984,-3.52147540983606
2007-04-02,1424.55,1424.51180327869,0.0381967213113512
2007-04-03,1437.77,1424.83032786885,12.9396721311475
2007-04-04,1439.37,1425.31655737705,14.0534426229508
2007-04-05,1443.76,1425.82344262295,17.9365573770492
2007-04-06,1443.76,1426.34229508197,17.4177049180328
2007-04-09,1444.61,1426.83016393443,17.7798360655736
2007-04-10,1448.39,1427.23295081967,21.1570491803279
2007-04-11,1438.87,1427.36639344262,11.503606557377
2007-04-12,1447.8,1427.62704918033,20.172950819672
2007-04-13,1452.85,1427.99147540984,24.8585245901638
2007-04-16,1468.47,1428.68163934426,39.7883606557377
2007-04-17,1471.48,1429.35344262295,42.1265573770493
2007-04-18,1472.5,1430.16573770492,42.334262295082
2007-04-19,1470.73,1430.86639344262,39.8636065573771
2007-04-20,1484.35,1431.59131147541,52.7586885245901
2007-04-23,1480.93,1432.5262295082,48.4037704918032
2007-04-24,1480.41,1433.48081967213,46.9291803278688
2007-04-25,1495.42,1434.70704918033,60.7129508196722
2007-04-26,1494.25,1435.77967213115,58.4703278688526
2007-04-27,1494.07,1436.69491803279,57.375081967213
2007-04-30,1482.37,1437.29213114754,45.077868852459
2007-05-01,1486.3,1437.91360655738,48.3863934426229
2007-05-02,1495.92,1438.71573770492,57.2042622950821
2007-05-03,1502.39,1439.60737704918,62.7826229508198
2007-05-04,1505.62,1440.51885245902,65.1011475409834
2007-05-07,1509.48,1441.52163934426,67.9583606557378
2007-05-08,1507.72,1442.66360655738,65.056393442623
2007-05-09,1512.58,1443.96213114754,68.617868852459
2007-05-10,1491.47,1444.73606557377,46.7339344262296
2007-05-11,1505.85,1445.56475409836,60.2852459016392
2007-05-14,1503.15,1446.32442622951,56.8255737704919
2007-05-15,1501.19,1447.07278688525,54.1172131147541
2007-05-16,1514.14,1447.96557377049,66.1744262295083
2007-05-17,1512.75,1448.86918032787,63.8808196721311
2007-05-18,1522.75,1449.95721311475,72.792786885246
2007-05-21,1525.1,1451.16885245902,73.9311475409836
2007-05-22,1524.12,1452.39426229508,71.725737704918
2007-05-23,1522.28,1454.41459016393,67.8654098360655
2007-05-24,1507.51,1456.06524590164,51.4447540983606
2007-05-25,1515.73,1457.91049180328,57.8195081967212
2007-05-29,1518.11,1460.05704918033,58.0529508196721
2007-05-30,1530.23,1462.6162295082,67.6137704918033
2007-05-31,1530.62,1464.83278688525,65.787213114754
2007-06-01,1536.34,1467.19950819672,69.1404918032786
2007-06-04,1539.18,1469.45016393443,69.7298360655739
2007-06-05,1530.95,1471.55016393443,59.3998360655739
2007-06-06,1517.38,1473.3662295082,44.0137704918034
2007-06-07,1490.72,1475.21491803279,15.5050819672131
2007-06-08,1507.67,1477.19032786885,30.4796721311477
2007-06-11,1509.12,1479.10573770492,30.0142622950818
2007-06-12,1493,1480.84426229508,12.155737704918
2007-06-13,1515.67,1482.70672131148,32.9632786885247
2007-06-14,1522.97,1484.54327868852,38.4267213114754
2007-06-15,1532.91,1486.14770491803,46.7622950819673
2007-06-18,1531.05,1487.72983606557,43.3201639344261
2007-06-19,1533.7,1489.32967213115,44.3703278688524
2007-06-20,1512.84,1490.56475409836,22.2752459016392
2007-06-21,1522.19,1492.09885245902,30.0911475409837
2007-06-22,1502.56,1493.49770491803,9.06229508196725
2007-06-25,1497.74,1494.7306557377,3.00934426229514
2007-06-26,1492.89,1495.91147540984,-3.02147540983606
2007-06-27,1506.34,1497.25229508197,9.08770491803261
2007-06-28,1505.71,1498.36606557377,7.34393442622945
2007-06-29,1503.35,1499.41491803279,3.93508196721314
2007-07-02,1519.43,1500.65540983607,18.7745901639346
2007-07-03,1524.87,1501.98508196721,22.8849180327868
2007-07-05,1525.4,1503.30950819672,22.0904918032788
2007-07-06,1530.44,1504.65459016393,25.7854098360656
2007-07-09,1531.85,1506.17885245902,25.6711475409836
2007-07-10,1510.12,1507.20049180328,2.91950819672115
2007-07-11,1518.76,1508.28098360656,10.4790163934426
2007-07-12,1547.7,1509.57983606557,38.1201639344263
2007-07-13,1552.5,1510.90803278689,41.5919672131147
2007-07-16,1549.52,1512.1706557377,37.3493442622951
2007-07-17,1549.37,1513.45983606557,35.9101639344262
2007-07-18,1546.17,1514.47327868852,31.6967213114756
2007-07-19,1553.08,1515.65606557377,37.4239344262294
2007-07-20,1534.1,1516.5362295082,17.5637704918031
2007-07-23,1541.57,1517.29278688525,24.277213114754
2007-07-24,1511.04,1517.56803278689,-6.5280327868852
2007-07-25,1518.09,1517.96180327869,0.128196721311497
2007-07-26,1482.66,1517.96655737705,-35.3065573770491
2007-07-27,1458.95,1517.51819672131,-58.5681967213113
2007-07-30,1473.91,1517.15737704918,-43.2473770491802
2007-07-31,1455.27,1516.38491803279,-61.1149180327868
2007-08-01,1465.81,1515.73229508197,-49.9222950819671
2007-08-02,1472.2,1515.12114754098,-42.9211475409836
2007-08-03,1433.06,1513.89721311475,-80.8372131147541
2007-08-06,1467.67,1513.16098360656,-45.4909836065574
2007-08-07,1476.71,1512.91901639344,-36.2090163934427
2007-08-08,1497.49,1512.78196721311,-15.2919672131147
2007-08-09,1453.09,1511.96131147541,-58.8713114754098
2007-08-10,1453.64,1511.18180327869,-57.5418032786883
2007-08-13,1452.92,1510.17819672131,-57.2581967213114
2007-08-14,1426.54,1508.76491803279,-82.224918032787
2007-08-15,1406.7,1506.86245901639,-100.162459016393
2007-08-16,1411.27,1504.99639344262,-93.726393442623
2007-08-17,1445.94,1503.71475409836,-57.7747540983605
2007-08-20,1445.55,1502.4568852459,-56.9068852459018
2007-08-21,1447.12,1501.4668852459,-54.3468852459018
2007-08-22,1464.07,1500.62,-36.55
2007-08-23,1462.5,1499.70836065574,-37.2083606557378
2007-08-24,1479.37,1498.87459016393,-19.5045901639346
2007-08-27,1466.79,1497.82819672131,-31.0381967213116
2007-08-28,1432.36,1496.12360655738,-63.7636065573772
2007-08-29,1463.76,1494.88721311475,-31.1272131147541
2007-08-30,1457.64,1493.68540983607,-36.0454098360656
2007-08-31,1473.99,1492.97409836066,-18.9840983606557
2007-09-04,1489.42,1492.95278688525,-3.53278688524574
2007-09-05,1472.29,1492.37278688525,-20.0827868852459
2007-09-06,1478.55,1491.87163934426,-13.3216393442624
2007-09-07,1453.55,1491.22491803279,-37.674918032787
2007-09-10,1451.7,1490.1762295082,-38.4762295081966
2007-09-11,1471.49,1489.33229508197,-17.8422950819672
2007-09-12,1471.56,1488.32655737705,-16.7665573770491
2007-09-13,1483.95,1487.55442622951,-3.60442622950814
2007-09-14,1484.25,1486.7437704918,-2.49377049180316
2007-09-17,1476.65,1486.15049180328,-9.50049180327869
2007-09-18,1519.78,1486.11098360656,33.6690163934427
2007-09-19,1529.03,1486.54491803279,42.4850819672131
2007-09-20,1518.75,1486.8893442623,31.860655737705
2007-09-21,1525.75,1487.42803278689,38.3219672131147
2007-09-24,1517.73,1487.61475409836,30.1152459016394
2007-09-25,1517.21,1487.80327868852,29.4067213114754
2007-09-26,1525.42,1488.16508196721,37.2549180327869
2007-09-27,1531.38,1488.36098360656,43.0190163934428
2007-09-28,1526.75,1488.39180327869,38.3581967213115
2007-10-01,1547.04,1488.74655737705,58.2934426229508
2007-10-02,1546.63,1489.01196721311,57.6180327868854
2007-10-03,1539.59,1489.13885245902,50.4511475409836
2007-10-04,1542.84,1489.67524590164,53.1647540983606
2007-10-05,1557.59,1490.31180327869,67.2781967213114
2007-10-08,1552.58,1490.39180327869,62.1881967213114
2007-10-09,1565.15,1490.59918032787,74.5508196721312
2007-10-10,1562.47,1490.81147540984,71.658524590164
2007-10-11,1554.41,1490.89409836066,63.5159016393443
2007-10-12,1561.8,1491.15032786885,70.6496721311476
2007-10-15,1548.71,1491.07868852459,57.6313114754098
2007-10-16,1538.53,1491.15131147541,47.3786885245902
2007-10-17,1541.24,1491.14590163934,50.0940983606558
2007-10-18,1540.08,1491.62196721311,48.4580327868853
2007-10-19,1500.63,1491.33573770492,9.29426229508204
2007-10-22,1506.33,1491.7237704918,14.6062295081967
2007-10-23,1519.59,1492.71786885246,26.8721311475408
2007-10-24,1515.88,1493.40590163934,22.4740983606559
2007-10-25,1514.4,1494.37524590164,20.0247540983607
2007-10-26,1535.28,1495.51409836066,39.7659016393443
2007-10-29,1540.98,1496.64163934426,44.3383606557377
2007-10-30,1531.02,1498.24754098361,32.7724590163934
2007-10-31,1549.38,1499.58704918033,49.7929508196723
2007-11-01,1508.44,1500.10721311475,8.33278688524592
2007-11-02,1509.65,1500.30655737705,9.34344262295099
2007-11-05,1502.17,1501.11114754098,1.05885245901641
2007-11-06,1520.27,1502.20344262295,18.0665573770491
2007-11-07,1475.62,1502.57557377049,-26.9555737704918
2007-11-08,1474.77,1503.3662295082,-28.5962295081968
2007-11-09,1453.7,1504.13672131148,-50.4367213114754
2007-11-12,1439.18,1504.59426229508,-65.4142622950819
2007-11-13,1481.05,1505.16983606557,-24.1198360655737
2007-11-14,1470.58,1505.58016393443,-35.0001639344264
2007-11-15,1451.15,1505.6462295082,-54.4962295081966
2007-11-16,1458.74,1505.55885245902,-46.8188524590164
2007-11-19,1433.27,1505.07967213115,-71.8096721311476
2007-11-20,1439.7,1504.4293442623,-64.729344262295
2007-11-21,1416.77,1503.6093442623,-86.8393442622951
2007-11-23,1440.7,1503.74606557377,-63.0460655737704
2007-11-26,1407.22,1502.81918032787,-95.5991803278689
2007-11-27,1428.23,1502.33704918033,-74.1070491803277
2007-11-28,1469.02,1502.25557377049,-33.2355737704918
2007-11-29,1469.72,1501.93262295082,-32.2126229508197
2007-11-30,1481.14,1502.07770491803,-20.9377049180328
2007-12-03,1472.42,1501.97721311475,-29.557213114754
2007-12-04,1462.79,1502.12868852459,-39.3386885245902
2007-12-05,1485.01,1502.67475409836,-17.6647540983606
2007-12-06,1507.34,1503.26245901639,4.07754098360647
2007-12-07,1504.66,1503.80508196721,0.854918032787054
2007-12-10,1515.96,1504.32983606557,11.6301639344263
2007-12-11,1477.65,1504.22163934426,-26.5716393442622
2007-12-12,1486.59,1504.38459016393,-17.7945901639346
2007-12-13,1488.41,1503.87032786885,-15.4603278688523
2007-12-14,1467.95,1502.86901639344,-34.9190163934427
2007-12-17,1445.9,1501.67475409836,-55.7747540983605
2007-12-18,1454.98,1500.51459016393,-45.5345901639344
2007-12-19,1453,1499.45344262295,-46.4534426229509
2007-12-20,1460.12,1498.51754098361,-38.3975409836066
2007-12-21,1484.46,1497.84606557377,-13.3860655737706
2007-12-24,1496.45,1497.27344262295,-0.823442622950779
2007-12-26,1497.66,1496.79655737705,0.86344262295097
2007-12-27,1476.37,1495.63803278689,-19.2680327868854
2007-12-28,1478.49,1494.52098360656,-16.0309836065574
2007-12-31,1468.36,1493.35327868852,-24.9932786885247
2008-01-02,1447.16,1491.78475409836,-44.6247540983607
2008-01-03,1447.16,1489.97442622951,-42.8144262295082
2008-01-04,1411.63,1487.6637704918,-76.0337704918031
2008-01-07,1416.18,1485.22163934426,-69.0416393442622
2008-01-08,1390.19,1482.39737704918,-92.2073770491802
2008-01-09,1409.13,1480.01573770492,-70.885737704918
2008-01-10,1420.33,1477.69655737705,-57.3665573770493
2008-01-11,1401.02,1475.27540983607,-74.2554098360656
2008-01-14,1416.25,1473.27081967213,-57.0208196721312
2008-01-15,1380.95,1470.6431147541,-89.6931147540984
2008-01-16,1373.2,1467.90737704918,-94.7073770491802
2008-01-17,1333.25,1465.16344262295,-131.913442622951
2008-01-18,1325.19,1462.19393442623,-137.00393442623
2008-01-22,1310.5,1458.7662295082,-148.266229508197
2008-01-23,1338.6,1455.86,-117.26
2008-01-24,1352.07,1453.19885245902,-101.128852459017
2008-01-25,1330.61,1449.84360655738,-119.233606557377
2008-01-28,1353.96,1446.77770491803,-92.8177049180329
2008-01-29,1362.3,1444.01180327869,-81.7118032786886
2008-01-30,1355.81,1440.83852459016,-85.0285245901639
2008-01-31,1378.55,1438.70918032787,-60.1591803278689
2008-02-01,1395.42,1436.83655737705,-41.4165573770492
2008-02-04,1380.82,1434.84721311475,-54.0272131147542
2008-02-05,1336.64,1431.8368852459,-95.1968852459015
2008-02-06,1326.45,1429.39147540984,-102.941475409836
2008-02-07,1336.91,1427.13147540984,-90.2214754098361
2008-02-08,1331.29,1425.12475409836,-93.8347540983607
2008-02-11,1339.13,1423.48459016393,-84.3545901639343
2008-02-12,1348.86,1421.31754098361,-72.4575409836066
2008-02-13,1367.21,1419.62295081967,-52.412950819672
2008-02-14,1348.86,1417.94606557377,-69.0860655737706
2008-02-15,1349.99,1416.16327868852,-66.1732786885245
2008-02-19,1348.78,1414.77819672131,-65.9981967213116
2008-02-20,1360.03,1413.47213114754,-53.442131147541
2008-02-21,1342.53,1412.25508196721,-69.7250819672131
2008-02-22,1353.11,1410.81918032787,-57.709180327869
2008-02-25,1371.8,1410.23852459016,-38.438524590164
2008-02-26,1381.29,1409.46901639344,-28.1790163934427
2008-02-27,1380.02,1408.01,-27.99
2008-02-28,1367.68,1406.33721311475,-38.6572131147541
2008-02-29,1330.63,1403.86983606557,-73.2398360655736
2008-03-03,1331.34,1401.55704918033,-70.2170491803279
2008-03-04,1326.75,1399.3268852459,-72.5768852459016
2008-03-05,1333.7,1396.84639344262,-63.1463934426229
2008-03-06,1304.34,1393.51852459016,-89.178524590164
2008-03-07,1293.37,1390.05475409836,-96.6847540983608
2008-03-10,1273.37,1386.07786885246,-112.707868852459
2008-03-11,1320.65,1383.50409836066,-62.8540983606556
2008-03-12,1308.77,1380.58901639344,-71.8190163934426
2008-03-13,1315.48,1377.75409836066,-62.2740983606557
2008-03-14,1288.14,1374.80639344262,-86.6663934426228
2008-03-17,1276.6,1372.03098360656,-95.4309836065574
2008-03-18,1330.74,1369.99426229508,-39.2542622950818
2008-03-19,1298.42,1367.46016393443,-69.0401639344261
2008-03-20,1329.51,1365.31901639344,-35.8090163934426
2008-03-24,1349.88,1363.11278688525,-13.2327868852458
2008-03-25,1352.99,1360.76098360656,-7.77098360655737
2008-03-26,1341.13,1358.19491803279,-17.0649180327869
2008-03-27,1325.76,1355.72590163934,-29.9659016393443
2008-03-28,1315.22,1353.0493442623,-37.8293442622951
2008-03-31,1322.7,1350.66147540984,-27.9614754098361
2008-04-01,1370.18,1349.39950819672,20.7804918032787
2008-04-02,1367.53,1348.09409836066,19.4359016393441
2008-04-03,1369.31,1347.40032786885,21.9096721311475
2008-04-04,1370.4,1346.64983606557,23.7501639344264
2008-04-07,1372.54,1346.36049180328,26.1795081967214
2008-04-08,1365.54,1345.64590163934,19.8940983606558
2008-04-09,1354.49,1344.56655737705,9.92344262295092
2008-04-10,1360.55,1343.9031147541,16.6468852459016
2008-04-11,1332.83,1342.53557377049,-9.70557377049181
2008-04-14,1328.32,1341.67278688525,-13.3527868852459
2008-04-15,1334.43,1341.03721311475,-6.60721311475413
2008-04-16,1364.71,1341.55295081967,23.1570491803279
2008-04-17,1365.56,1342.21475409836,23.3452459016394
2008-04-18,1390.33,1343.52344262295,46.8065573770491
2008-04-21,1388.17,1344.33606557377,43.8339344262297
2008-04-22,1375.94,1344.72737704918,31.2126229508197
2008-04-23,1379.93,1345.53590163934,34.3940983606558
2008-04-24,1388.82,1346.10737704918,42.7126229508197
2008-04-25,1397.84,1346.69,51.1499999999999
2008-04-28,1396.37,1347.35491803279,49.0150819672131
2008-04-29,1390.94,1347.55803278689,43.3819672131149
2008-04-30,1385.59,1347.3968852459,38.1931147540984
2008-05-01,1409.34,1347.86442622951,61.4755737704918
2008-05-02,1413.9,1349.13098360656,64.7690163934428
2008-05-05,1407.49,1350.45950819672,57.0304918032787
2008-05-06,1418.26,1351.7931147541,66.4668852459017
2008-05-07,1392.57,1352.79770491803,39.7722950819671
2008-05-08,1395.94,1353.72901639344,42.2109836065574
2008-05-09,1388.28,1354.37524590164,33.9047540983606
2008-05-12,1403.58,1354.97147540984,48.6085245901638
2008-05-13,1403.04,1355.85967213115,47.1803278688524
2008-05-14,1408.66,1356.82147540984,51.8385245901641
2008-05-15,1423.57,1358.04754098361,65.5224590163934
2008-05-16,1425.35,1359.11836065574,66.2316393442622
2008-05-19,1426.63,1360.49704918033,66.1329508196723
2008-05-20,1413.4,1361.48540983607,51.9145901639345
2008-05-21,1390.71,1361.79540983607,28.9145901639345
2008-05-22,1394.35,1362.00950819672,32.3404918032786
2008-05-23,1375.93,1361.94245901639,13.9875409836066
2008-05-27,1385.35,1362.23213114754,23.117868852459
2008-05-28,1390.84,1363.21918032787,27.6208196721311
2008-05-29,1398.26,1364.3162295082,33.9437704918032
2008-05-30,1400.38,1365.52327868852,34.8567213114754
2008-06-02,1385.67,1366.37524590164,19.2947540983607
2008-06-03,1377.65,1367.57704918033,10.0729508196723
2008-06-04,1377.2,1368.95131147541,8.24868852459031
2008-06-05,1404.05,1371.09360655738,32.9563934426228
2008-06-06,1360.68,1371.74983606557,-11.0698360655738
2008-06-09,1361.76,1372.61852459016,-10.8585245901641
2008-06-10,1358.44,1373.32278688525,-14.8827868852459
2008-06-11,1335.49,1374.09901639344,-38.6090163934425
2008-06-12,1339.87,1375.1362295082,-35.2662295081968
2008-06-13,1360.03,1375.61639344262,-15.5863934426229
2008-06-16,1360.14,1376.62819672131,-16.4881967213114
2008-06-17,1350.93,1376.9793442623,-26.0493442622951
2008-06-18,1337.81,1376.78147540984,-38.9714754098361
2008-06-19,1342.83,1376.61491803279,-33.7849180327869
2008-06-20,1317.93,1376.23459016393,-58.3045901639343
2008-06-23,1318,1376.10737704918,-58.1073770491803
2008-06-24,1314.29,1376.09213114754,-61.8021311475411
2008-06-25,1321.97,1376.08016393443,-54.1101639344263
2008-06-26,1283.15,1374.65344262295,-91.5034426229506
2008-06-27,1278.38,1373.19196721311,-94.8119672131147
2008-06-30,1280,1371.72786885246,-91.7278688524591
2008-07-01,1284.91,1370.32639344262,-85.4163934426228
2008-07-02,1261.52,1368.50639344262,-106.986393442623
2008-07-03,1262.9,1366.8237704918,-103.923770491803
2008-07-07,1252.31,1365.14868852459,-112.83868852459
2008-07-08,1273.7,1363.72491803279,-90.0249180327869
2008-07-09,1244.69,1362.28,-117.59
2008-07-10,1253.39,1361.05163934426,-107.661639344262
2008-07-11,1239.49,1359.49524590164,-120.005245901639
2008-07-14,1228.3,1357.25901639344,-128.959016393443
2008-07-15,1214.91,1354.7893442623,-139.879344262295
2008-07-16,1245.36,1352.41278688525,-107.052786885246
2008-07-17,1260.32,1350.3168852459,-89.9968852459017
2008-07-18,1260.68,1348.42737704918,-87.7473770491802
2008-07-21,1260,1346.46131147541,-86.4613114754097
2008-07-22,1277,1344.62819672131,-67.6281967213115
2008-07-23,1282.19,1342.73229508197,-60.5422950819673
2008-07-24,1252.54,1340.37442622951,-87.8344262295082
2008-07-25,1257.76,1338.19114754098,-80.4311475409836
2008-07-28,1234.37,1335.71213114754,-101.342131147541
2008-07-29,1263.2,1333.31639344262,-70.1163934426229
2008-07-30,1284.26,1331.19114754098,-46.9311475409836
2008-07-31,1267.38,1328.89426229508,-61.5142622950818
2008-08-01,1260.31,1326.30491803279,-65.9949180327869
2008-08-04,1249.01,1323.95147540984,-74.9414754098361
2008-08-05,1284.88,1322.13081967213,-37.250819672131
2008-08-06,1289.19,1320.50639344262,-31.3163934426229
2008-08-07,1266.07,1318.25213114754,-52.182131147541
2008-08-08,1296.32,1316.50262295082,-20.1826229508197
2008-08-11,1305.32,1314.80852459016,-9.48852459016393
2008-08-12,1289.59,1312.61213114754,-23.0221311475411
2008-08-13,1285.83,1310.32491803279,-24.4949180327869
2008-08-14,1292.93,1308.1331147541,-15.2031147540984
2008-08-15,1298.2,1306.24459016393,-8.04459016393434
2008-08-18,1278.6,1304.40672131148,-25.8067213114755
2008-08-19,1266.69,1302.31393442623,-35.6239344262294
2008-08-20,1274.54,1300.65180327869,-26.1118032786885
2008-08-21,1277.72,1298.88737704918,-21.1673770491802
2008-08-22,1292.2,1297.27032786885,-5.07032786885247
2008-08-25,1266.84,1295.11590163934,-28.2759016393443
2008-08-26,1271.51,1293.00327868852,-21.4932786885247
2008-08-27,1281.66,1291.29819672131,-9.63819672131149
2008-08-28,1300.68,1290.03639344262,10.6436065573771
2008-08-29,1282.83,1288.4893442623,-5.65934426229524
2008-09-02,1277.58,1286.41606557377,-8.83606557377061
2008-09-03,1274.98,1285.01114754098,-10.0311475409835
2008-09-04,1236.83,1282.9631147541,-46.1331147540984
2008-09-05,1242.31,1281.0593442623,-38.7493442622952
2008-09-08,1267.79,1279.94950819672,-12.1595081967214
2008-09-09,1224.51,1278.05836065574,-53.5483606557377
2008-09-10,1232.04,1275.96016393443,-43.9201639344262
2008-09-11,1249.05,1274.13901639344,-25.0890163934428
2008-09-12,1251.7,1272.51229508197,-20.8122950819672
2008-09-15,1192.7,1270.13344262295,-77.4334426229507
2008-09-16,1213.59,1268.01475409836,-54.4247540983608
2008-09-17,1156.39,1265.36655737705,-108.976557377049
2008-09-18,1206.51,1263.53885245902,-57.0288524590164
2008-09-19,1255.08,1262.56819672131,-7.48819672131162
2008-09-22,1207.09,1260.68491803279,-53.5949180327871
2008-09-23,1188.22,1259.12868852459,-70.9086885245902
2008-09-24,1185.87,1257.61213114754,-71.7421311475412
2008-09-25,1209.18,1256.45114754098,-47.2711475409835
2008-09-26,1213.01,1255.27245901639,-42.2624590163934
2008-09-29,1106.39,1252.7293442623,-146.339344262295
2008-09-30,1166.36,1251.14672131148,-84.7867213114755
2008-10-01,1161.06,1249.65081967213,-88.5908196721311
2008-10-02,1114.28,1247.03737704918,-132.75737704918
2008-10-03,1099.23,1244.65278688525,-145.422786885246
2008-10-06,1056.89,1241.43147540984,-184.541475409836
2008-10-07,996.23,1237.44360655738,-241.213606557377
2008-10-08,984.94,1233.45409836066,-248.514098360656
2008-10-09,909.92,1228.45426229508,-318.534262295082
2008-10-10,899.22,1222.77983606557,-323.559836065574
2008-10-13,1003.35,1218.56721311475,-215.217213114754
2008-10-14,998.01,1214.26114754098,-216.251147540984
2008-10-15,907.84,1208.48803278689,-300.648032786885
2008-10-16,946.43,1203.06885245902,-256.638852459016
2008-10-17,940.55,1197.46819672131,-256.918196721311
2008-10-20,985.4,1193.08885245902,-207.688852459016
2008-10-21,955.05,1188.12639344262,-233.076393442623
2008-10-22,896.78,1182.59213114754,-285.812131147541
2008-10-23,908.11,1176.77098360656,-268.660983606557
2008-10-24,876.77,1170.09081967213,-293.320819672131
2008-10-27,848.92,1163.23081967213,-314.310819672131
2008-10-28,940.51,1157.98819672131,-217.478196721311
2008-10-29,930.09,1152.76,-222.67
2008-10-30,954.09,1147.33721311475,-193.247213114754
2008-10-31,968.75,1142.08409836066,-173.334098360656
2008-11-03,966.3,1137.16983606557,-170.869836065574
2008-11-04,1005.75,1132.40639344262,-126.656393442623
2008-11-05,952.77,1126.6268852459,-173.856885245902
2008-11-06,904.88,1120.32016393443,-215.440163934426
2008-11-07,930.99,1114.5031147541,-183.513114754098
2008-11-10,919.21,1108.37655737705,-189.166557377049
2008-11-11,898.96,1101.83163934426,-202.871639344262
2008-11-12,852.3,1094.8431147541,-242.543114754098
2008-11-13,911.29,1089.0168852459,-177.726885245902
2008-11-14,873.29,1082.43901639344,-209.149016393443
2008-11-17,850.75,1075.43950819672,-224.689508196721
2008-11-18,859.12,1068.33983606557,-209.219836065574
2008-11-19,806.58,1060.79459016393,-254.214590163934
2008-11-20,752.44,1052.28524590164,-299.845245901639
2008-11-21,800.03,1044.38967213115,-244.359672131148
2008-11-24,851.81,1037.03114754098,-185.221147540984
2008-11-25,857.39,1030.05672131148,-172.666721311475
2008-11-26,887.68,1023.66491803279,-135.984918032787
2008-11-28,896.24,1017.45606557377,-121.21606557377
2008-12-01,816.21,1010.5606557377,-194.350655737705
2008-12-02,848.81,1004.10983606557,-155.299836065574
2008-12-03,870.74,997.600819672131,-126.860819672131
2008-12-04,845.22,991.382950819672,-146.162950819672
2008-12-05,876.07,985.54737704918,-109.47737704918
2008-12-08,909.7,979.984262295082,-70.2842622950819
2008-12-09,888.67,974.032950819672,-85.3629508196722
2008-12-10,899.24,969.222131147541,-69.9821311475409
2008-12-11,873.59,963.648360655738,-90.0583606557376
2008-12-12,879.73,959.112950819672,-79.3829508196721
2008-12-15,868.57,953.572950819672,-85.002950819672
2008-12-16,913.18,947.968032786885,-34.7880327868853
2008-12-17,904.42,943.006229508197,-38.5862295081968
2008-12-18,885.28,938.04,-52.76
2008-12-19,887.88,933.154918032787,-45.2749180327869
2008-12-22,871.63,927.62131147541,-55.9913114754098
2008-12-23,863.16,921.88606557377,-58.7260655737705
2008-12-24,868.15,917.980491803279,-49.8304918032787
2008-12-26,872.8,913.168032786885,-40.3680327868854
2008-12-29,869.42,908.387049180328,-38.9670491803279
2008-12-30,890.64,904.720819672131,-14.0808196721312
2008-12-31,903.26,901.508196721311,1.7518032786885
2009-01-02,931.8,899.457540983607,32.3424590163934
2009-01-05,927.45,898.33,29.12
2009-01-06,934.7,897.506393442623,37.193606557377
2009-01-07,906.65,897.452786885246,9.19721311475405
2009-01-08,909.73,897.625081967213,12.1049180327869
2009-01-09,890.35,895.77262295082,-5.42262295081969
2009-01-12,870.26,893.678360655738,-23.4183606557377
2009-01-13,871.78,893.087213114754,-21.3072131147541
2009-01-14,842.62,891.385409836066,-48.7654098360656
2009-01-15,843.74,889.798360655738,-46.0583606557377
2009-01-16,850.12,887.580655737705,-37.4606557377049
2009-01-20,805.22,885.124426229508,-79.9044262295082
2009-01-21,840.24,884.197540983607,-43.9575409836066
2009-01-22,827.49,882.875901639344,-55.3859016393443
2009-01-23,831.95,882.141147540984,-50.1911475409836
2009-01-26,836.57,881.93868852459,-45.3686885245901
2009-01-27,845.71,880.384590163934,-34.6745901639343
2009-01-28,874.09,879.466557377049,-5.37655737704915
2009-01-29,845.14,877.680491803279,-32.5404918032787
2009-01-30,825.88,875.338360655738,-49.4583606557377
2009-02-02,825.44,873.029180327869,-47.5891803278688
2009-02-03,838.51,870.287540983607,-31.7775409836065
2009-02-04,832.23,868.311475409836,-36.081475409836
2009-02-05,845.85,867.343770491803,-21.4937704918033
2009-02-06,868.6,866.320983606557,2.27901639344259
2009-02-09,869.89,865.512459016393,4.37754098360654
2009-02-10,827.16,864.335409836066,-37.1754098360656
2009-02-11,833.73,864.030983606557,-30.3009836065573
2009-02-12,835.19,862.783442622951,-27.5934426229508
2009-02-13,826.84,862.021967213115,-35.1819672131147
2009-02-17,789.17,861.012459016393,-71.8424590163935
2009-02-18,788.42,859.853442622951,-71.4334426229509
2009-02-19,778.94,859.400327868853,-80.4603278688525
2009-02-20,770.05,859.689016393443,-89.6390163934427
2009-02-23,743.33,858.759508196721,-115.429508196721
2009-02-24,773.15,857.47,-84.32
2009-02-25,764.9,855.953770491803,-91.0537704918033
2009-02-26,752.83,853.743114754098,-100.913114754098
2009-02-27,735.09,851.10131147541,-116.01131147541
2009-03-02,700.82,849.209672131147,-148.389672131147
2009-03-03,696.33,846.71,-150.38
2009-03-04,712.87,844.121967213115,-131.251967213115
2009-03-05,682.55,841.455245901639,-158.905245901639
2009-03-06,683.38,838.296393442623,-154.916393442623
2009-03-09,676.53,834.47393442623,-157.94393442623
2009-03-10,719.6,831.702295081967,-112.102295081967
2009-03-11,721.36,828.786229508197,-107.426229508197
2009-03-12,750.74,826.772295081967,-76.0322950819672
2009-03-13,756.55,824.752950819672,-68.2029508196722
2009-03-16,753.89,822.872950819672,-68.9829508196722
2009-03-17,778.12,820.658852459016,-42.5388524590164
2009-03-18,794.35,818.854426229508,-24.5044262295081
2009-03-19,784.04,817.194754098361,-33.1547540983607
2009-03-20,768.54,815.238360655738,-46.6983606557377
2009-03-23,822.91,814.439672131148,8.47032786885245
2009-03-24,806.12,813.504590163934,-7.38459016393438
2009-03-25,813.88,812.614918032787,1.26508196721306
2009-03-26,832.86,811.960163934426,20.8998360655738
2009-03-27,815.94,811.083442622951,4.85655737704928
2009-03-30,787.53,809.393114754098,-21.8631147540984
2009-03-31,797.87,807.665409836066,-9.79540983606557
2009-04-01,811.08,805.686393442623,5.3936065573771
2009-04-02,834.38,804.160655737705,30.2193442622951
2009-04-03,842.5,802.649180327869,39.8508196721311
2009-04-06,835.48,801.482459016393,33.9975409836065
2009-04-07,815.55,799.938524590164,15.611475409836
2009-04-08,825.16,798.869836065574,26.2901639344262
2009-04-09,856.56,798.645245901639,57.9147540983606
2009-04-13,858.73,798.43131147541,60.2986885245901
2009-04-14,841.51,798.413114754098,43.0968852459016
2009-04-15,852.06,798.549508196721,53.5104918032787
2009-04-16,865.3,798.798360655738,66.5016393442622
2009-04-17,869.6,799.853770491803,69.7462295081967
2009-04-20,832.39,799.725081967213,32.6649180327869
2009-04-21,850.08,800.095409836066,49.9845901639345
2009-04-22,843.55,800.285573770492,43.2644262295081
2009-04-23,851.92,800.537213114754,51.3827868852459
2009-04-24,866.23,800.873606557377,65.356393442623
2009-04-27,857.51,800.601803278689,56.9081967213115
2009-04-28,855.16,800.76606557377,54.3939344262295
2009-04-29,873.64,801.549016393443,72.0909836065574
2009-04-30,872.81,802.325573770492,70.4844262295081
2009-05-01,877.52,802.965081967213,74.5549180327869
2009-05-04,907.24,804.194754098361,103.045245901639
2009-05-05,903.8,805.144754098361,98.6552459016393
2009-05-06,919.53,805.979672131147,113.550327868852
2009-05-07,907.39,806.594426229508,100.795573770492
2009-05-08,929.23,808.267704918033,120.962295081967
2009-05-11,909.24,809.505573770492,99.7344262295082
2009-05-12,908.35,810.704918032787,97.6450819672132
2009-05-13,883.92,811.640655737705,72.279344262295
2009-05-14,893.07,813.34393442623,79.7260655737706
2009-05-15,882.88,814.892459016393,67.9875409836066
2009-05-18,909.71,817.036229508197,92.6737704918033
2009-05-19,908.13,819.299836065574,88.8301639344262
2009-05-20,903.47,821.925081967213,81.5449180327869
2009-05-21,888.33,823.813278688525,64.5167213114754
2009-05-22,887,825.814918032787,61.1850819672131
2009-05-26,910.33,828.396885245902,81.9331147540984
2009-05-27,893.06,830.986557377049,62.0734426229508
2009-05-28,906.83,834.363770491803,72.4662295081968
2009-05-29,919.14,838.016393442623,81.123606557377
2009-06-01,942.87,841.786885245902,101.083114754098
2009-06-02,944.74,846.085081967213,98.6549180327869
2009-06-03,931.76,850.156885245902,81.6031147540983
2009-06-04,942.46,854.516393442623,87.943606557377
2009-06-05,940.09,858.130983606557,81.9590163934427
2009-06-08,939.14,861.701147540984,77.4388524590164
2009-06-09,942.43,864.843606557377,77.5863934426229
2009-06-10,939.15,867.837049180328,71.3129508196721
2009-06-11,944.89,870.968196721312,73.9218032786885
2009-06-12,946.21,873.723770491803,72.4862295081967
2009-06-15,923.72,875.844590163934,47.8754098360656
2009-06-16,911.97,877.941803278689,34.0281967213115
2009-06-17,910.71,880.272459016393,30.4375409836066
2009-06-18,918.37,881.83737704918,36.5326229508197
2009-06-19,921.23,883.724426229508,37.5055737704918
2009-06-22,893.04,885.022131147541,8.01786885245895
2009-06-23,895.1,886.042459016393,9.0575409836066
2009-06-24,900.94,887.435901639344,13.5040983606558
2009-06-25,920.26,889.611803278689,30.6481967213115
2009-06-26,918.9,891.595901639344,27.3040983606558
2009-06-29,927.23,893.5,33.73
2009-06-30,919.32,894.892459016393,24.4275409836066
2009-07-01,923.33,896.217540983607,27.1124590163935
2009-07-02,896.42,897.216557377049,-0.796557377049226
2009-07-03,896.42,898.542295081967,-2.12229508196731
2009-07-06,898.72,899.748196721312,-1.02819672131147
2009-07-07,881.03,900.149344262295,-19.1193442622952
2009-07-08,879.56,900.490819672131,-20.9308196721312
2009-07-09,882.68,901.165737704918,-18.485737704918
2009-07-10,879.13,901.609508196721,-22.4795081967213
2009-07-13,901.05,902.195573770492,-1.14557377049186
2009-07-14,905.84,902.789672131148,3.05032786885249
2009-07-15,932.68,904.433770491803,28.2462295081966
2009-07-16,940.74,905.92,34.82
2009-07-17,940.38,907.50737704918,32.8726229508196
2009-07-20,951.13,909.133770491803,41.9962295081967
2009-07-21,954.58,910.582131147541,43.9978688524591
2009-07-22,954.07,912.165081967213,41.9049180327869
2009-07-23,976.29,914.150819672131,62.1391803278689
2009-07-24,979.26,915.882295081967,63.3777049180328
2009-07-27,982.18,917.675245901639,64.5047540983606
2009-07-28,979.62,919.349016393443,60.2709836065574
2009-07-29,975.15,920.462295081967,54.6877049180328
2009-07-30,986.75,921.822131147541,64.927868852459
2009-07-31,987.47,922.935901639344,64.5340983606558
2009-08-03,1002.63,924.497213114754,78.1327868852459
2009-08-04,1005.65,925.75,79.9
2009-08-05,1002.72,927.282459016393,75.4375409836066
2009-08-06,997.08,928.737049180328,68.3429508196722
2009-08-07,1010.48,930.811803278689,79.6681967213115
2009-08-10,1007.1,932.681147540984,74.4188524590164
2009-08-11,994.35,934.508524590164,59.8414754098361
2009-08-12,1005.81,936.08393442623,69.7260655737705
2009-08-13,1012.73,937.79868852459,74.9313114754099
2009-08-14,1004.09,939.448196721311,64.6418032786886
2009-08-17,979.73,940.946557377049,38.7834426229508
2009-08-18,989.67,942.629672131148,47.0403278688524
2009-08-19,996.46,944.041639344262,52.4183606557377
2009-08-20,1007.37,945.915573770492,61.4544262295082
2009-08-21,1026.13,947.87131147541,78.2586885245903
2009-08-24,1025.57,949.61606557377,75.9539344262295
2009-08-25,1028,951.011639344262,76.9883606557377
2009-08-26,1028.12,952.378524590164,75.741475409836
2009-08-27,1030.98,954.005081967213,76.974918032787
2009-08-28,1028.93,955.42262295082,73.5073770491804
2009-08-31,1020.62,956.742786885246,63.8772131147541
2009-09-01,998.04,957.708360655738,40.3316393442623
2009-09-02,994.76,958.566229508197,36.1937704918033
2009-09-03,1003.24,959.616885245902,43.6231147540984
2009-09-04,1016.4,960.789180327869,55.6108196721311
2009-09-07,1016.4,961.939836065574,54.4601639344262
2009-09-08,1025.39,963.606557377049,61.7834426229509
2009-09-09,1033.37,965.596721311475,67.7732786885244
2009-09-10,1044.14,967.784098360656,76.3559016393443
2009-09-11,1042.73,969.822786885246,72.9072131147541
2009-09-14,1049.34,971.922950819672,77.4170491803278
2009-09-15,1052.63,974.539180327869,78.0908196721313
2009-09-16,1068.76,977.38606557377,91.3739344262295
2009-09-17,1065.49,980.083606557377,85.406393442623
2009-09-18,1068.3,982.510491803279,85.7895081967213
2009-09-21,1064.66,984.9,79.7600000000001
2009-09-22,1071.66,987.267704918033,84.3922950819673
2009-09-23,1060.87,989.588196721311,71.2818032786885
2009-09-24,1050.78,991.677540983607,59.1024590163934
2009-09-25,1044.38,994.103114754098,50.2768852459018
2009-09-28,1062.98,996.833606557377,66.146393442623
2009-09-29,1060.61,999.487540983607,61.1224590163933
2009-09-30,1057.08,1002.37360655738,54.7063934426229
2009-10-01,1029.85,1004.83737704918,25.0126229508196
2009-10-02,1025.21,1007.17393442623,18.0360655737705
2009-10-05,1040.46,1009.81868852459,30.6413114754099
2009-10-06,1054.72,1012.33786885246,42.382131147541
2009-10-07,1057.58,1014.82540983607,42.7545901639344
2009-10-08,1065.48,1017.00245901639,48.4775409836066
2009-10-09,1071.49,1019.14590163934,52.3440983606557
2009-10-12,1076.19,1021.37229508197,54.8177049180329
2009-10-13,1073.19,1023.37327868852,49.8167213114755
2009-10-14,1092.02,1025.62639344262,66.3936065573771
2009-10-15,1096.56,1027.96229508197,68.5977049180328
2009-10-16,1087.68,1029.78836065574,57.8916393442623
2009-10-19,1097.91,1031.73344262295,66.1765573770492
2009-10-20,1091.06,1033.51836065574,57.5416393442622
2009-10-21,1081.4,1035.1868852459,46.2131147540983
2009-10-22,1092.91,1037.11737704918,55.7926229508198
2009-10-23,1079.6,1038.63950819672,40.9604918032785
2009-10-26,1066.95,1039.94245901639,27.0075409836065
2009-10-27,1063.41,1040.93885245902,22.4711475409838
2009-10-28,1042.63,1041.54508196721,1.08491803278707
2009-10-29,1066.11,1042.58426229508,23.5257377049179
2009-10-30,1036.19,1043.22540983607,-7.03540983606558
2009-11-02,1042.88,1043.75655737705,-0.876557377049039
2009-11-03,1045.41,1044.38459016393,1.02540983606559
2009-11-04,1046.5,1045.23950819672,1.26049180327868
2009-11-05,1066.63,1046.23655737705,20.3934426229509
2009-11-06,1069.3,1047.16393442623,22.1360655737703
2009-11-09,1093.08,1048.62278688525,44.457213114754
2009-11-10,1093.01,1050.47983606557,42.5301639344261
2009-11-11,1098.51,1052.26409836066,46.2459016393443
2009-11-12,1087.24,1053.75229508197,33.4877049180327
2009-11-13,1093.48,1055.16393442623,38.3160655737704
2009-11-16,1109.3,1056.52737704918,52.7726229508196
2009-11-17,1110.32,1057.91672131148,52.4032786885246
2009-11-18,1109.8,1059.25770491803,50.5422950819673
2009-11-19,1094.9,1060.35245901639,34.5475409836067
2009-11-20,1091.38,1061.34262295082,30.0373770491803
2009-11-23,1106.24,1062.61,43.6300000000001
2009-11-24,1105.65,1064.00393442623,41.6460655737706
2009-11-25,1110.63,1065.84967213115,44.7803278688525
2009-11-26,1110.63,1067.74918032787,42.8808196721313
2009-11-27,1091.49,1069.19590163934,22.2940983606557
2009-11-30,1095.63,1070.49475409836,25.1352459016393
2009-12-01,1108.86,1072.01049180328,36.8495081967212
2009-12-02,1109.24,1073.38508196721,35.8549180327868
2009-12-03,1099.92,1074.47606557377,25.4439344262296
2009-12-04,1105.98,1075.48983606557,30.4901639344262
2009-12-07,1103.25,1076.48196721311,26.7680327868852
2009-12-08,1091.94,1077.18032786885,14.7596721311477
2009-12-09,1095.95,1077.89049180328,18.0595081967213
2009-12-10,1102.35,1078.44114754098,23.9088524590163
2009-12-11,1106.41,1079.11196721311,27.2980327868854
2009-12-14,1114.11,1079.86295081967,34.2470491803278
2009-12-15,1107.93,1080.57229508197,27.3577049180328
2009-12-16,1109.18,1081.18737704918,27.9926229508196
2009-12-17,1096.08,1081.76459016393,14.3154098360656
2009-12-18,1102.47,1082.61196721311,19.8580327868854
2009-12-21,1114.05,1083.75409836066,30.2959016393443
2009-12-22,1118.02,1084.65639344262,33.3636065573771
2009-12-23,1120.59,1085.63967213115,34.9503278688524
2009-12-24,1126.48,1086.77737704918,39.7026229508197
2009-12-28,1127.78,1088.38278688525,39.3972131147541
2009-12-29,1126.2,1090.03836065574,36.1616393442623
2009-12-30,1126.42,1091.44754098361,34.9724590163935
2009-12-31,1115.1,1092.43737704918,22.6626229508195
2010-01-04,1132.99,1093.67360655738,39.3163934426229
2010-01-05,1136.52,1094.83819672131,41.6818032786884
2010-01-06,1137.14,1095.91442622951,41.2255737704918
2010-01-07,1141.69,1096.98819672131,44.7018032786887
2010-01-08,1144.98,1098.16508196721,46.8149180327869
2010-01-11,1146.98,1099.06606557377,47.9139344262296
2010-01-12,1136.22,1099.7162295082,36.5037704918034
2010-01-13,1145.68,1100.66704918033,45.0129508196721
2010-01-14,1148.46,1101.49573770492,46.9642622950819
2010-01-15,1136.03,1102.23295081967,33.7970491803278
2010-01-19,1150.23,1103.36131147541,46.8686885245902
2010-01-20,1138.04,1104.10114754098,33.9388524590163
2010-01-21,1116.48,1104.70573770492,11.7742622950821
2010-01-22,1091.76,1105.11245901639,-13.3524590163934
2010-01-25,1096.78,1105.65950819672,-8.87950819672142
2010-01-26,1092.17,1106.47163934426,-14.3016393442622
2010-01-27,1097.5,1106.9862295082,-9.48622950819663
2010-01-28,1084.53,1107.77868852459,-23.2486885245903
2010-01-29,1073.87,1108.28672131148,-34.4167213114756
2010-02-01,1089.19,1109.00442622951,-19.8144262295082
2010-02-02,1103.32,1109.93590163934,-6.61590163934443
2010-02-03,1097.28,1110.43836065574,-13.1583606557379
2010-02-04,1063.11,1110.3368852459,-47.2268852459017
2010-02-05,1066.19,1109.89606557377,-43.7060655737705
2010-02-08,1056.74,1109.30147540984,-52.561475409836
2010-02-09,1070.52,1108.84262295082,-38.3226229508198
2010-02-10,1068.13,1108.5293442623,-40.399344262295
2010-02-11,1078.47,1108.28327868852,-29.8132786885246
2010-02-12,1075.51,1107.7293442623,-32.2193442622952
2010-02-16,1094.87,1107.47606557377,-12.6060655737706
2010-02-17,1099.51,1107.30737704918,-7.79737704918034
2010-02-18,1106.75,1107.50163934426,-0.75163934426223
2010-02-19,1109.17,1107.79327868852,1.37672131147542
2010-02-22,1108.01,1107.82229508197,0.18770491803275
2010-02-23,1094.6,1107.64114754098,-13.0411475409837
2010-02-24,1105.24,1107.55278688525,-2.31278688524594
2010-02-25,1102.94,1107.42672131148,-4.48672131147532
2010-02-26,1104.49,1107.63983606557,-3.14983606557371
2010-03-01,1115.71,1107.96901639344,7.74098360655739
2010-03-02,1118.31,1108.12393442623,10.1860655737705
2010-03-03,1118.79,1108.28049180328,10.5095081967213
2010-03-04,1122.97,1108.65836065574,14.3116393442624
2010-03-05,1138.7,1109.19475409836,29.5052459016395
2010-03-08,1138.5,1109.77262295082,28.7273770491804
2010-03-09,1140.45,1110.56786885246,29.882131147541
2010-03-10,1145.61,1111.38196721311,34.2280327868853
2010-03-11,1150.24,1112.16704918033,38.0729508196721
2010-03-12,1149.99,1112.88147540984,37.108524590164
2010-03-15,1150.51,1113.47819672131,37.0318032786886
2010-03-16,1159.46,1114.32295081967,45.137049180328
2010-03-17,1166.21,1115.25786885246,50.952131147541
2010-03-18,1165.83,1116.40131147541,49.4286885245901
2010-03-19,1159.9,1117.34278688525,42.5572131147542
2010-03-22,1165.81,1118.19131147541,47.6186885245902
2010-03-23,1174.17,1119.11180327869,55.0581967213116
2010-03-24,1167.72,1119.88442622951,47.8355737704919
2010-03-25,1165.73,1120.52786885246,45.202131147541
2010-03-26,1166.59,1121.16409836066,45.4259016393441
2010-03-29,1173.22,1121.93491803279,51.285081967213
2010-03-30,1173.27,1122.70295081967,50.5670491803278
2010-03-31,1169.43,1123.59360655738,45.8363934426229
2010-04-01,1178.1,1124.3331147541,53.7668852459014
2010-04-05,1187.44,1125.16786885246,62.2721311475411
2010-04-06,1189.44,1126.02524590164,63.4147540983606
2010-04-07,1182.45,1126.69344262295,55.7565573770491
2010-04-08,1186.44,1127.3731147541,59.0668852459016
2010-04-09,1194.37,1128.15,66.2199999999998
2010-04-12,1196.48,1129.13786885246,67.3421311475411
2010-04-13,1197.3,1129.98409836066,67.3159016393442
2010-04-14,1210.65,1131.00360655738,79.6463934426231
2010-04-15,1211.67,1132.24360655738,79.4263934426231
2010-04-16,1192.13,1132.93049180328,59.1995081967214
2010-04-19,1197.52,1133.90557377049,63.6144262295081
2010-04-20,1207.17,1135.39229508197,71.7777049180329
2010-04-21,1205.94,1137.26409836066,68.6759016393444
2010-04-22,1208.67,1139.09836065574,69.5716393442624
2010-04-23,1217.28,1141.1493442623,76.130655737705
2010-04-26,1212.05,1143.02721311475,69.0227868852458
2010-04-27,1183.71,1144.6531147541,39.0568852459016
2010-04-28,1191.36,1146.57918032787,44.780819672131
2010-04-29,1206.78,1148.5068852459,58.2731147540983
2010-04-30,1186.69,1149.87360655738,36.8163934426229
2010-05-03,1202.26,1151.59459016393,50.6654098360655
2010-05-04,1173.6,1153.40590163934,20.1940983606557
2010-05-05,1165.9,1155.04049180328,10.8595081967214
2010-05-06,1128.15,1156.21114754098,-28.0611475409835
2010-05-07,1110.88,1156.87278688525,-45.9927868852458
2010-05-10,1159.73,1158.37442622951,1.3555737704919
2010-05-11,1155.79,1159.64196721311,-3.8519672131149
2010-05-12,1171.67,1161.21836065574,10.4516393442623
2010-05-13,1157.44,1162.24409836066,-4.80409836065564
2010-05-14,1135.68,1162.83704918033,-27.1570491803279
2010-05-17,1136.94,1163.33196721311,-26.3919672131146
2010-05-18,1120.8,1163.52262295082,-42.7226229508196
2010-05-19,1115.05,1163.63803278689,-48.5880327868854
2010-05-20,1071.59,1163.26081967213,-91.6708196721313
2010-05-21,1087.69,1162.9731147541,-75.2831147540983
2010-05-24,1073.65,1162.49295081967,-88.8429508196721
2010-05-25,1074.03,1161.99360655738,-87.963606557377
2010-05-26,1067.95,1161.2106557377,-93.2606557377048
2010-05-27,1103.06,1160.9606557377,-57.9006557377049
2010-05-28,1089.41,1160.47901639344,-71.0690163934426
2010-06-01,1070.71,1159.62229508197,-88.9122950819672
2010-06-02,1098.38,1158.96131147541,-60.5813114754098
2010-06-03,1102.83,1158.37655737705,-55.5465573770493
2010-06-04,1064.88,1157.13770491803,-92.2577049180327
2010-06-07,1050.47,1155.57803278689,-105.108032786885
2010-06-08,1062,1154.13147540984,-92.1314754098362
2010-06-09,1055.69,1152.58557377049,-96.8955737704919
2010-06-10,1086.84,1151.54180327869,-64.7018032786887
2010-06-11,1091.6,1150.4293442623,-58.8293442622951
2010-06-14,1089.63,1149.17393442623,-59.5439344262295
2010-06-15,1115.23,1148.34442622951,-33.1144262295081
2010-06-16,1114.61,1147.60196721311,-32.9919672131148
2010-06-17,1116.04,1146.78606557377,-30.7460655737705
2010-06-18,1117.51,1145.85721311475,-28.3472131147541
2010-06-21,1113.2,1144.96344262295,-31.7634426229508
2010-06-22,1095.31,1143.80901639344,-48.4990163934426
2010-06-23,1092.04,1142.5868852459,-50.5468852459016
2010-06-24,1073.69,1140.95524590164,-67.2652459016392
2010-06-25,1076.76,1139.3731147541,-62.6131147540984
2010-06-28,1074.57,1137.81803278689,-63.2480327868852
2010-06-29,1041.24,1135.57442622951,-94.3344262295082
2010-06-30,1030.71,1133.00508196721,-102.295081967213
2010-07-01,1027.37,1130.34819672131,-102.978196721312
2010-07-02,1022.58,1127.72737704918,-105.14737704918
2010-07-06,1028.06,1125.13098360656,-97.0709836065575
2010-07-07,1060.27,1122.93262295082,-62.6626229508197
2010-07-08,1070.25,1120.86327868852,-50.6132786885246
2010-07-09,1077.96,1118.9068852459,-40.9468852459015
2010-07-12,1078.75,1116.74459016393,-37.9945901639344
2010-07-13,1095.34,1114.83754098361,-19.4975409836065
2010-07-14,1095.17,1113.24803278689,-18.0780327868852
2010-07-15,1096.48,1111.59163934426,-15.1116393442624
2010-07-16,1064.88,1109.25901639344,-44.3790163934425
2010-07-19,1071.25,1107.05098360656,-35.8009836065573
2010-07-20,1083.48,1104.99868852459,-21.5186885245901
2010-07-21,1069.59,1102.57754098361,-32.9875409836066
2010-07-22,1093.67,1100.6368852459,-6.96688524590149
2010-07-23,1102.66,1099.30819672131,3.35180327868852
2010-07-26,1115.01,1098.05655737705,16.9534426229509
2010-07-27,1113.84,1096.53295081967,17.3070491803278
2010-07-28,1106.13,1095.21229508197,10.917704918033
2010-07-29,1101.53,1093.56098360656,7.96901639344264
2010-07-30,1101.6,1092.3806557377,9.21934426229495
2010-08-02,1125.86,1091.72426229508,34.135737704918
2010-08-03,1120.46,1091.59819672131,28.8618032786885
2010-08-04,1127.24,1091.86639344262,35.3736065573771
2010-08-05,1125.81,1091.31032786885,34.4996721311475
2010-08-06,1121.64,1090.75049180328,30.8895081967214
2010-08-09,1127.79,1090.03114754098,37.7588524590165
2010-08-10,1121.06,1089.43475409836,31.6252459016393
2010-08-11,1089.47,1088.67721311475,0.79278688524596
2010-08-12,1083.61,1087.80295081967,-4.19295081967221
2010-08-13,1079.25,1087.12180327869,-7.8718032786885
2010-08-16,1079.38,1086.53704918033,-7.1570491803277
2010-08-17,1092.54,1086.88049180328,5.65950819672116
2010-08-18,1094.16,1086.98655737705,7.17344262295092
2010-08-19,1075.63,1087.01901639344,-11.3890163934425
2010-08-20,1071.69,1086.9806557377,-15.2906557377048
2010-08-23,1067.36,1086.97098360656,-19.6109836065575
2010-08-24,1051.87,1086.13180327869,-34.2618032786886
2010-08-25,1055.33,1085.5731147541,-30.2431147540985
2010-08-26,1047.22,1085.18803278689,-37.9680327868853
2010-08-27,1064.59,1084.63409836066,-20.0440983606559
2010-08-30,1048.92,1083.75032786885,-34.8303278688525
2010-08-31,1049.33,1083.49540983607,-34.1654098360657
2010-09-01,1080.29,1083.98426229508,-3.6942622950819
2010-09-02,1090.1,1084.44491803279,5.65508196721294
2010-09-03,1104.51,1085.24524590164,19.2647540983608
2010-09-07,1091.84,1085.32721311475,6.51278688524576
2010-09-08,1098.87,1085.44639344262,13.4236065573768
2010-09-09,1104.18,1085.68491803279,18.4950819672131
2010-09-10,1109.55,1085.59180327869,23.9581967213114
2010-09-13,1121.9,1085.71131147541,36.1886885245904
2010-09-14,1121.1,1085.79426229508,35.3057377049179
2010-09-15,1125.07,1085.91819672131,39.1518032786885
2010-09-16,1124.66,1086.10606557377,38.5539344262295
2010-09-17,1125.59,1086.60245901639,38.9875409836066
2010-09-20,1142.71,1087.4331147541,55.2768852459017
2010-09-21,1139.78,1088.51655737705,51.2634426229508
2010-09-22,1134.28,1089.45950819672,44.8204918032786
2010-09-23,1124.83,1090.28344262295,34.5465573770491
2010-09-24,1148.67,1092.04459016393,56.6254098360657
2010-09-27,1142.16,1093.87163934426,48.2883606557377
2010-09-28,1147.7,1095.84426229508,51.8557377049181
2010-09-29,1144.73,1097.84672131148,46.8832786885246
2010-09-30,1141.2,1099.70147540984,41.4985245901639
2010-10-01,1146.24,1101.11081967213,45.1291803278689
2010-10-04,1137.03,1102.20557377049,34.8244262295082
2010-10-05,1160.74,1103.56262295082,57.1773770491804
2010-10-06,1159.97,1104.89409836066,55.0759016393442
2010-10-07,1158.06,1105.92229508197,52.1377049180328
2010-10-08,1165.15,1107.06950819672,58.0804918032788
2010-10-11,1165.32,1108.19803278689,57.1219672131147
2010-10-12,1169.77,1109.91754098361,59.8524590163934
2010-10-13,1178.1,1111.66918032787,66.4308196721311
2010-10-14,1173.81,1113.15,60.6599999999999
2010-10-15,1176.19,1114.89754098361,61.2924590163934
2010-10-18,1184.71,1116.39,68.3199999999999
2010-10-19,1165.9,1117.42672131148,48.4732786885247
2010-10-20,1178.17,1118.46213114754,59.7078688524591
2010-10-21,1180.26,1119.55098360656,60.7090163934427
2010-10-22,1183.08,1120.81245901639,62.2675409836065
2010-10-25,1185.62,1122.19098360656,63.4290163934425
2010-10-26,1185.64,1123.56868852459,62.0713114754099
2010-10-27,1182.45,1124.49639344262,57.953606557377
2010-10-28,1183.78,1125.53442622951,58.2455737704918
2010-10-29,1183.26,1126.45278688525,56.8072131147542
2010-11-01,1184.38,1127.41295081967,56.9670491803279
2010-11-02,1193.57,1128.59213114754,64.9778688524589
2010-11-03,1197.96,1129.74245901639,68.2175409836066
2010-11-04,1221.06,1131.38180327869,89.6781967213115
2010-11-05,1225.85,1133.61754098361,92.2324590163932
2010-11-08,1223.25,1135.90672131148,87.3432786885246
2010-11-09,1213.4,1138.10590163934,75.2940983606559
2010-11-10,1218.71,1140.39,78.3199999999999
2010-11-11,1213.54,1142.37360655738,71.1663934426228
2010-11-12,1199.21,1144.09573770492,55.114262295082
2010-11-15,1197.75,1146.09770491803,51.6522950819672
2010-11-16,1178.34,1147.84606557377,30.4939344262295
2010-11-17,1178.59,1149.66950819672,28.9204918032785
2010-11-18,1196.69,1152.04360655738,44.6463934426231
2010-11-19,1199.73,1154.41081967213,45.3191803278689
2010-11-22,1197.84,1156.88,40.96
2010-11-23,1180.73,1158.78393442623,21.9460655737705
2010-11-24,1198.35,1161.23360655738,37.1163934426229
2010-11-26,1189.4,1163.52983606557,25.8701639344263
2010-11-29,1187.76,1165.29163934426,22.4683606557378
2010-11-30,1180.55,1166.77442622951,13.7755737704917
2010-12-01,1206.07,1168.4393442623,37.630655737705
2010-12-02,1221.53,1170.56540983607,50.9645901639344
2010-12-03,1224.71,1172.62836065574,52.0816393442624
2010-12-06,1223.12,1174.57819672131,48.5418032786883
2010-12-07,1223.75,1176.45032786885,47.2996721311476
2010-12-08,1228.28,1178.19426229508,50.0857377049181
2010-12-09,1233,1180.02868852459,52.97131147541
2010-12-10,1240.4,1181.9193442623,58.4806557377051
2010-12-13,1240.46,1183.81770491803,56.6422950819672
2010-12-14,1241.59,1185.7193442623,55.8706557377047
2010-12-15,1235.23,1187.23606557377,47.9939344262295
2010-12-16,1242.87,1188.92606557377,53.9439344262294
2010-12-17,1243.91,1190.72327868852,53.1867213114756
2010-12-20,1247.08,1192.72737704918,54.3526229508195
2010-12-21,1254.6,1194.46393442623,60.1360655737703
2010-12-22,1258.84,1196.37672131148,62.4632786885245
2010-12-23,1256.77,1198.16475409836,58.6052459016394
2010-12-27,1257.54,1200.01409836066,57.5259016393443
2010-12-28,1258.51,1201.93721311475,56.5727868852459
2010-12-29,1259.78,1203.79852459016,55.9814754098361
2010-12-30,1257.88,1205.77967213115,52.1003278688527
2010-12-31,1257.64,1207.36819672131,50.2718032786886
2011-01-03,1271.87,1209.20262295082,62.6673770491802
2011-01-04,1270.2,1211.04098360656,59.1590163934427
2011-01-05,1276.56,1212.86737704918,63.6926229508197
2011-01-06,1273.85,1214.64655737705,59.2034426229507
2011-01-07,1271.5,1216.31426229508,55.185737704918
2011-01-10,1269.75,1217.81672131148,51.9332786885245
2011-01-11,1274.48,1219.46704918033,55.0129508196721
2011-01-12,1285.96,1221.26655737705,64.6934426229509
2011-01-13,1283.76,1222.89032786885,60.8696721311476
2011-01-14,1293.24,1224.97786885246,68.2621311475409
2011-01-18,1295.02,1226.89344262295,68.1265573770493
2011-01-19,1281.92,1228.56,53.3600000000001
2011-01-20,1280.26,1230.1531147541,50.1068852459016
2011-01-21,1283.35,1231.75524590164,51.5947540983607
2011-01-24,1290.84,1233.47983606557,57.360163934426
2011-01-25,1291.18,1235.26229508197,55.9177049180328
2011-01-26,1296.63,1237.11229508197,59.5177049180329
2011-01-27,1299.54,1239.01852459016,60.5214754098361
2011-01-28,1276.34,1240.52606557377,35.8139344262295
2011-01-31,1286.12,1242.04327868852,44.0767213114752
2011-02-01,1307.59,1243.84049180328,63.7495081967213
2011-02-02,1304.03,1245.2006557377,58.8293442622951
2011-02-03,1307.1,1246.53262295082,60.5673770491803
2011-02-04,1310.87,1247.96901639344,62.9009836065572
2011-02-07,1319.05,1249.70098360656,69.3490163934425
2011-02-08,1324.57,1251.43639344262,73.1336065573771
2011-02-09,1320.88,1253.19606557377,67.6839344262296
2011-02-10,1321.87,1255.2068852459,66.6631147540982
2011-02-11,1329.15,1257.36098360656,71.7890163934428
2011-02-14,1332.32,1259.88524590164,72.4347540983606
2011-02-15,1328.01,1262.33475409836,65.6752459016393
2011-02-16,1336.32,1264.6237704918,71.6962295081967
2011-02-17,1340.43,1266.93032786885,73.4996721311477
2011-02-18,1343.01,1269.31016393443,73.6998360655739
2011-02-22,1315.44,1271.51852459016,43.9214754098361
2011-02-23,1307.4,1273.3062295082,34.0937704918033
2011-02-24,1306.1,1275.2193442623,30.880655737705
2011-02-25,1319.88,1277.38524590164,42.4947540983608
2011-02-28,1327.22,1279.78967213115,47.4303278688526
2011-03-01,1306.33,1281.43327868852,24.8967213114754
2011-03-02,1308.44,1282.85803278689,25.5819672131149
2011-03-03,1330.97,1284.6,46.3700000000001
2011-03-04,1321.15,1286.20704918033,34.9429508196722
2011-03-07,1310.13,1287.6231147541,22.5068852459017
2011-03-08,1321.82,1289.15655737705,32.6634426229507
2011-03-09,1320.02,1290.5831147541,29.4368852459015
2011-03-10,1295.11,1291.48,3.62999999999988
2011-03-11,1304.28,1292.5262295082,11.7537704918032
2011-03-14,1296.39,1293.42459016393,2.96540983606565
2011-03-15,1281.87,1294.18918032787,-12.3191803278689
2011-03-16,1256.88,1294.41885245902,-37.5388524590162
2011-03-17,1273.72,1294.90754098361,-21.1875409836066
2011-03-18,1279.2,1295.43409836066,-16.2340983606557
2011-03-21,1298.38,1296.15180327869,2.22819672131163
2011-03-22,1293.77,1296.72442622951,-2.95442622950827
2011-03-23,1297.54,1297.39278688525,0.147213114754095
2011-03-24,1309.66,1298.24721311475,11.4127868852461
2011-03-25,1313.8,1299.15360655738,14.6463934426229
2011-03-28,1310.19,1299.98,10.21
2011-03-29,1319.44,1300.98918032787,18.4508196721313
2011-03-30,1328.26,1302.1468852459,26.1131147540984
2011-03-31,1325.83,1303.03147540984,22.7985245901639
2011-04-01,1332.41,1304.05131147541,28.3586885245902
2011-04-04,1332.87,1304.97442622951,27.8955737704916
2011-04-05,1332.63,1305.93803278689,26.6919672131148
2011-04-06,1335.54,1306.98786885246,28.5521311475409
2011-04-07,1333.51,1308.0331147541,25.4768852459017
2011-04-08,1328.17,1308.91327868852,19.2567213114755
2011-04-11,1324.46,1309.54442622951,14.9155737704918
2011-04-12,1314.16,1310.04278688525,4.11721311475412
2011-04-13,1314.41,1310.38983606557,4.02016393442636
2011-04-14,1314.52,1310.70950819672,3.81049180327864
2011-04-15,1319.68,1311.32852459016,8.35147540983621
2011-04-18,1305.14,1311.73639344262,-6.59639344262291
2011-04-19,1312.62,1312.2162295082,0.403770491803243
2011-04-20,1330.36,1312.86409836066,17.4959016393441
2011-04-21,1337.38,1313.62147540984,23.7585245901641
2011-04-25,1335.25,1314.25459016393,20.9954098360656
2011-04-26,1347.24,1315.03655737705,32.2034426229509
2011-04-27,1355.66,1316.3368852459,39.3231147540985
2011-04-28,1360.48,1317.55590163934,42.9240983606558
2011-04-29,1363.61,1318.47426229508,45.135737704918
2011-05-02,1361.22,1319.41180327869,41.8081967213116
2011-05-03,1356.62,1320.22360655738,36.3963934426229
2011-05-04,1347.32,1320.82114754098,26.4988524590162
2011-05-05,1335.1,1321.08426229508,14.0157377049179
2011-05-06,1340.2,1321.34049180328,18.8595081967214
2011-05-09,1346.29,1321.75704918033,24.5329508196721
2011-05-10,1357.16,1322.33557377049,34.8244262295082
2011-05-11,1342.08,1322.54754098361,19.5324590163934
2011-05-12,1348.65,1322.81524590164,25.8347540983607
2011-05-13,1337.78,1322.97540983607,14.8045901639343
2011-05-16,1329.47,1322.8631147541,6.60688524590159
2011-05-17,1328.98,1322.67540983607,6.30459016393434
2011-05-18,1340.68,1322.63721311475,18.042786885246
2011-05-19,1343.6,1323.09885245902,20.5011475409835
2011-05-20,1333.27,1323.52295081967,9.74704918032785
2011-05-23,1317.37,1323.70770491803,-6.33770491803284
2011-05-24,1316.28,1323.64868852459,-7.3686885245902
2011-05-25,1320.47,1323.53803278689,-3.06803278688517
2011-05-26,1325.69,1323.85540983607,1.83459016393454
2011-05-27,1331.1,1324.2268852459,6.8731147540982
2011-05-31,1345.2,1324.46016393443,20.7398360655739
2011-06-01,1314.55,1324.35196721311,-9.80196721311472
2011-06-02,1312.94,1324.39803278689,-11.4580327868853
2011-06-03,1300.16,1324.04295081967,-23.882950819672
2011-06-06,1286.17,1323.48803278689,-37.3180327868852
2011-06-07,1284.94,1323.32131147541,-38.3813114754098
2011-06-08,1279.56,1322.91606557377,-43.3560655737706
2011-06-09,1289,1322.79491803279,-33.7949180327869
2011-06-10,1270.98,1322.61639344262,-51.6363934426229
2011-06-13,1271.83,1322.86147540984,-51.031475409836
2011-06-14,1287.87,1323.09344262295,-35.2234426229509
2011-06-15,1265.42,1322.86754098361,-57.4475409836066
2011-06-16,1267.64,1322.36360655738,-54.723606557377
2011-06-17,1271.5,1321.99852459016,-50.4985245901639
2011-06-20,1278.36,1321.68409836066,-43.3240983606559
2011-06-21,1295.52,1321.45229508197,-25.9322950819671
2011-06-22,1287.14,1321.01524590164,-33.8752459016393
2011-06-23,1283.5,1320.57770491803,-37.0777049180329
2011-06-24,1268.45,1319.74180327869,-51.2918032786886
2011-06-27,1280.1,1318.95229508197,-38.8522950819672
2011-06-28,1296.67,1318.47426229508,-21.8042622950818
2011-06-29,1307.41,1318.06442622951,-10.6544262295081
2011-06-30,1320.64,1317.86393442623,2.77606557377067
2011-07-01,1339.67,1317.9793442623,21.6906557377049
2011-07-05,1337.88,1318.01770491803,19.8622950819672
2011-07-06,1339.22,1318.11131147541,21.1086885245902
2011-07-07,1353.22,1318.52196721311,34.6980327868853
2011-07-08,1343.8,1318.83901639344,24.9609836065574
2011-07-11,1319.49,1318.92639344262,0.563606557376943
2011-07-12,1313.64,1318.9137704918,-5.27377049180313
2011-07-13,1317.72,1318.9662295082,-1.24622950819662
2011-07-14,1308.87,1318.78901639344,-9.91901639344269
2011-07-15,1316.14,1318.9693442623,-2.82934426229508
2011-07-18,1305.44,1318.85163934426,-13.4116393442623
2011-07-19,1326.73,1318.79213114754,7.93786885245913
2011-07-20,1325.84,1318.60295081967,7.23704918032786
2011-07-21,1343.8,1318.7431147541,25.0568852459016
2011-07-22,1345.02,1318.70672131148,26.3132786885246
2011-07-25,1337.43,1318.40786885246,19.0221311475411
2011-07-26,1331.94,1317.94,14
2011-07-27,1304.89,1316.97737704918,-12.0873770491803
2011-07-28,1300.67,1315.98475409836,-15.3147540983605
2011-07-29,1292.28,1314.93,-22.6500000000001
2011-08-01,1286.94,1313.94016393443,-27.0001639344262
2011-08-02,1254.05,1312.61147540984,-58.561475409836
2011-08-03,1260.34,1311.30229508197,-50.9622950819673
2011-08-04,1200.07,1308.90524590164,-108.835245901639
2011-08-05,1199.38,1306.31868852459,-106.93868852459
2011-08-08,1119.46,1302.66918032787,-183.209180327869
2011-08-09,1172.53,1299.78196721311,-127.251967213115
2011-08-10,1120.76,1296.22426229508,-175.464262295082
2011-08-11,1172.64,1293.65327868852,-121.013278688524
2011-08-12,1178.81,1291.19147540984,-112.381475409836
2011-08-15,1204.49,1288.95885245902,-84.4688524590165
2011-08-16,1192.76,1286.48606557377,-93.7260655737705
2011-08-17,1193.89,1284.20114754098,-90.3111475409835
2011-08-18,1140.65,1281.30409836066,-140.654098360656
2011-08-19,1123.53,1278.14426229508,-154.614262295082
2011-08-22,1123.82,1274.92049180328,-151.100491803279
2011-08-23,1162.35,1272.24278688525,-109.892786885246
2011-08-24,1177.6,1269.72639344262,-92.1263934426231
2011-08-25,1159.27,1266.67836065574,-107.408360655738
2011-08-26,1176.8,1264.42016393443,-87.6201639344263
2011-08-29,1210.08,1262.73393442623,-52.6539344262296
2011-08-30,1212.92,1261.3037704918,-48.3837704918033
2011-08-31,1218.89,1260.20081967213,-41.3108196721309
2011-09-01,1204.42,1258.88081967213,-54.460819672131
2011-09-02,1173.97,1257.14983606557,-83.1798360655737
2011-09-06,1165.24,1255.12098360656,-89.8809836065575
2011-09-07,1198.62,1253.93475409836,-55.3147540983607
2011-09-08,1185.9,1252.52606557377,-66.6260655737703
2011-09-09,1154.23,1250.33524590164,-96.1052459016394
2011-09-12,1162.27,1248.64426229508,-86.374262295082
2011-09-13,1172.87,1247.0906557377,-74.2206557377051
2011-09-14,1188.68,1245.73295081967,-57.0529508196721
2011-09-15,1209.11,1244.59770491803,-35.4877049180329
2011-09-16,1216.01,1243.29426229508,-27.284262295082
2011-09-19,1204.09,1241.93278688525,-37.8427868852459
2011-09-20,1202.09,1240.59819672131,-38.5081967213116
2011-09-21,1166.76,1238.93114754098,-72.1711475409836
2011-09-22,1129.56,1236.46327868852,-106.903278688525
2011-09-23,1136.43,1233.83639344262,-97.4063934426229
2011-09-26,1162.95,1231.46819672131,-68.5181967213114
2011-09-27,1175.38,1229.0868852459,-53.7068852459015
2011-09-28,1151.06,1225.99491803279,-74.934918032787
2011-09-29,1160.4,1223.08540983607,-62.6854098360654
2011-09-30,1131.42,1219.67885245902,-88.2588524590162
2011-10-03,1099.23,1215.51508196721,-116.285081967213
2011-10-04,1123.95,1211.91098360656,-87.9609836065574
2011-10-05,1144.03,1209.03459016393,-65.0045901639344
2011-10-06,1164.97,1206.59737704918,-41.6273770491803
2011-10-07,1155.46,1203.93737704918,-48.4773770491804
2011-10-10,1194.89,1202.06885245902,-7.1788524590163
2011-10-11,1195.54,1200.09180327869,-4.55180327868857
2011-10-12,1207.25,1198.48213114754,8.76786885245906
2011-10-13,1203.66,1196.46459016393,7.19540983606566
2011-10-14,1224.58,1194.80459016393,29.7754098360656
2011-10-17,1200.86,1192.46131147541,8.39868852459017
2011-10-18,1225.38,1190.5,34.8800000000001
2011-10-19,1209.88,1188.40901639344,21.4709836065574
2011-10-20,1215.39,1186.49836065574,28.8916393442623
2011-10-21,1238.25,1185.40590163934,52.8440983606558
2011-10-24,1254.19,1184.64393442623,69.5460655737706
2011-10-25,1229.05,1183.60737704918,45.4426229508197
2011-10-26,1242,1182.8706557377,59.129344262295
2011-10-27,1284.59,1183.37131147541,101.21868852459
2011-10-28,1285.09,1183.77704918033,101.312950819672
2011-10-31,1253.3,1184.64967213115,68.6503278688524
2011-11-01,1218.28,1184.95950819672,33.3204918032786
2011-11-02,1237.9,1186.90114754098,50.9988524590165
2011-11-03,1261.15,1188.35393442623,72.7960655737706
2011-11-04,1253.23,1190.52557377049,62.7044262295083
2011-11-07,1261.12,1191.97606557377,69.1439344262294
2011-11-08,1275.92,1193.56803278689,82.3519672131149
2011-11-09,1229.1,1193.97147540984,35.1285245901638
2011-11-10,1239.69,1194.74081967213,44.9491803278688
2011-11-11,1263.85,1195.88770491803,67.9622950819671
2011-11-14,1251.78,1197.70950819672,54.0704918032786
2011-11-15,1257.81,1199.91081967213,57.8991803278689
2011-11-16,1236.91,1201.76475409836,35.1452459016393
2011-11-17,1216.13,1202.64639344262,13.4836065573772
2011-11-18,1215.65,1203.27016393443,12.379836065574
2011-11-21,1192.98,1203.82278688525,-10.8427868852459
2011-11-22,1188.04,1204.00704918033,-15.9670491803279
2011-11-23,1161.79,1203.21540983607,-41.4254098360657
2011-11-25,1158.67,1202.32606557377,-43.6560655737703
2011-11-28,1192.55,1201.89426229508,-9.34426229508199
2011-11-29,1195.19,1201.74295081967,-6.5529508196721
2011-11-30,1246.96,1202.93950819672,44.0204918032787
2011-12-01,1244.58,1204.24016393443,40.3398360655738
2011-12-02,1244.28,1204.98868852459,39.2913114754099
2011-12-05,1257.08,1206.15557377049,50.9244262295081
2011-12-06,1258.47,1207.86442622951,50.6055737704919
2011-12-07,1261.01,1209.4831147541,51.5268852459017
2011-12-08,1234.35,1210.49098360656,23.8590163934425
2011-12-09,1255.19,1211.58131147541,43.6086885245902
2011-12-12,1236.47,1212.02983606557,24.4401639344262
2011-12-13,1225.73,1212.18918032787,13.5408196721312
2011-12-14,1211.82,1212.31590163934,-0.495901639344311
2011-12-15,1215.75,1212.53983606557,3.21016393442619
2011-12-16,1219.66,1213.40704918033,6.25295081967215
2011-12-19,1205.35,1214.64950819672,-9.29950819672149
2011-12-20,1241.3,1216.36868852459,24.9313114754098
2011-12-21,1243.72,1217.69278688525,26.0272131147542
2011-12-22,1254,1218.98163934426,35.0183606557378
2011-12-23,1265.33,1220.85491803279,44.4750819672131
2011-12-27,1265.43,1222.57672131148,42.8532786885246
2011-12-28,1249.64,1224.51475409836,25.1252459016393
2011-12-29,1263.02,1227.19983606557,35.8201639344263
2011-12-30,1257.6,1229.39081967213,28.2091803278688
2012-01-03,1277.06,1231.57163934426,45.4883606557376
2012-01-04,1277.3,1233.4131147541,43.8868852459016
2012-01-05,1281.06,1235.47213114754,45.587868852459
2012-01-06,1277.81,1236.83147540984,40.9785245901639
2012-01-09,1280.7,1238.22754098361,42.4724590163935
2012-01-10,1292.08,1239.61819672131,52.4618032786884
2012-01-11,1292.48,1241.07426229508,51.405737704918
2012-01-12,1295.5,1242.2368852459,53.2631147540983
2012-01-13,1289.09,1243.68327868852,45.4067213114754
2012-01-17,1293.67,1244.80278688525,48.8672131147541
2012-01-18,1308.04,1246.41196721311,61.6280327868851
2012-01-19,1314.5,1248.03672131148,66.4632786885245
2012-01-20,1315.38,1249.30114754098,66.0788524590166
2012-01-23,1316,1250.31442622951,65.6855737704918
2012-01-24,1314.65,1251.71770491803,62.9322950819674
2012-01-25,1326.05,1253.09557377049,72.954426229508
2012-01-26,1318.43,1253.65032786885,64.7796721311477
2012-01-27,1316.33,1254.16245901639,62.1675409836064
2012-01-30,1313.01,1255.14131147541,57.8686885245902
2012-01-31,1312.41,1256.68442622951,55.7255737704918
2012-02-01,1324.09,1258.09737704918,65.9926229508196
2012-02-02,1325.54,1259.15295081967,66.387049180328
2012-02-03,1344.9,1260.65573770492,84.2442622950821
2012-02-06,1344.33,1262.01983606557,82.3101639344261
2012-02-07,1347.05,1263.18590163934,83.8640983606556
2012-02-08,1349.96,1265.16721311475,84.792786885246
2012-02-09,1351.95,1267.00754098361,84.9424590163935
2012-02-10,1342.64,1268.29918032787,74.3408196721311
2012-02-13,1351.77,1269.93836065574,81.8316393442624
2012-02-14,1350.5,1271.45786885246,79.0421311475409
2012-02-15,1343.23,1273.20081967213,70.029180327869
2012-02-16,1358.04,1275.52721311475,82.5127868852458
2012-02-17,1361.23,1277.9137704918,83.3162295081968
2012-02-21,1362.21,1280.68803278689,81.5219672131147
2012-02-22,1357.66,1283.46868852459,74.19131147541
2012-02-23,1363.46,1286.77475409836,76.6852459016393
2012-02-24,1365.74,1290.1693442623,75.570655737705
2012-02-27,1367.59,1293.03885245902,74.5511475409835
2012-02-28,1372.18,1295.94032786885,76.2396721311477
2012-02-29,1365.68,1297.88655737705,67.7934426229508
2012-03-01,1374.09,1300.00967213115,74.0803278688525
2012-03-02,1369.63,1302.06459016393,67.5654098360658
2012-03-05,1364.33,1303.82278688525,60.507213114754
2012-03-06,1343.36,1305.21442622951,38.1455737704916
2012-03-07,1352.63,1306.71639344262,45.9136065573771
2012-03-08,1365.91,1308.8731147541,57.0368852459017
2012-03-09,1370.87,1310.76950819672,60.1004918032786
2012-03-12,1371.09,1312.97639344262,58.1136065573769
2012-03-13,1395.95,1315.7668852459,80.1831147540984
2012-03-14,1394.28,1318.75803278689,75.5219672131147
2012-03-15,1402.6,1321.82114754098,80.7788524590162
2012-03-16,1404.17,1324.84590163934,79.3240983606559
2012-03-19,1409.75,1328.19672131148,81.5532786885246
2012-03-20,1405.52,1330.88885245902,74.6311475409836
2012-03-21,1402.89,1333.49819672131,69.3918032786887
2012-03-22,1392.78,1335.77327868852,57.0067213114753
2012-03-23,1397.11,1337.93360655738,59.1763934426228
2012-03-26,1416.51,1340.41032786885,76.0996721311476
2012-03-27,1412.52,1343.08049180328,69.4395081967214
2012-03-28,1405.54,1345.4168852459,60.1231147540984
2012-03-29,1403.28,1347.80508196721,55.4749180327869
2012-03-30,1408.47,1349.9593442623,58.5106557377048
2012-04-02,1419.04,1352.28295081967,66.7570491803278
2012-04-03,1413.38,1354.45213114754,58.9278688524591
2012-04-04,1398.96,1356.43819672131,42.5218032786886
2012-04-05,1398.08,1358.36245901639,39.7175409836066
2012-04-09,1382.2,1359.83983606557,22.3601639344263
2012-04-10,1358.59,1360.92360655738,-2.33360655737715
2012-04-11,1368.71,1362.1237704918,6.58622950819677
2012-04-12,1387.57,1363.73819672131,23.8318032786885
2012-04-13,1370.26,1364.9937704918,5.2662295081966
2012-04-16,1369.57,1366.00245901639,3.56754098360648
2012-04-17,1390.78,1367.25295081967,23.5270491803278
2012-04-18,1385.14,1368.39655737705,16.7434426229509
2012-04-19,1376.92,1369.39524590164,7.52475409836075
2012-04-20,1378.53,1370.44245901639,8.08754098360646
2012-04-23,1366.94,1371.11278688525,-4.17278688524584
2012-04-24,1371.97,1371.99049180328,-0.0204918032786736
2012-04-25,1390.69,1373.20950819672,17.4804918032787
2012-04-26,1399.98,1374.63524590164,25.3447540983607
2012-04-27,1403.36,1376.1262295082,27.2337704918032
2012-04-30,1397.91,1377.33639344262,20.5736065573772
2012-05-01,1405.82,1378.65245901639,27.1675409836064
2012-05-02,1402.31,1379.59360655738,22.7163934426228
2012-05-03,1391.57,1380.36803278689,11.2019672131146
2012-05-04,1369.1,1380.72950819672,-11.6295081967214
2012-05-07,1369.58,1381.05114754098,-11.4711475409836
2012-05-08,1363.72,1381.24409836066,-17.5240983606557
2012-05-09,1354.58,1381.43983606557,-26.8598360655737
2012-05-10,1357.99,1381.54180327869,-23.5518032786886
2012-05-11,1353.39,1381.58918032787,-28.1991803278688
2012-05-14,1338.35,1381.50918032787,-43.1591803278689
2012-05-15,1330.66,1381.06032786885,-50.4003278688524
2012-05-16,1324.8,1380.4631147541,-55.6631147540984
2012-05-17,1304.86,1379.52295081967,-74.6629508196722
2012-05-18,1295.22,1378.4993442623,-83.2793442622951
2012-05-21,1315.99,1377.72114754098,-61.7311475409836
2012-05-22,1316.63,1376.91606557377,-60.2860655737704
2012-05-23,1318.86,1376.11721311475,-57.2572131147542
2012-05-24,1320.68,1375.27295081967,-54.5929508196721
2012-05-25,1317.82,1374.48836065574,-56.6683606557378
2012-05-29,1332.42,1373.80524590164,-41.3852459016393
2012-05-30,1313.32,1372.88213114754,-59.5621311475411
2012-05-31,1310.33,1371.9968852459,-61.6668852459018
2012-06-01,1278.04,1370.92606557377,-92.8860655737706
2012-06-04,1278.18,1369.70557377049,-91.5255737704917
2012-06-05,1285.5,1368.38737704918,-82.8873770491803
2012-06-06,1315.13,1367.47360655738,-52.3436065573769
2012-06-07,1314.99,1366.55393442623,-51.5639344262295
2012-06-08,1325.66,1365.40163934426,-39.7416393442622
2012-06-11,1308.93,1364.00245901639,-55.0724590163934
2012-06-12,1324.18,1362.7168852459,-38.5368852459017
2012-06-13,1314.88,1361.2531147541,-46.3731147540982
2012-06-14,1329.1,1359.93098360656,-30.8309836065575
2012-06-15,1342.84,1358.90344262295,-16.0634426229508
2012-06-18,1344.78,1357.95081967213,-13.1708196721311
2012-06-19,1357.98,1357.38032786885,0.599672131147599
2012-06-20,1355.69,1356.70131147541,-1.01131147540968
2012-06-21,1325.51,1355.20950819672,-29.6995081967214
2012-06-22,1335.02,1353.93901639344,-18.9190163934427
2012-06-25,1313.72,1352.4337704918,-38.7137704918032
2012-06-26,1319.98,1351.06819672131,-31.0881967213115
2012-06-27,1331.85,1349.81213114754,-17.9621311475412
2012-06-28,1329.04,1348.33672131148,-19.2967213114755
2012-06-29,1362.16,1347.49704918033,14.6629508196722
2012-07-02,1365.51,1346.94868852459,18.5613114754099
2012-07-03,1374.02,1346.55426229508,27.465737704918
2012-07-05,1367.58,1346.31459016393,21.2654098360656
2012-07-06,1354.68,1346.25049180328,8.42950819672137
2012-07-09,1352.46,1345.98409836066,6.47590163934433
2012-07-10,1341.47,1345.22836065574,-3.75836065573776
2012-07-11,1341.45,1344.75606557377,-3.30606557377041
2012-07-12,1334.76,1344.18540983607,-9.42540983606568
2012-07-13,1356.78,1343.62803278689,13.1519672131146
2012-07-16,1353.64,1343.11163934426,10.5283606557377
2012-07-17,1363.67,1342.89442622951,20.775573770492
2012-07-18,1372.78,1342.80016393443,29.9798360655736
2012-07-19,1376.51,1342.95704918033,33.5529508196721
2012-07-20,1362.66,1342.80442622951,19.8555737704919
2012-07-23,1350.52,1342.14590163934,8.37409836065581
2012-07-24,1338.31,1341.13491803279,-2.82491803278685
2012-07-25,1337.89,1340.06163934426,-2.1716393442623
2012-07-26,1360.02,1339.44049180328,20.5795081967212
2012-07-27,1385.97,1339.11508196721,46.8549180327868
2012-07-30,1385.3,1338.8362295082,46.4637704918032
2012-07-31,1379.32,1338.63540983607,40.6845901639344
2012-08-01,1375.14,1338.73442622951,36.4055737704919
2012-08-02,1365,1338.6593442623,26.340655737705
2012-08-03,1390.99,1339.10639344262,51.8836065573771
2012-08-06,1394.23,1339.75639344262,54.473606557377
2012-08-07,1401.35,1340.46721311475,60.8827868852459
2012-08-08,1402.22,1341.26770491803,60.9522950819671
2012-08-09,1402.8,1342.32426229508,60.475737704918
2012-08-10,1405.87,1343.55721311475,62.3127868852457
2012-08-13,1404.11,1344.85737704918,59.2526229508196
2012-08-14,1403.93,1346.48147540984,57.448524590164
2012-08-15,1405.53,1348.28983606557,57.2401639344262
2012-08-16,1415.51,1349.92131147541,65.5886885245902
2012-08-17,1418.16,1351.58573770492,66.574262295082
2012-08-20,1418.13,1353.2131147541,64.9168852459018
2012-08-21,1413.17,1354.7293442623,58.4406557377049
2012-08-22,1413.49,1356.29770491803,57.1922950819671
2012-08-23,1402.08,1357.43967213115,44.6403278688524
2012-08-24,1411.13,1359.0431147541,52.0868852459018
2012-08-27,1410.44,1360.68426229508,49.7557377049181
2012-08-28,1409.3,1362.83606557377,46.4639344262293
2012-08-29,1410.49,1365.00508196721,45.4849180327869
2012-08-30,1399.48,1366.87360655738,32.6063934426229
2012-08-31,1406.58,1368.37278688525,38.207213114754
2012-09-04,1404.94,1369.84737704918,35.0926229508198
2012-09-05,1403.44,1371.12245901639,32.3175409836067
2012-09-06,1432.12,1373.14196721311,58.978032786885
2012-09-07,1437.92,1375.00655737705,62.9134426229509
2012-09-10,1429.08,1376.87868852459,52.2013114754097
2012-09-11,1433.56,1378.59114754098,54.9688524590163
2012-09-12,1436.56,1380.12754098361,56.4324590163933
2012-09-13,1459.99,1382.0162295082,77.9737704918032
2012-09-14,1465.77,1383.78327868852,81.9867213114753
2012-09-17,1461.19,1385.51278688525,75.6772131147541
2012-09-18,1459.32,1387.70639344262,71.6136065573769
2012-09-19,1461.05,1389.77245901639,71.2775409836065
2012-09-20,1460.26,1392.17475409836,68.0852459016394
2012-09-21,1460.15,1394.47262295082,65.6773770491804
2012-09-24,1456.89,1396.52245901639,60.3675409836067
2012-09-25,1441.59,1398.36754098361,43.2224590163933
2012-09-26,1433.32,1399.53409836066,33.7859016393443
2012-09-27,1447.15,1400.87245901639,46.2775409836067
2012-09-28,1440.67,1401.96508196721,38.704918032787
2012-10-01,1444.49,1403.22590163934,41.2640983606557
2012-10-02,1445.75,1404.71885245902,41.0311475409835
2012-10-03,1450.99,1406.33409836066,44.6559016393442
2012-10-04,1461.4,1408.30016393443,53.0998360655738
2012-10-05,1460.93,1410.25885245902,50.6711475409836
2012-10-08,1455.88,1412.24442622951,43.6355737704919
2012-10-09,1441.48,1413.63295081967,27.847049180328
2012-10-10,1432.56,1414.92672131148,17.6332786885246
2012-10-11,1432.84,1416.0606557377,16.7793442622949
2012-10-12,1428.59,1416.97557377049,11.6144262295081
2012-10-15,1440.13,1418.01852459016,22.1114754098362
2012-10-16,1454.92,1419.53098360656,35.3890163934427
2012-10-17,1460.91,1421.3406557377,39.5693442622951
2012-10-18,1457.34,1423.29196721311,34.0480327868852
2012-10-19,1433.19,1424.85426229508,8.33573770491807
2012-10-22,1433.82,1426.06409836066,7.7559016393443
2012-10-23,1413.11,1426.50901639344,-13.3990163934427
2012-10-24,1408.75,1426.89344262295,-18.1434426229507
2012-10-25,1412.97,1427.44508196721,-14.4750819672131
2012-10-26,1411.94,1428.04836065574,-16.1083606557377
2012-10-31,1412.16,1428.82147540984,-16.6614754098359
2012-11-01,1427.59,1429.42147540984,-1.83147540983623
2012-11-02,1414.2,1429.74885245902,-15.5488524590164
2012-11-05,1417.26,1430.00967213115,-12.7496721311475
2012-11-06,1428.39,1430.43868852459,-2.04868852459003
2012-11-07,1394.53,1430.3031147541,-35.7731147540983
2012-11-08,1377.51,1429.83819672131,-52.3281967213115
2012-11-09,1379.85,1429.44049180328,-49.5904918032788
2012-11-12,1380.03,1429.04868852459,-49.0186885245903
2012-11-13,1374.53,1428.54049180328,-54.0104918032787
2012-11-14,1355.49,1427.55655737705,-72.0665573770491
2012-11-15,1353.33,1426.4937704918,-73.1637704918035
2012-11-16,1359.88,1425.53885245902,-65.6588524590163
2012-11-19,1386.89,1425.10803278689,-38.2180327868853
2012-11-20,1387.81,1424.68704918033,-36.877049180328
2012-11-21,1391.03,1424.50590163934,-33.4759016393443
2012-11-23,1409.15,1424.47344262295,-15.3234426229508
2012-11-26,1406.29,1424.40540983607,-18.1154098360655
2012-11-27,1398.94,1424.23557377049,-25.2955737704917
2012-11-28,1409.93,1424.22639344262,-14.296393442623
2012-11-29,1415.95,1424.49639344262,-8.54639344262296
2012-11-30,1416.18,1424.6537704918,-8.47377049180318
2012-12-03,1409.46,1424.72786885246,-15.2678688524591
2012-12-04,1407.05,1424.78704918033,-17.7370491803279
2012-12-05,1409.28,1424.41262295082,-15.1326229508197
2012-12-06,1413.94,1424.01950819672,-10.0795081967212
2012-12-07,1418.07,1423.83901639344,-5.7690163934426
2012-12-10,1418.55,1423.59295081967,-5.04295081967211
2012-12-11,1427.84,1423.45,4.38999999999987
2012-12-12,1428.48,1422.93344262295,5.54655737704911
2012-12-13,1419.45,1422.17409836066,-2.72409836065572
2012-12-14,1413.58,1421.39360655738,-7.81360655737717
2012-12-17,1430.36,1420.91885245902,9.44114754098359
2012-12-18,1446.79,1420.68508196721,26.1049180327868
2012-12-19,1435.81,1420.28426229508,15.5257377049179
2012-12-20,1443.69,1420.01442622951,23.6755737704918
2012-12-21,1430.15,1419.57606557377,10.5739344262297
2012-12-24,1426.66,1419.33131147541,7.32868852459023
2012-12-26,1419.83,1419.11016393443,0.719836065573645
2012-12-27,1418.1,1418.63393442623,-0.533934426229507
2012-12-28,1402.43,1418.00704918033,-15.5770491803278
2012-12-31,1426.19,1417.70704918033,8.48295081967217
2013-01-02,1462.42,1417.98032786885,44.4396721311475
2013-01-03,1459.37,1418.11770491803,41.2522950819671
2013-01-04,1466.47,1418.20081967213,48.269180327869
2013-01-07,1461.89,1418.21655737705,43.6734426229509
2013-01-08,1457.15,1418.23737704918,38.9126229508197
2013-01-09,1461.02,1418.55770491803,42.4622950819671
2013-01-10,1472.12,1419.2062295082,52.9137704918032
2013-01-11,1472.05,1419.84901639344,52.2009836065574
2013-01-14,1470.68,1420.53901639344,50.1409836065575
2013-01-15,1472.34,1421.06704918033,51.2729508196721
2013-01-16,1472.63,1421.35737704918,51.2726229508198
2013-01-17,1480.94,1421.68573770492,59.2542622950821
2013-01-18,1485.98,1422.15524590164,63.8247540983607
2013-01-22,1492.56,1423.12852459016,69.4314754098359
2013-01-23,1494.81,1424.12836065574,70.6816393442623
2013-01-24,1494.82,1425.46786885246,69.3521311475408
2013-01-25,1502.96,1427.01229508197,75.9477049180327
2013-01-28,1500.18,1428.44196721311,71.7380327868852
2013-01-29,1507.84,1430.01409836066,77.8259016393442
2013-01-30,1501.96,1431.4862295082,70.4737704918034
2013-01-31,1498.11,1432.64229508197,65.4677049180327
2013-02-01,1513.17,1434.26475409836,78.9052459016393
2013-02-04,1495.71,1435.55081967213,60.1591803278689
2013-02-05,1511.29,1436.90983606557,74.3801639344263
2013-02-06,1512.12,1438.83754098361,73.2824590163934
2013-02-07,1509.39,1440.99950819672,68.3904918032788
2013-02-08,1517.93,1443.2631147541,74.6668852459018
2013-02-11,1517.01,1445.50868852459,71.5013114754099
2013-02-12,1519.43,1447.88409836066,71.5459016393443
2013-02-13,1520.33,1450.58639344262,69.743606557377
2013-02-14,1521.38,1453.34131147541,68.0386885245903
2013-02-15,1519.79,1455.96278688525,63.8272131147542
2013-02-19,1530.94,1458.32426229508,72.615737704918
2013-02-20,1511.95,1460.3593442623,51.590655737705
2013-02-21,1502.42,1462.18540983607,40.2345901639344
2013-02-22,1515.6,1463.93049180328,51.6695081967212
2013-02-25,1487.85,1465.26754098361,22.5824590163934
2013-02-26,1496.94,1466.87409836066,30.0659016393442
2013-02-27,1515.99,1468.61278688525,47.3772131147541
2013-02-28,1514.68,1470.23131147541,44.4486885245901
2013-03-01,1518.2,1471.9037704918,46.2962295081968
2013-03-04,1525.2,1473.80114754098,51.3988524590163
2013-03-05,1539.79,1475.97721311475,63.8127868852459
2013-03-06,1541.46,1478.14409836066,63.3159016393442
2013-03-07,1544.26,1480.28049180328,63.9795081967213
2013-03-08,1551.18,1482.46262295082,68.7173770491804
2013-03-11,1556.22,1484.71950819672,71.5004918032787
2013-03-12,1552.48,1486.76278688525,65.717213114754
2013-03-13,1554.52,1488.82901639344,65.6909836065574
2013-03-14,1563.23,1491.18606557377,72.0439344262295
2013-03-15,1560.7,1493.59786885246,67.1021311475411
2013-03-18,1552.1,1495.59360655738,56.5063934426228
2013-03-19,1548.34,1497.25836065574,51.0816393442622
2013-03-20,1558.71,1499.2731147541,59.4368852459017
2013-03-21,1545.8,1500.94704918033,44.8529508196721
2013-03-22,1556.89,1503.02475409836,53.8652459016394
2013-03-25,1551.69,1505.07442622951,46.6155737704919
2013-03-26,1563.77,1507.43409836066,56.3359016393442
2013-03-27,1562.85,1509.80704918033,53.0429508196721
2013-03-28,1569.19,1512.54081967213,56.6491803278689
2013-04-01,1562.17,1514.77,47.4000000000001
2013-04-02,1570.25,1516.53770491803,53.7122950819671
2013-04-03,1553.69,1518.08393442623,35.6060655737706
2013-04-04,1559.98,1519.6168852459,40.3631147540984
2013-04-05,1553.28,1521.11508196721,32.1649180327868
2013-04-08,1563.07,1522.85147540984,40.218524590164
2013-04-09,1568.61,1524.61524590164,43.9947540983605
2013-04-10,1587.73,1526.51049180328,61.2195081967213
2013-04-11,1593.37,1528.4993442623,64.8706557377047
2013-04-12,1588.85,1530.43655737705,58.4134426229507
2013-04-15,1552.36,1531.74836065574,20.6116393442621
2013-04-16,1574.57,1533.41950819672,41.1504918032786
2013-04-17,1552.01,1534.58459016393,17.4254098360655
2013-04-18,1541.61,1535.49655737705,6.11344262295074
2013-04-19,1555.25,1536.52426229508,18.7257377049179
2013-04-22,1562.5,1537.63393442623,24.8660655737706
2013-04-23,1578.78,1539.01032786885,39.7696721311474
2013-04-24,1578.79,1540.25344262295,38.5365573770491
2013-04-25,1585.16,1541.64655737705,43.5134426229508
2013-04-26,1582.24,1542.8662295082,39.3737704918033
2013-04-29,1593.61,1544.36868852459,49.2413114754097
2013-04-30,1597.57,1545.99918032787,51.5708196721312
2013-05-01,1582.7,1547.13901639344,35.5609836065573
2013-05-02,1597.59,1548.80918032787,48.780819672131
2013-05-03,1614.42,1550.49983606557,63.9201639344262
2013-05-06,1617.5,1552.22737704918,65.2726229508196
2013-05-07,1625.96,1554.13836065574,71.8216393442624
2013-05-08,1632.69,1556.01967213115,76.6703278688526
2013-05-09,1626.67,1557.81737704918,68.8526229508198
2013-05-10,1633.7,1559.6906557377,74.0093442622951
2013-05-13,1633.77,1561.55032786885,72.2196721311475
2013-05-14,1650.34,1563.66442622951,86.6755737704918
2013-05-15,1658.78,1565.94295081967,92.8370491803278
2013-05-16,1650.47,1567.90245901639,82.5675409836065
2013-05-17,1667.47,1570.45196721311,97.0180327868852
2013-05-20,1666.29,1573.13836065574,93.1516393442623
2013-05-21,1669.16,1575.65573770492,93.5042622950821
2013-05-22,1655.35,1578.40163934426,76.9483606557376
2013-05-23,1650.51,1580.91918032787,69.5908196721311
2013-05-24,1649.6,1583.10950819672,66.4904918032787
2013-05-28,1660.06,1585.49278688525,74.5672131147539
2013-05-29,1648.36,1587.62655737705,60.7334426229506
2013-05-30,1654.41,1589.74475409836,64.6652459016395
2013-05-31,1630.74,1591.23573770492,39.5042622950821
2013-06-03,1640.42,1592.85803278689,47.5619672131149
2013-06-04,1631.38,1594.2862295082,37.0937704918033
2013-06-05,1608.9,1595.23245901639,13.6675409836066
2013-06-06,1622.56,1596.32,26.24
2013-06-07,1643.38,1597.81016393443,45.5698360655738
2013-06-10,1642.81,1599.25754098361,43.5524590163934
2013-06-11,1626.13,1600.28868852459,25.8413114754098
2013-06-12,1612.52,1601.13819672131,11.3818032786885
2013-06-13,1636.36,1602.51950819672,33.8404918032786
2013-06-14,1626.73,1603.80459016393,22.9254098360657
2013-06-17,1639.04,1605.12147540984,33.918524590164
2013-06-18,1651.81,1606.8593442623,44.9506557377049
2013-06-19,1628.93,1608.04032786885,20.8896721311476
2013-06-20,1588.19,1608.63868852459,-20.4486885245901
2013-06-21,1592.43,1609.10852459016,-16.6785245901638
2013-06-24,1573.09,1609.27639344262,-36.1863934426231
2013-06-25,1588.03,1609.58524590164,-21.5552459016394
2013-06-26,1603.26,1610.25885245902,-6.99885245901646
2013-06-27,1613.2,1610.96295081967,2.23704918032786
2013-06-28,1606.28,1611.82508196721,-5.54508196721304
2013-07-01,1614.96,1612.72639344262,2.23360655737702
2013-07-02,1614.08,1613.7231147541,0.356885245901594
2013-07-03,1615.41,1614.58114754098,0.828852459016389
2013-07-05,1631.89,1615.61852459016,16.2714754098361
2013-07-08,1640.46,1616.48295081967,23.9770491803279
2013-07-09,1652.32,1617.4493442623,34.870655737705
2013-07-10,1652.62,1618.49475409836,34.1252459016393
2013-07-11,1675.02,1620.50557377049,54.5144262295082
2013-07-12,1680.19,1622.23704918033,57.9529508196722
2013-07-15,1682.5,1624.3762295082,58.1237704918033
2013-07-16,1676.26,1626.58360655738,49.6763934426228
2013-07-17,1680.91,1628.64360655738,52.266393442623
2013-07-18,1689.37,1630.72344262295,58.646557377049
2013-07-19,1692.09,1632.58098360656,59.5090163934426
2013-07-22,1695.53,1634.49475409836,61.0352459016394
2013-07-23,1692.39,1636.25262295082,56.1373770491805
2013-07-24,1685.94,1637.95262295082,47.9873770491804
2013-07-25,1690.25,1639.5368852459,50.7131147540983
2013-07-26,1691.65,1641.07918032787,50.5708196721312
2013-07-29,1685.33,1642.76163934426,42.5683606557377
2013-07-30,1685.96,1644.21032786885,41.7496721311475
2013-07-31,1685.72,1645.37918032787,40.3408196721311
2013-08-01,1706.87,1646.84426229508,60.0257377049179
2013-08-02,1709.67,1648.21655737705,61.4534426229509
2013-08-05,1707.14,1649.43704918033,57.7029508196722
2013-08-06,1697.37,1650.59606557377,46.7739344262293
2013-08-07,1690.91,1651.53393442623,39.3760655737706
2013-08-08,1697.48,1652.57836065574,44.9016393442623
2013-08-09,1691.42,1653.25180327869,38.1681967213115
2013-08-12,1689.47,1653.75491803279,35.7150819672131
2013-08-13,1694.16,1654.47114754098,39.6888524590165
2013-08-14,1685.39,1654.76491803279,30.6250819672132
2013-08-15,1661.32,1654.68344262295,6.63655737704903
2013-08-16,1655.83,1654.46491803279,1.36508196721297
2013-08-19,1646.06,1654.31262295082,-8.25262295081984
2013-08-20,1652.35,1654.34278688525,-1.992786885246
2013-08-21,1642.8,1654.23131147541,-11.43131147541
2013-08-22,1656.96,1654.18049180328,2.77950819672128
2013-08-23,1663.5,1654.42868852459,9.07131147540986
2013-08-26,1656.78,1654.46754098361,2.3124590163934
2013-08-27,1630.48,1654.46327868852,-23.9832786885245
2013-08-28,1634.96,1654.3737704918,-19.4137704918032
2013-08-29,1638.17,1654.48508196721,-16.315081967213
2013-08-30,1632.97,1654.87967213115,-21.9096721311475
2013-09-03,1639.77,1655.16180327869,-15.3918032786885
2013-09-04,1653.08,1655.32081967213,-2.24081967213124
2013-09-05,1655.08,1655.52196721311,-0.441967213114822
2013-09-06,1655.17,1655.99803278689,-0.82803278688516
2013-09-09,1671.71,1656.96836065574,14.7416393442622
2013-09-10,1683.99,1657.74918032787,26.2408196721312
2013-09-11,1689.13,1658.77213114754,30.3578688524592
2013-09-12,1683.42,1659.49967213115,23.9203278688526
2013-09-13,1687.99,1660.09278688525,27.8972131147541
2013-09-16,1697.6,1661.21852459016,36.381475409836
2013-09-17,1704.76,1663.12950819672,41.6304918032786
2013-09-18,1725.52,1665.31131147541,60.2086885245901
2013-09-19,1722.34,1667.75803278689,54.5819672131147
2013-09-20,1709.91,1669.75606557377,40.1539344262296
2013-09-23,1701.84,1671.37213114754,30.4678688524589
2013-09-24,1697.42,1672.75278688525,24.6672131147541
2013-09-25,1692.77,1674.1706557377,18.5993442622951
2013-09-26,1698.67,1675.54295081967,23.127049180328
2013-09-27,1691.75,1676.8162295082,14.9337704918032
2013-09-30,1681.55,1677.90049180328,3.64950819672117
2013-10-01,1695,1678.93508196721,16.0649180327869
2013-10-02,1693.87,1679.8106557377,14.0593442622949
2013-10-03,1678.66,1680.24245901639,-1.58245901639339
2013-10-04,1690.5,1680.86344262295,9.63655737704926
2013-10-07,1676.12,1680.88147540984,-4.76147540983607
2013-10-08,1655.45,1680.47590163934,-25.0259016393443
2013-10-09,1656.4,1680.04803278689,-23.6480327868851
2013-10-10,1692.56,1680.31524590164,12.2447540983605
2013-10-11,1703.2,1680.6806557377,22.5193442622951
2013-10-14,1710.14,1681.02114754098,29.1188524590166
2013-10-15,1698.06,1681.11901639344,16.9409836065572
2013-10-16,1721.54,1681.54540983607,39.9945901639344
2013-10-17,1733.15,1682.21360655738,50.9363934426231
2013-10-18,1744.5,1683.17360655738,61.3263934426229
2013-10-21,1744.66,1684.06557377049,60.5944262295084
2013-10-22,1754.67,1685.09868852459,69.5713114754099
2013-10-23,1746.38,1686.09950819672,60.2804918032789
2013-10-24,1752.07,1687.18327868852,64.8867213114754
2013-10-25,1759.77,1688.39721311475,71.3727868852459
2013-10-28,1762.11,1689.30278688525,72.807213114754
2013-10-29,1771.95,1690.3237704918,81.6262295081967
2013-10-30,1763.31,1691.24459016393,72.0654098360656
2013-10-31,1756.54,1692.21459016393,64.3254098360655
2013-11-01,1761.64,1693.37409836066,68.2659016393443
2013-11-04,1767.93,1694.52901639344,73.4009836065575
2013-11-05,1762.97,1695.70196721311,67.2680327868852
2013-11-06,1770.49,1697.03016393443,73.4598360655739
2013-11-07,1747.15,1697.89885245902,49.2511475409838
2013-11-08,1770.61,1699.29590163934,71.3140983606556
2013-11-11,1771.89,1701.10852459016,70.781475409836
2013-11-12,1767.69,1702.94229508197,64.7477049180329
2013-11-13,1782,1705.17081967213,76.8291803278689
2013-11-14,1790.62,1707.43754098361,83.1824590163933
2013-11-15,1798.18,1709.98475409836,88.1952459016395
2013-11-18,1791.53,1712.19081967213,79.3391803278689
2013-11-19,1787.87,1714.22967213115,73.6403278688524
2013-11-20,1781.37,1716.27213114754,65.097868852459
2013-11-21,1795.85,1718.9831147541,76.8668852459016
2013-11-22,1804.76,1721.76672131148,82.9932786885245
2013-11-25,1802.48,1724.46032786885,78.0196721311474
2013-11-26,1802.75,1727.24360655738,75.506393442623
2013-11-27,1807.23,1729.98885245902,77.2411475409835
2013-11-29,1805.81,1732.49262295082,73.3173770491803
2013-12-02,1800.9,1734.8831147541,66.0168852459017
2013-12-03,1795.15,1737.17786885246,57.9721311475412
2013-12-04,1792.81,1739.1631147541,53.6468852459016
2013-12-05,1785.03,1740.81950819672,44.2104918032787
2013-12-06,1805.09,1742.72049180328,62.3695081967212
2013-12-09,1808.37,1744.76885245902,63.6011475409834
2013-12-10,1802.62,1746.64803278689,55.9719672131146
2013-12-11,1782.22,1748.03524590164,34.1847540983606
2013-12-12,1775.5,1749.19491803279,26.305081967213
2013-12-13,1775.32,1750.01131147541,25.30868852459
2013-12-16,1786.54,1751.0637704918,35.4762295081966
2013-12-17,1781,1752.22918032787,28.7708196721312
2013-12-18,1810.65,1754.01295081967,56.637049180328
2013-12-19,1809.6,1755.85196721311,53.7480327868852
2013-12-20,1818.32,1757.91016393443,60.4098360655737
2013-12-23,1827.99,1760.03016393443,67.9598360655739
2013-12-24,1833.32,1762.35098360656,70.9690163934426
2013-12-26,1842.02,1764.98163934426,77.0383606557377
2013-12-27,1841.4,1767.38163934426,74.0183606557378
2013-12-30,1841.07,1769.79475409836,71.2752459016392
2013-12-31,1848.36,1772.57672131148,75.7832786885244
2014-01-02,1831.98,1774.89606557377,57.0839344262295
2014-01-03,1831.37,1777.44114754098,53.9288524590163
2014-01-06,1826.77,1780.24967213115,46.5203278688525
2014-01-07,1837.88,1783.22475409836,54.6552459016395
2014-01-08,1837.49,1785.6006557377,51.889344262295
2014-01-09,1838.13,1787.81262295082,50.3173770491805
2014-01-10,1842.37,1789.98032786885,52.3896721311473
2014-01-13,1819.2,1791.9662295082,27.2337704918034
2014-01-14,1838.88,1793.88983606557,44.9901639344264
2014-01-15,1848.38,1795.77885245902,52.6011475409837
2014-01-16,1845.89,1797.44098360656,48.4490163934427
2014-01-17,1838.7,1798.98262295082,39.7173770491804
2014-01-21,1843.8,1800.4437704918,43.3562295081967
2014-01-22,1844.86,1802.05819672131,42.8018032786883
2014-01-23,1828.46,1803.31049180328,25.1495081967214
2014-01-24,1790.29,1803.81081967213,-13.5208196721312
2014-01-27,1781.56,1804.12967213115,-22.5696721311476
2014-01-28,1792.5,1804.46655737705,-11.9665573770492
2014-01-29,1774.2,1804.64508196721,-30.4450819672131
2014-01-30,1794.19,1805.26229508197,-11.0722950819672
2014-01-31,1782.59,1805.60573770492,-23.0157377049181
2014-02-03,1741.89,1805.17885245902,-63.2888524590162
2014-02-04,1755.2,1805.05147540984,-49.851475409836
2014-02-05,1751.64,1804.74245901639,-53.1024590163934
2014-02-06,1773.43,1805.17327868852,-31.7432786885245
2014-02-07,1797.02,1805.6062295082,-8.58622950819677
2014-02-10,1799.84,1806.06442622951,-6.22442622950825
2014-02-11,1819.75,1806.91786885246,12.8321311475411
2014-02-12,1819.26,1807.52868852459,11.7313114754099
2014-02-13,1829.83,1808.17147540984,21.6585245901638
2014-02-14,1838.63,1808.83459016393,29.7954098360658
2014-02-18,1840.76,1809.64163934426,31.1183606557377
2014-02-19,1828.75,1810.31180327869,18.4381967213114
2014-02-20,1839.78,1811.2693442623,28.5106557377048
2014-02-21,1836.25,1811.93163934426,24.3183606557377
2014-02-24,1847.61,1812.63409836066,34.9759016393441
2014-02-25,1845.12,1813.3331147541,31.7868852459014
2014-02-26,1845.16,1814.02836065574,31.1316393442623
2014-02-27,1854.29,1814.79983606557,39.4901639344262
2014-02-28,1859.45,1815.67918032787,43.7708196721312
2014-03-03,1845.73,1816.41409836066,29.3159016393442
2014-03-04,1873.91,1817.70524590164,56.2047540983608
2014-03-05,1873.81,1819.0331147541,54.7768852459017
2014-03-06,1877.03,1820.54131147541,56.4886885245901
2014-03-07,1878.04,1821.73721311475,56.302786885246
2014-03-10,1877.17,1822.86508196721,54.3049180327869
2014-03-11,1867.63,1823.93081967213,43.699180327869
2014-03-12,1868.2,1825.34032786885,42.8596721311476
2014-03-13,1846.34,1826.50163934426,19.8383606557377
2014-03-14,1841.13,1827.58049180328,13.5495081967215
2014-03-17,1858.83,1828.76557377049,30.0644262295082
2014-03-18,1872.25,1830.26147540984,41.9885245901639
2014-03-19,1860.77,1831.0831147541,29.6868852459015
2014-03-20,1872.01,1832.1062295082,39.9037704918032
2014-03-21,1866.52,1832.89639344262,33.6236065573771
2014-03-24,1857.44,1833.37918032787,24.0608196721312
2014-03-25,1865.62,1833.90868852459,31.7113114754097
2014-03-26,1852.56,1834.08147540984,18.4785245901639
2014-03-27,1849.04,1834.20672131148,14.8332786885246
2014-03-28,1857.62,1834.47803278689,23.1419672131146
2014-03-31,1872.34,1834.87114754098,37.4688524590163
2014-04-01,1885.52,1835.74885245902,49.7711475409835
2014-04-02,1890.9,1836.72475409836,54.1752459016395
2014-04-03,1888.77,1837.74114754098,51.0288524590164
2014-04-04,1865.09,1838.18721311475,26.9027868852459
2014-04-07,1845.04,1838.31098360656,6.72901639344263
2014-04-08,1851.96,1838.53770491803,13.4222950819671
2014-04-09,1872.18,1839.02639344262,33.1536065573771
2014-04-10,1833.08,1839.25393442623,-6.17393442622961
2014-04-11,1815.69,1838.8737704918,-23.1837704918032
2014-04-14,1830.61,1838.58245901639,-7.97245901639349
2014-04-15,1842.98,1838.53475409836,4.44524590163928
2014-04-16,1862.31,1838.92180327869,23.3881967213115
2014-04-17,1864.85,1839.2668852459,25.5831147540982
2014-04-21,1871.89,1839.71,32.1800000000001
2014-04-22,1879.55,1840.54754098361,39.0024590163935
2014-04-23,1875.39,1841.94262295082,33.4473770491804
2014-04-24,1878.61,1843.53360655738,35.0763934426229
2014-04-25,1863.4,1844.69590163934,18.7040983606557
2014-04-28,1869.43,1846.25704918033,23.1729508196722
2014-04-29,1878.33,1847.63639344262,30.693606557377
2014-04-30,1883.95,1849.29803278689,34.6519672131149
2014-05-01,1883.68,1851.62245901639,32.0575409836067
2014-05-02,1881.14,1853.68704918033,27.4529508196722
2014-05-05,1884.66,1855.86770491803,28.7922950819673
2014-05-06,1867.72,1857.41344262295,10.3065573770491
2014-05-07,1878.21,1858.74442622951,19.4655737704918
2014-05-08,1875.63,1859.9868852459,15.6431147540984
2014-05-09,1878.48,1860.94967213115,17.5303278688525
2014-05-12,1896.65,1862.21836065574,34.4316393442623
2014-05-13,1897.45,1863.3268852459,34.1231147540984
2014-05-14,1888.53,1864.14491803279,24.3850819672132
2014-05-15,1870.85,1864.63819672131,6.21180327868842
2014-05-16,1877.86,1865.44327868852,12.4167213114754
2014-05-19,1885.08,1866.18590163934,18.8940983606556
2014-05-20,1872.83,1866.78557377049,6.04442622950819
2014-05-21,1888.03,1867.44819672131,20.5818032786885
2014-05-22,1892.49,1868.22475409836,24.2652459016394
2014-05-23,1900.53,1869.13245901639,31.3975409836066
2014-05-27,1911.91,1870.07704918033,41.8329508196723
2014-05-28,1909.78,1870.90213114754,38.877868852459
2014-05-29,1920.03,1872.12016393443,47.9098360655737
2014-05-30,1923.57,1872.93426229508,50.635737704918
2014-06-02,1924.97,1873.77295081967,51.1970491803279
2014-06-03,1924.24,1874.5468852459,49.6931147540984
2014-06-04,1927.88,1875.36393442623,52.5160655737707
2014-06-05,1940.46,1876.40147540984,64.0585245901639
2014-06-06,1949.44,1877.74262295082,71.6973770491804
2014-06-09,1951.27,1879.10442622951,72.1655737704918
2014-06-10,1950.79,1880.81672131148,69.9732786885245
2014-06-11,1943.89,1882.50131147541,61.3886885245902
2014-06-12,1930.11,1883.66983606557,46.4401639344262
2014-06-13,1936.16,1884.71754098361,51.4424590163935
2014-06-16,1937.78,1885.98,51.8
2014-06-17,1941.99,1887.12721311475,54.8627868852459
2014-06-18,1956.98,1888.61016393443,68.3698360655737
2014-06-19,1959.48,1890.28295081967,69.1970491803279
2014-06-20,1962.87,1891.87721311475,70.9927868852458
2014-06-23,1962.61,1893.68131147541,68.9286885245901
2014-06-24,1949.98,1895.33606557377,54.6439344262296
2014-06-25,1959.53,1897.00672131148,62.5232786885247
2014-06-26,1957.22,1898.39819672131,58.8218032786885
2014-06-27,1960.96,1899.63491803279,61.3250819672132
2014-06-30,1960.23,1900.77147540984,59.458524590164
2014-07-01,1973.32,1902.15754098361,71.1624590163933
2014-07-02,1974.62,1903.9531147541,70.6668852459015
2014-07-03,1985.44,1906.25475409836,79.1852459016393
2014-07-07,1977.65,1908.31524590164,69.3347540983607
2014-07-08,1963.71,1909.81573770492,53.8942622950819
2014-07-09,1972.83,1912.10672131148,60.7232786885245
2014-07-10,1964.68,1914.54918032787,50.1308196721311
2014-07-11,1967.57,1916.79442622951,50.7755737704917
2014-07-14,1977.1,1918.9931147541,58.1068852459016
2014-07-15,1973.28,1920.81229508197,52.4677049180327
2014-07-16,1981.57,1922.72573770492,58.844262295082
2014-07-17,1958.12,1924.1393442623,33.9806557377049
2014-07-18,1978.22,1925.7568852459,52.4631147540983
2014-07-21,1973.63,1927.36737704918,46.2626229508198
2014-07-22,1983.53,1929.08737704918,54.4426229508197
2014-07-23,1987.01,1931.1137704918,55.8962295081967
2014-07-24,1987.98,1933.05721311475,54.9227868852458
2014-07-25,1978.34,1934.69672131148,43.6432786885246
2014-07-28,1978.91,1936.25344262295,42.6565573770492
2014-07-29,1969.95,1937.66770491803,32.2822950819673
2014-07-30,1970.07,1939.12557377049,30.9444262295081
2014-07-31,1930.67,1939.87983606557,-9.20983606557365
2014-08-01,1925.15,1940.82131147541,-15.6713114754098
2014-08-04,1938.99,1941.81770491803,-2.82770491803285
2014-08-05,1920.21,1942.54852459016,-22.3385245901638
2014-08-06,1920.24,1943.2331147541,-22.9931147540983
2014-08-07,1909.57,1943.44491803279,-33.874918032787
2014-08-08,1931.59,1944.00459016393,-12.4145901639345
2014-08-11,1936.92,1944.79786885246,-7.87786885245896
2014-08-12,1933.75,1945.82901639344,-12.0790163934425
2014-08-13,1946.72,1946.95786885246,-0.237868852459087
2014-08-14,1955.18,1948.10704918033,7.07295081967209
2014-08-15,1955.06,1949.45508196721,5.60491803278683
2014-08-18,1971.74,1950.82737704918,20.9126229508197
2014-08-19,1981.6,1952.28819672131,29.3118032786883
2014-08-20,1986.51,1953.69770491803,32.8122950819672
2014-08-21,1992.37,1955.01672131148,37.3532786885246
2014-08-22,1988.4,1956.30557377049,32.0944262295084
2014-08-25,1997.92,1957.58245901639,40.3375409836067
2014-08-26,2000.02,1958.83573770492,41.1842622950819
2014-08-27,2000.12,1960.06770491803,40.052295081967
2014-08-28,1996.74,1961.2562295082,35.4837704918034
2014-08-29,2003.37,1962.4937704918,40.8762295081967
2014-09-02,2002.28,1963.50721311475,38.772786885246
2014-09-03,2000.72,1964.34786885246,36.372131147541
2014-09-04,1997.65,1965.10819672131,32.5418032786886
2014-09-05,2007.71,1966.04131147541,41.6686885245902
2014-09-08,2001.54,1966.98639344262,34.553606557377
2014-09-09,1988.44,1967.94262295082,20.4973770491804
2014-09-10,1995.69,1968.91852459016,26.7714754098361
2014-09-11,1997.45,1969.89672131148,27.5532786885246
2014-09-12,1985.54,1970.6106557377,14.929344262295
2014-09-15,1984.13,1971.05573770492,13.074262295082
2014-09-16,1998.98,1971.70327868852,27.2767213114755
2014-09-17,2001.57,1972.33770491803,29.2322950819671
2014-09-18,2011.36,1973.1368852459,38.2231147540983
2014-09-19,2010.4,1974.12737704918,36.2726229508198
2014-09-22,1994.29,1974.69721311475,19.5927868852459
2014-09-23,1982.77,1975.11606557377,7.6539344262294
2014-09-24,1998.3,1975.72819672131,22.5718032786885
2014-09-25,1965.99,1975.82262295082,-9.83262295081977
2014-09-26,1982.85,1975.97885245902,6.87114754098343
2014-09-29,1977.8,1976.03098360656,1.7690163934426
2014-09-30,1972.29,1975.81540983607,-3.52540983606559
2014-10-01,1946.16,1975.29918032787,-29.1391803278689
2014-10-02,1946.17,1975.01163934426,-28.8416393442621
2014-10-03,1967.9,1974.93081967213,-7.03081967213097
2014-10-06,1964.82,1974.9331147541,-10.1131147540984
2014-10-07,1935.1,1974.40081967213,-39.3008196721312
2014-10-08,1968.89,1974.2662295082,-5.37622950819673
2014-10-09,1928.21,1973.52737704918,-45.3173770491803
2014-10-10,1906.13,1972.2906557377,-66.1606557377047
2014-10-13,1874.74,1970.9237704918,-96.1837704918032
2014-10-14,1877.7,1969.27590163934,-91.5759016393442
2014-10-15,1862.49,1967.45393442623,-104.96393442623
2014-10-16,1862.76,1965.47409836066,-102.714098360656
2014-10-17,1886.76,1963.8306557377,-77.070655737705
2014-10-20,1904.01,1962.45409836066,-58.4440983606557
2014-10-21,1941.28,1961.84655737705,-20.5665573770493
2014-10-22,1927.11,1960.99737704918,-33.8873770491805
2014-10-23,1950.82,1960.6837704918,-9.86377049180328
2014-10-24,1964.58,1960.5937704918,3.98622950819663
2014-10-27,1961.63,1961.10131147541,0.52868852459028
2014-10-28,1985.05,1962.08327868852,22.9667213114753
2014-10-29,1982.3,1962.79327868852,19.5067213114753
2014-10-30,1994.65,1964.01360655738,30.6363934426231
2014-10-31,2018.05,1965.61704918033,52.432950819672
2014-11-03,2017.81,1967.39147540984,50.4185245901638
2014-11-04,2012.1,1968.71131147541,43.3886885245902
2014-11-05,2023.57,1970.13180327869,53.4381967213114
2014-11-06,2031.21,1971.72950819672,59.4804918032787
2014-11-07,2031.92,1973.1262295082,58.7937704918033
2014-11-10,2038.26,1974.48819672131,63.7718032786886
2014-11-11,2039.68,1975.87540983607,63.8045901639346
2014-11-12,2038.25,1976.96573770492,61.284262295082
2014-11-13,2039.33,1977.91213114754,61.4178688524589
2014-11-14,2039.82,1978.78606557377,61.0339344262295
2014-11-17,2041.32,1979.58852459016,61.7314754098361
2014-11-18,2051.8,1980.62786885246,71.1721311475412
2014-11-19,2048.72,1981.4606557377,67.2593442622949
2014-11-20,2052.75,1982.32508196721,70.424918032787
2014-11-21,2063.5,1983.36409836066,80.1359016393442
2014-11-24,2069.41,1984.55540983607,84.8545901639343
2014-11-25,2067.03,1985.59901639344,81.4309836065577
2014-11-26,2072.83,1986.75557377049,86.0744262295082
2014-11-28,2067.56,1987.85131147541,79.7086885245901
2014-12-01,2053.44,1988.76590163934,64.6740983606558
2014-12-02,2066.55,1989.73049180328,76.8195081967215
2014-12-03,2074.33,1990.9237704918,83.4062295081967
2014-12-04,2071.92,1992.29229508197,79.6277049180328
2014-12-05,2075.37,1993.59852459016,81.7714754098361
2014-12-08,2060.31,1994.62901639344,65.6809836065572
2014-12-09,2059.82,1995.84672131148,63.9732786885247
2014-12-10,2026.14,1996.53540983607,29.6045901639345
2014-12-11,2035.33,1997.13131147541,38.1986885245901
2014-12-12,2002.33,1997.1437704918,5.18622950819667
